2025-08-30T05:44:10.766Z - log: [Package] menu@1.0.0 enable
2025-08-30T05:44:10.767Z - log: [Package] profile@1.0.0 enable
2025-08-30T05:44:10.773Z - log: [Package] project@1.0.2 enable
2025-08-30T05:44:10.776Z - log: [Package] messages@1.0.0 enable
2025-08-30T05:44:10.779Z - log: [Package] program@1.0.0 enable
2025-08-30T05:44:10.784Z - log: [Package] tester@1.0.0 enable
2025-08-30T05:44:10.787Z - log: [Package] preferences@1.0.0 enable
2025-08-30T05:44:13.564Z - log: Profile changed: engine (modules.includeModules: 2d,3d,animation,audio,base,dragon-bones,gfx-webgl,gfx-webgl2,intersection-2d,particle-2d,physics-2d-builtin,primitive,profiler,spine,tween,ui)
2025-08-30T05:44:13.570Z - log: [Package] engine@1.0.6 enable
2025-08-30T05:44:14.492Z - log: [Package] programming@1.0.0 enable
2025-08-30T05:44:14.546Z - warn: 
2025-08-30T05:44:14.572Z - warn: 
2025-08-30T05:44:14.856Z - log: [Package] device@1.0.1 enable
2025-08-30T05:44:14.890Z - log: [Package] ui-kit@1.0.1 enable
2025-08-30T05:44:14.911Z - log: [Package] engine-extends@1.0.0 enable
2025-08-30T05:44:14.972Z - log: [Package] asset-db@1.0.0 enable
2025-08-30T05:44:14.973Z - warn: 
2025-08-30T05:44:15.006Z - log: [Package] scene@1.0.0 enable
2025-08-30T05:44:15.152Z - log: [Package] server@1.0.0 enable
2025-08-30T05:44:15.182Z - log: [Package] utils@1.0.0 enable
2025-08-30T05:44:15.811Z - warn: Browserslist: caniuse-lite is outdated. Please run:
npx browserslist@latest --update-db

Why you should do it regularly:
https://github.com/browserslist/browserslist#browsers-data-updating
2025-08-30T05:44:18.183Z - warn: 
2025-08-30T05:44:18.184Z - warn: 
2025-08-30T05:44:18.184Z - warn: 
2025-08-30T05:44:18.294Z - warn: 
2025-08-30T05:44:18.294Z - warn: 
2025-08-30T05:44:18.294Z - warn: 
2025-08-30T05:44:19.518Z - warn: 
2025-08-30T05:44:19.581Z - log: [Package] preview@1.0.1 enable
2025-08-30T05:44:19.610Z - log: [Package] animator@1.0.0 enable
2025-08-30T05:44:19.646Z - log: pluginManager init: 0.11ms
2025-08-30T05:44:19.602Z - warn: [Programming] Browserslist: caniuse-lite is outdated. Please run:
  npx update-browserslist-db@latest
  Why you should do it regularly: https://github.com/browserslist/update-db#readme[Programming] Browserslist: caniuse-lite is outdated. Please run:
  npx update-browserslist-db@latest
  Why you should do it regularly: https://github.com/browserslist/update-db#readme  
at Logger.record (C:\ProgramData\cocos\editors\Creator\3.6.0\resources\app.asar\node_modules\@base\electron-logger\lib\renderer.ccc:1:458)  
at console.warn (C:\ProgramData\cocos\editors\Creator\3.6.0\resources\app.asar\node_modules\@base\electron-logger\lib\renderer.ccc:1:1260)  
at Object.oldDataWarning (C:\ProgramData\cocos\editors\Creator\3.6.0\resources\app.asar\node_modules\@cocos\creator-programming-mod-lo\node_modules\browserslist\node.js:386:15)  
at browserslist (C:\ProgramData\cocos\editors\Creator\3.6.0\resources\app.asar\node_modules\@cocos\creator-programming-mod-lo\node_modules\browserslist\index.js:394:7)  
at resolveTargets (C:\ProgramData\cocos\editors\Creator\3.6.0\resources\app.asar\node_modules\@cocos\creator-programming-mod-lo\node_modules\@babel\helper-compilation-targets\lib\index.js:165:20)  
at getTargets (C:\ProgramData\cocos\editors\Creator\3.6.0\resources\app.asar\node_modules\@cocos\creator-programming-mod-lo\node_modules\@babel\helper-compilation-targets\lib\index.js:210:27)  
at getLocalTargets (C:\ProgramData\cocos\editors\Creator\3.6.0\resources\app.asar\node_modules\@cocos\creator-programming-mod-lo\node_modules\@babel\preset-env\lib\index.js:227:48)  
at C:\ProgramData\cocos\editors\Creator\3.6.0\resources\app.asar\node_modules\@cocos\creator-programming-mod-lo\node_modules\@babel\preset-env\lib\index.js:288:15
2025-08-30T05:44:20.575Z - log: [Package] builder@1.3.3 enable
2025-08-30T05:44:20.605Z - log: [Package] shortcuts@1.0.1 enable
2025-08-30T05:44:20.633Z - log: [Package] animation-graph@1.0.0 enable
2025-08-30T05:44:20.667Z - log: [Package] about@1.0.0 enable
2025-08-30T05:44:20.694Z - log: [Package] assets@1.0.0 enable
2025-08-30T05:44:20.721Z - log: [Package] console@1.0.0 enable
2025-08-30T05:44:20.876Z - log: [Package] extension@3.0.16 enable
2025-08-30T05:44:20.906Z - log: [Package] hierarchy@1.0.0 enable
2025-08-30T05:44:20.933Z - log: [Package] inspector@1.0.0 enable
2025-08-30T05:44:20.961Z - log: [Package] lightmap@1.0.4 enable
2025-08-30T05:44:21.398Z - log: [Package] localization-editor@1.0.0 enable
2025-08-30T05:44:21.403Z - log: [Build-plugin] register pkg localization-editor: 3.712ms
2025-08-30T05:44:21.407Z - warn: 
2025-08-30T05:44:21.407Z - warn: 
2025-08-30T05:44:21.408Z - warn: 
2025-08-30T05:44:21.431Z - log: [Package] node-library@1.0.1 enable
2025-08-30T05:44:21.453Z - log: [Package] package-asset@1.0.0 enable
2025-08-30T05:44:21.479Z - log: [Package] process@1.0.0 enable
2025-08-30T05:44:21.507Z - log: [Package] reference-image@1.0.0 enable
2025-08-30T05:44:21.530Z - log: [Package] alipay-mini-game@1.0.1 enable
2025-08-30T05:44:21.534Z - log: [Build-plugin] register pkg alipay-mini-game: 3.372ms
2025-08-30T05:44:21.557Z - log: [Package] android@1.0.1 enable
2025-08-30T05:44:21.564Z - log: [Build-plugin] register pkg android: 6.695ms
2025-08-30T05:44:21.593Z - log: [Package] baidu-mini-game@1.0.1 enable
2025-08-30T05:44:21.594Z - log: [Build-plugin] register pkg baidu-mini-game: 1.068ms
2025-08-30T05:44:21.661Z - log: [Package] bytedance-mini-game@1.0.2 enable
2025-08-30T05:44:21.663Z - log: [Build-plugin] register pkg bytedance-mini-game: 2.315ms
2025-08-30T05:44:21.688Z - log: [Package] certificate@1.0.0 enable
2025-08-30T05:44:21.710Z - log: [Package] channel-upload-tools@1.0.0 enable
2025-08-30T05:44:21.734Z - log: [Package] cocos-play@1.0.1 enable
2025-08-30T05:44:21.739Z - log: [Build-plugin] register pkg cocos-play: 4.891ms
2025-08-30T05:44:21.765Z - log: [Package] huawei-agc@1.0.0 enable
2025-08-30T05:44:21.768Z - log: [Build-plugin] register pkg huawei-agc: 3.168ms
2025-08-30T05:44:21.796Z - log: [Package] huawei-quick-game@1.0.1 enable
2025-08-30T05:44:21.800Z - log: [Build-plugin] register pkg huawei-quick-game: 4.326ms
2025-08-30T05:44:21.830Z - log: [Package] ios@1.0.0 enable
2025-08-30T05:44:21.833Z - log: [Build-plugin] register pkg ios: 3.058ms
2025-08-30T05:44:21.859Z - log: [Package] linux@1.0.0 enable
2025-08-30T05:44:21.860Z - log: [Build-plugin] register pkg linux: 0.691ms
2025-08-30T05:44:21.892Z - log: [Package] mac@1.0.0 enable
2025-08-30T05:44:21.896Z - log: [Build-plugin] register pkg mac: 3.676ms
2025-08-30T05:44:21.991Z - log: [Package] native@1.0.2 enable
2025-08-30T05:44:21.994Z - log: [Build-plugin] register pkg native: 2.869ms
2025-08-30T05:44:22.018Z - log: [Package] ohos@1.0.0 enable
2025-08-30T05:44:22.021Z - log: [Build-plugin] register pkg ohos: 2.806ms
2025-08-30T05:44:22.049Z - log: [Package] open-harmonyos@1.0.0 enable
2025-08-30T05:44:22.050Z - log: [Build-plugin] register pkg open-harmonyos: 0.965ms
2025-08-30T05:44:22.080Z - log: [Package] oppo-mini-game@1.0.1 enable
2025-08-30T05:44:22.084Z - log: [Build-plugin] register pkg oppo-mini-game: 3.509ms
2025-08-30T05:44:22.112Z - log: [Package] runtime-dev-tools@1.0.0 enable
2025-08-30T05:44:22.142Z - log: [Package] vivo-mini-game@1.0.1 enable
2025-08-30T05:44:22.146Z - log: [Build-plugin] register pkg vivo-mini-game: 3.196ms
2025-08-30T05:44:22.189Z - log: [Package] web-desktop@1.0.1 enable
2025-08-30T05:44:22.193Z - log: [Build-plugin] register pkg web-desktop: 2.828ms
2025-08-30T05:44:22.224Z - log: [Package] web-mobile@1.0.1 enable
2025-08-30T05:44:22.227Z - log: [Build-plugin] register pkg web-mobile: 2.879ms
2025-08-30T05:44:22.256Z - log: [Package] wechatgame@1.0.2 enable
2025-08-30T05:44:22.260Z - log: [Build-plugin] register pkg wechatgame: 3.917ms
2025-08-30T05:44:22.282Z - log: [Package] windows@1.0.1 enable
2025-08-30T05:44:22.285Z - log: [Build-plugin] register pkg windows: 2.7ms
2025-08-30T05:44:22.307Z - log: [Package] xiaomi-quick-game@1.0.1 enable
2025-08-30T05:44:22.311Z - log: [Build-plugin] register pkg xiaomi-quick-game: 3.396ms
2025-08-30T05:44:22.538Z - log: [Package] cocos-service@3.0.4 enable
2025-08-30T05:44:22.541Z - log: [Build-plugin] register pkg cocos-service: 1.42ms
2025-08-30T05:44:22.568Z - log: [Package] importer@1.0.0 enable
2025-08-30T05:44:22.782Z - log: [Im-plugin] Check im-plugin version.
2025-08-30T05:44:22.785Z - log: [Package] im-plugin@3.0.9 enable
2025-08-30T05:44:22.820Z - log: [Package] atlas-clipper@1.0.6 enable
2025-08-30T05:44:22.822Z - log: [Build-plugin] register pkg atlas-clipper: 1.474ms
2025-08-30T05:44:23.572Z - log: [Im-plugin] No online info of im-plugin.
2025-08-30T05:44:25.479Z - log: [Scene] Please specifiy a default value for "cc.EditorExtendable.__editorExtras__" property at its declaration:

 
// Before:
@property(...)
myProp;
// After:
@property(...)
myProp = 0;
2025-08-30T05:44:25.494Z - log: [Scene] Please specifiy a default value for "CCPropertyOverrideInfo.value" property at its declaration:

 
// Before:
@property(...)
myProp;
// After:
@property(...)
myProp = 0;
2025-08-30T05:44:25.495Z - log: [Scene] Please specifiy a default value for "cc.PrefabInfo.asset" property at its declaration:

 
// Before:
@property(...)
myProp;
// After:
@property(...)
myProp = 0;
2025-08-30T05:44:25.495Z - log: [Scene] Please specifiy a default value for "cc.PrefabInfo.nestedPrefabInstanceRoots" property at its declaration:

 
// Before:
@property(...)
myProp;
// After:
@property(...)
myProp = 0;
2025-08-30T05:44:25.497Z - log: [Scene] The 'default' attribute of 'ColorDesc.beginAccesses' must be an array
2025-08-30T05:44:25.497Z - log: [Scene] The 'default' attribute of 'ColorDesc.endAccesses' must be an array
2025-08-30T05:44:25.506Z - log: [Scene] Please specifiy a default value for "cc.animation.TrackBinding.proxy" property at its declaration:

 
// Before:
@property(...)
myProp;
// After:
@property(...)
myProp = 0;
2025-08-30T05:44:25.506Z - log: [Scene] Please specifiy a default value for "cc.animation.Channel._curve" property at its declaration:

 
// Before:
@property(...)
myProp;
// After:
@property(...)
myProp = 0;
2025-08-30T05:44:25.506Z - log: [Scene] Please specifiy a default value for "cc.animation.SingleChannelTrack._channel" property at its declaration:

 
// Before:
@property(...)
myProp;
// After:
@property(...)
myProp = 0;
2025-08-30T05:44:25.507Z - log: [Scene] Please specifiy a default value for "cc.animation.VectorTrack._channels" property at its declaration:

 
// Before:
@property(...)
myProp;
// After:
@property(...)
myProp = 0;
2025-08-30T05:44:25.507Z - log: [Scene] Please specifiy a default value for "cc.animation.ColorTrack._channels" property at its declaration:

 
// Before:
@property(...)
myProp;
// After:
@property(...)
myProp = 0;
2025-08-30T05:44:25.507Z - log: [Scene] Please specifiy a default value for "cc.animation.SizeTrack._channels" property at its declaration:

 
// Before:
@property(...)
myProp;
// After:
@property(...)
myProp = 0;
2025-08-30T05:44:25.507Z - log: [Scene] Please specifiy a default value for "cc.animation.Transition.from" property at its declaration:

 
// Before:
@property(...)
myProp;
// After:
@property(...)
myProp = 0;
2025-08-30T05:44:25.508Z - log: [Scene] Please specifiy a default value for "cc.animation.Transition.to" property at its declaration:

 
// Before:
@property(...)
myProp;
// After:
@property(...)
myProp = 0;
2025-08-30T05:44:25.508Z - log: [Scene] Please specifiy a default value for "cc.animation.StateMachine._entryState" property at its declaration:

 
// Before:
@property(...)
myProp;
// After:
@property(...)
myProp = 0;
2025-08-30T05:44:25.508Z - log: [Scene] Please specifiy a default value for "cc.animation.StateMachine._exitState" property at its declaration:

 
// Before:
@property(...)
myProp;
// After:
@property(...)
myProp = 0;
2025-08-30T05:44:25.508Z - log: [Scene] Please specifiy a default value for "cc.animation.StateMachine._anyState" property at its declaration:

 
// Before:
@property(...)
myProp;
// After:
@property(...)
myProp = 0;
2025-08-30T05:44:25.508Z - log: [Scene] Please specifiy a default value for "cc.animation.Layer._stateMachine" property at its declaration:

 
// Before:
@property(...)
myProp;
// After:
@property(...)
myProp = 0;
2025-08-30T05:44:25.509Z - log: [Scene] Please specifiy a default value for "cc.animation.ExoticVectorLikeTrackValues._values" property at its declaration:

 
// Before:
@property(...)
myProp;
// After:
@property(...)
myProp = 0;
2025-08-30T05:44:25.509Z - log: [Scene] Please specifiy a default value for "cc.animation.ExoticVectorLikeTrackValues._isQuantized" property at its declaration:

 
// Before:
@property(...)
myProp;
// After:
@property(...)
myProp = 0;
2025-08-30T05:44:25.509Z - log: [Scene] Please specifiy a default value for "cc.animation.ExoticTrack.times" property at its declaration:

 
// Before:
@property(...)
myProp;
// After:
@property(...)
myProp = 0;
2025-08-30T05:44:25.509Z - log: [Scene] Please specifiy a default value for "cc.animation.ExoticTrack.values" property at its declaration:

 
// Before:
@property(...)
myProp;
// After:
@property(...)
myProp = 0;
2025-08-30T05:44:25.509Z - log: [Scene] Please specifiy a default value for "cc.animation.QuantizedFloatArray.originalPrecision" property at its declaration:

 
// Before:
@property(...)
myProp;
// After:
@property(...)
myProp = 0;
2025-08-30T05:44:25.509Z - log: [Scene] Please specifiy a default value for "cc.animation.QuantizedFloatArray.min" property at its declaration:

 
// Before:
@property(...)
myProp;
// After:
@property(...)
myProp = 0;
2025-08-30T05:44:25.509Z - log: [Scene] Please specifiy a default value for "cc.animation.QuantizedFloatArray.extent" property at its declaration:

 
// Before:
@property(...)
myProp;
// After:
@property(...)
myProp = 0;
2025-08-30T05:44:25.509Z - log: [Scene] Please specifiy a default value for "cc.animation.QuantizedFloatArray.values" property at its declaration:

 
// Before:
@property(...)
myProp;
// After:
@property(...)
myProp = 0;
2025-08-30T05:44:25.537Z - log: [Scene] 'cc.ParticleSystem2D.color' hides inherited property 'cc.UIRenderer.color'. To make the current property override that implementation, add the `override: true` attribute please.
2025-08-30T05:44:25.569Z - log: [Scene] No needs to indicate the 'cc.Boolean' attribute for "cc.Terrain._receiveShadow", which its default value is type of Boolean.
2025-08-30T05:44:25.569Z - log: [Scene] No needs to indicate the 'cc.Boolean' attribute for "cc.Terrain._useNormalmap", which its default value is type of Boolean.
2025-08-30T05:44:25.569Z - log: [Scene] No needs to indicate the 'cc.Boolean' attribute for "cc.Terrain._usePBR", which its default value is type of Boolean.
2025-08-30T05:44:25.569Z - log: [Scene] No needs to indicate the 'cc.Boolean' attribute for "cc.Terrain._lodEnable", which its default value is type of Boolean.
2025-08-30T05:44:25.637Z - info: [Scene] [Physics][Bullet]: Using asmjs Bullet libs.
2025-08-30T05:44:25.644Z - info: [Scene] [PHYSICS]: using builtin.
2025-08-30T05:44:25.723Z - log: [Scene] Cocos Creator v3.6.0
2025-08-30T05:44:25.723Z - info: [Scene] Forward render pipeline initialized.
2025-08-30T05:44:26.318Z - error: [Scene] {hidden(::SceneExecutorImportExceptionHandler::)} ReferenceError: protobuf is not defined
    at factory (file:///D:/xuhang/guan_dan/temp/programming/packer-driver/targets/editor/chunks/8a/file:/D:/xuhang/guan_dan/assets/scripts/proto/gameMsg.js:5335:5)
    at CjsLoader._load (file:///D:/xuhang/guan_dan/temp/programming/packer-driver/targets/editor/chunks/e2/cce:/internal/ml/cjs-loader.mjs:78:9)
    at CjsLoader._tryModuleLoad (file:///D:/xuhang/guan_dan/temp/programming/packer-driver/targets/editor/chunks/e2/cce:/internal/ml/cjs-loader.mjs:63:18)
    at CjsLoader._require (file:///D:/xuhang/guan_dan/temp/programming/packer-driver/targets/editor/chunks/e2/cce:/internal/ml/cjs-loader.mjs:42:14)
    at CjsLoader.require (file:///D:/xuhang/guan_dan/temp/programming/packer-driver/targets/editor/chunks/e2/cce:/internal/ml/cjs-loader.mjs:27:21)
    at Object.execute (file:///D:/xuhang/guan_dan/temp/programming/packer-driver/targets/editor/chunks/ee/file:/D:/xuhang/guan_dan/assets/scripts/proto/gameMsg.mjs?cjs=&original=.js:7:8)
    at doExec (C:\ProgramData\cocos\editors\Creator\3.6.0\resources\app.asar\node_modules\@editor\lib-programming\static\executor\systemjs-bridge\out\index.js:517:30)
    at postOrderExec (C:\ProgramData\cocos\editors\Creator\3.6.0\resources\app.asar\node_modules\@editor\lib-programming\static\executor\systemjs-bridge\out\index.js:508:21)
    at C:\ProgramData\cocos\editors\Creator\3.6.0\resources\app.asar\node_modules\@editor\lib-programming\static\executor\systemjs-bridge\out\index.js:440:12
    at file:///D:/xuhang/guan_dan/temp/programming/packer-driver/targets/editor/chunks/04/cce:/internal/x/prerequisite-imports:8:13Error: [Scene] {hidden(::SceneExecutorImportExceptionHandler::)} ReferenceError: protobuf is not defined
    at CjsLoader._require (file:///D:/xuhang/guan_dan/temp/programming/packer-driver/targets/editor/chunks/e2/cce:/internal/ml/cjs-loader.mjs:42:14)
    at CjsLoader.require (file:///D:/xuhang/guan_dan/temp/programming/packer-driver/targets/editor/chunks/e2/cce:/internal/ml/cjs-loader.mjs:27:21)
    at Object.execute (file:///D:/xuhang/guan_dan/temp/programming/packer-driver/targets/editor/chunks/ee/file:/D:/xuhang/guan_dan/assets/scripts/proto/gameMsg.mjs?cjs=&original=.js:7:8)
    at doExec (C:\ProgramData\cocos\editors\Creator\3.6.0\resources\app.asar\node_modules\@editor\lib-programming\static\executor\systemjs-bridge\out\index.js:517:30)
    at postOrderExec (C:\ProgramData\cocos\editors\Creator\3.6.0\resources\app.asar\node_modules\@editor\lib-programming\static\executor\systemjs-bridge\out\index.js:508:21)
    at C:\ProgramData\cocos\editors\Creator\3.6.0\resources\app.asar\node_modules\@editor\lib-programming\static\executor\systemjs-bridge\out\index.js:440:12
    at file:///D:/xuhang/guan_dan/temp/programming/packer-driver/targets/editor/chunks/04/cce:/internal/x/prerequisite-imports:8:13
    at Logger._logHandler (C:\ProgramData\cocos\editors\Creator\3.6.0\resources\app.asar\builtin\scene\dist\script\3d\manager\startup\log.ccc:1:318)
    at Logger.record (C:\ProgramData\cocos\editors\Creator\3.6.0\resources\app.asar\node_modules\@base\electron-logger\lib\renderer.ccc:1:458)
    at console.error (C:\ProgramData\cocos\editors\Creator\3.6.0\resources\app.asar\node_modules\@base\electron-logger\lib\renderer.ccc:1:1414)
    at ScriptManager._handleImportException (C:\ProgramData\cocos\editors\Creator\3.6.0\resources\app.asar\builtin\scene\dist\script\3d\manager\scripts.ccc:1:5825)
    at Executor.importExceptionHandler [as _importExceptionHandler] (C:\ProgramData\cocos\editors\Creator\3.6.0\resources\app.asar\builtin\scene\dist\script\3d\manager\scripts.ccc:1:3509)
    at Executor._onModuleLoaded (C:\ProgramData\cocos\editors\Creator\3.6.0\resources\app.asar\node_modules\@editor\lib-programming\src\executor\index.ts:312:22)
    at SystemJS.onload (C:\ProgramData\cocos\editors\Creator\3.6.0\resources\app.asar\node_modules\@editor\lib-programming\src\executor\index.ts:73:18)
    at triggerOnload (C:\ProgramData\cocos\editors\Creator\3.6.0\resources\app.asar\node_modules\@editor\lib-programming\static\executor\systemjs-bridge\out\index.js:270:10)
    at doExec (C:\ProgramData\cocos\editors\Creator\3.6.0\resources\app.asar\node_modules\@editor\lib-programming\static\executor\systemjs-bridge\out\index.js:538:7)
    at postOrderExec (C:\ProgramData\cocos\editors\Creator\3.6.0\resources\app.asar\node_modules\@editor\lib-programming\static\executor\systemjs-bridge\out\index.js:508:21)
2025-08-30T05:44:37.737Z - info: [Window] Download the Vue Devtools extension for a better development experience:
https://github.com/vuejs/vue-devtools
2025-08-30T05:44:37.737Z - info: [Window] You are running Vue in development mode.
Make sure to turn on production mode when deploying for production.
See more tips at https://vuejs.org/guide/deployment.html
2025-08-30T05:44:54.740Z - warn: [Build] protobuf is not definedReferenceError: protobuf is not defined
    at factory (file:///D:/xuhang/guan_dan/temp/programming/packer-driver/targets/editor/chunks/8a/file:/D:/xuhang/guan_dan/assets/scripts/proto/gameMsg.js:5335:5)
    at CjsLoader._load (file:///D:/xuhang/guan_dan/temp/programming/packer-driver/targets/editor/chunks/e2/cce:/internal/ml/cjs-loader.mjs:78:9)
    at CjsLoader._tryModuleLoad (file:///D:/xuhang/guan_dan/temp/programming/packer-driver/targets/editor/chunks/e2/cce:/internal/ml/cjs-loader.mjs:63:18)
    at CjsLoader._require (file:///D:/xuhang/guan_dan/temp/programming/packer-driver/targets/editor/chunks/e2/cce:/internal/ml/cjs-loader.mjs:42:14)
    at CjsLoader.require (file:///D:/xuhang/guan_dan/temp/programming/packer-driver/targets/editor/chunks/e2/cce:/internal/ml/cjs-loader.mjs:27:21)
    at Object.execute (file:///D:/xuhang/guan_dan/temp/programming/packer-driver/targets/editor/chunks/ee/file:/D:/xuhang/guan_dan/assets/scripts/proto/gameMsg.mjs?cjs=&original=.js:7:8)
    at doExec (C:\ProgramData\cocos\editors\Creator\3.6.0\resources\app.asar\node_modules\@editor\lib-programming\static\executor\systemjs-bridge\out\index.js:517:30)
    at postOrderExec (C:\ProgramData\cocos\editors\Creator\3.6.0\resources\app.asar\node_modules\@editor\lib-programming\static\executor\systemjs-bridge\out\index.js:508:21)
    at C:\ProgramData\cocos\editors\Creator\3.6.0\resources\app.asar\node_modules\@editor\lib-programming\static\executor\systemjs-bridge\out\index.js:440:12
    at file:///D:/xuhang/guan_dan/temp/programming/packer-driver/targets/editor/chunks/04/cce:/internal/x/prerequisite-imports:8:13
2025-08-30T05:44:55.427Z - warn: [Build] The SpriteFrame used by component "cc.Sprite" is missing. Detailed information:
Node path: "Canvas/nodeCenter/btnCleanOut"
Missing uuid: "f0d80fb8-d3d4-4723-ade7-20ba9e7ffd56@f9941"
[Build] The SpriteFrame used by component "cc.Sprite" is missing. Detailed information:
Node path: "Canvas/nodeCenter/btnCleanOut"
Missing uuid: "f0d80fb8-d3d4-4723-ade7-20ba9e7ffd56@f9941"
  
at Logger._logHandler (C:\ProgramData\cocos\editors\Creator\3.6.0\resources\app.asar\node_modules\@base\electron-worker\static\script.ccc:1:531)  
at Logger.record (C:\ProgramData\cocos\editors\Creator\3.6.0\resources\app.asar\node_modules\@base\electron-logger\lib\renderer.ccc:1:458)  
at Object.warn (C:\ProgramData\cocos\editors\Creator\3.6.0\resources\app.asar\node_modules\@base\electron-logger\lib\renderer.ccc:1:1260)  
at NewConsole.warn (C:\ProgramData\cocos\editors\Creator\3.6.0\resources\app.asar\builtin\builder\dist\worker\console.ccc:1:1306)  
at MissingObjectReporter.doReport (C:\ProgramData\cocos\editors\Creator\3.6.0\resources\app.asar\builtin\engine\dist\editor-extends\missing-reporter\missing-object-reporter.ccc:1:1304)  
at C:\ProgramData\cocos\editors\Creator\3.6.0\resources\app.asar\builtin\engine\dist\editor-extends\missing-reporter\missing-object-reporter.ccc:1:2190  
at ObjectWalkerBehavior.walk (C:\ProgramData\cocos\editors\Creator\3.6.0\resources\app.asar\builtin\engine\dist\editor-extends\missing-reporter\object-walker.ccc:1:2365)  
at ObjectWalkerBehavior.parseCCClass (C:\ProgramData\cocos\editors\Creator\3.6.0\resources\app.asar\builtin\engine\dist\editor-extends\missing-reporter\object-walker.ccc:1:650)  
at ObjectWalkerBehavior.parseObject (C:\ProgramData\cocos\editors\Creator\3.6.0\resources\app.asar\builtin\engine\dist\editor-extends\missing-reporter\object-walker.ccc:1:460)
2025-08-30T05:44:55.428Z - warn: [Build] The SpriteFrame used by component "cc.Button" is missing. Detailed information:
Node path: "Canvas/nodeCenter/btnCleanOut"
Missing uuid: "f0d80fb8-d3d4-4723-ade7-20ba9e7ffd56@f9941"
[Build] The SpriteFrame used by component "cc.Button" is missing. Detailed information:
Node path: "Canvas/nodeCenter/btnCleanOut"
Missing uuid: "f0d80fb8-d3d4-4723-ade7-20ba9e7ffd56@f9941"
  
at Logger._logHandler (C:\ProgramData\cocos\editors\Creator\3.6.0\resources\app.asar\node_modules\@base\electron-worker\static\script.ccc:1:531)  
at Logger.record (C:\ProgramData\cocos\editors\Creator\3.6.0\resources\app.asar\node_modules\@base\electron-logger\lib\renderer.ccc:1:458)  
at Object.warn (C:\ProgramData\cocos\editors\Creator\3.6.0\resources\app.asar\node_modules\@base\electron-logger\lib\renderer.ccc:1:1260)  
at NewConsole.warn (C:\ProgramData\cocos\editors\Creator\3.6.0\resources\app.asar\builtin\builder\dist\worker\console.ccc:1:1306)  
at MissingObjectReporter.doReport (C:\ProgramData\cocos\editors\Creator\3.6.0\resources\app.asar\builtin\engine\dist\editor-extends\missing-reporter\missing-object-reporter.ccc:1:1304)  
at C:\ProgramData\cocos\editors\Creator\3.6.0\resources\app.asar\builtin\engine\dist\editor-extends\missing-reporter\missing-object-reporter.ccc:1:2190  
at ObjectWalkerBehavior.walk (C:\ProgramData\cocos\editors\Creator\3.6.0\resources\app.asar\builtin\engine\dist\editor-extends\missing-reporter\object-walker.ccc:1:2365)  
at ObjectWalkerBehavior.parseCCClass (C:\ProgramData\cocos\editors\Creator\3.6.0\resources\app.asar\builtin\engine\dist\editor-extends\missing-reporter\object-walker.ccc:1:650)  
at ObjectWalkerBehavior.parseObject (C:\ProgramData\cocos\editors\Creator\3.6.0\resources\app.asar\builtin\engine\dist\editor-extends\missing-reporter\object-walker.ccc:1:460)
2025-08-30T05:44:55.458Z - warn: [Build] The SpriteFrame used by component "cc.Sprite" is missing. Detailed information:
Node path: "Canvas/nodeBottom"
Missing uuid: "a85f8c78-4576-48c4-bead-f844201d7dd2@f9941"
[Build] The SpriteFrame used by component "cc.Sprite" is missing. Detailed information:
Node path: "Canvas/nodeBottom"
Missing uuid: "a85f8c78-4576-48c4-bead-f844201d7dd2@f9941"
  
at Logger._logHandler (C:\ProgramData\cocos\editors\Creator\3.6.0\resources\app.asar\node_modules\@base\electron-worker\static\script.ccc:1:531)  
at Logger.record (C:\ProgramData\cocos\editors\Creator\3.6.0\resources\app.asar\node_modules\@base\electron-logger\lib\renderer.ccc:1:458)  
at Object.warn (C:\ProgramData\cocos\editors\Creator\3.6.0\resources\app.asar\node_modules\@base\electron-logger\lib\renderer.ccc:1:1260)  
at NewConsole.warn (C:\ProgramData\cocos\editors\Creator\3.6.0\resources\app.asar\builtin\builder\dist\worker\console.ccc:1:1306)  
at MissingObjectReporter.doReport (C:\ProgramData\cocos\editors\Creator\3.6.0\resources\app.asar\builtin\engine\dist\editor-extends\missing-reporter\missing-object-reporter.ccc:1:1304)  
at C:\ProgramData\cocos\editors\Creator\3.6.0\resources\app.asar\builtin\engine\dist\editor-extends\missing-reporter\missing-object-reporter.ccc:1:2190  
at ObjectWalkerBehavior.walk (C:\ProgramData\cocos\editors\Creator\3.6.0\resources\app.asar\builtin\engine\dist\editor-extends\missing-reporter\object-walker.ccc:1:2365)  
at ObjectWalkerBehavior.parseCCClass (C:\ProgramData\cocos\editors\Creator\3.6.0\resources\app.asar\builtin\engine\dist\editor-extends\missing-reporter\object-walker.ccc:1:650)  
at ObjectWalkerBehavior.parseObject (C:\ProgramData\cocos\editors\Creator\3.6.0\resources\app.asar\builtin\engine\dist\editor-extends\missing-reporter\object-walker.ccc:1:460)
2025-08-30T05:44:55.460Z - warn: [Build] The SpriteAtlas used by component "cc.Sprite" is missing. Detailed information:
Node path: "Canvas/nodeTop/btnBack"
Missing uuid: "54d24d99-428f-49ed-ae73-d6bf6be983b1"
[Build] The SpriteAtlas used by component "cc.Sprite" is missing. Detailed information:
Node path: "Canvas/nodeTop/btnBack"
Missing uuid: "54d24d99-428f-49ed-ae73-d6bf6be983b1"
  
at Logger._logHandler (C:\ProgramData\cocos\editors\Creator\3.6.0\resources\app.asar\node_modules\@base\electron-worker\static\script.ccc:1:531)  
at Logger.record (C:\ProgramData\cocos\editors\Creator\3.6.0\resources\app.asar\node_modules\@base\electron-logger\lib\renderer.ccc:1:458)  
at Object.warn (C:\ProgramData\cocos\editors\Creator\3.6.0\resources\app.asar\node_modules\@base\electron-logger\lib\renderer.ccc:1:1260)  
at NewConsole.warn (C:\ProgramData\cocos\editors\Creator\3.6.0\resources\app.asar\builtin\builder\dist\worker\console.ccc:1:1306)  
at MissingObjectReporter.doReport (C:\ProgramData\cocos\editors\Creator\3.6.0\resources\app.asar\builtin\engine\dist\editor-extends\missing-reporter\missing-object-reporter.ccc:1:1304)  
at C:\ProgramData\cocos\editors\Creator\3.6.0\resources\app.asar\builtin\engine\dist\editor-extends\missing-reporter\missing-object-reporter.ccc:1:2190  
at ObjectWalkerBehavior.walk (C:\ProgramData\cocos\editors\Creator\3.6.0\resources\app.asar\builtin\engine\dist\editor-extends\missing-reporter\object-walker.ccc:1:2365)  
at ObjectWalkerBehavior.parseCCClass (C:\ProgramData\cocos\editors\Creator\3.6.0\resources\app.asar\builtin\engine\dist\editor-extends\missing-reporter\object-walker.ccc:1:650)  
at ObjectWalkerBehavior.parseObject (C:\ProgramData\cocos\editors\Creator\3.6.0\resources\app.asar\builtin\engine\dist\editor-extends\missing-reporter\object-walker.ccc:1:460)
2025-08-30T05:44:55.460Z - warn: [Build] The SpriteAtlas used by component "cc.Sprite" is missing. Detailed information:
Node path: "Canvas/nodeTop/btnSet"
Missing uuid: "54d24d99-428f-49ed-ae73-d6bf6be983b1"
[Build] The SpriteAtlas used by component "cc.Sprite" is missing. Detailed information:
Node path: "Canvas/nodeTop/btnSet"
Missing uuid: "54d24d99-428f-49ed-ae73-d6bf6be983b1"
  
at Logger._logHandler (C:\ProgramData\cocos\editors\Creator\3.6.0\resources\app.asar\node_modules\@base\electron-worker\static\script.ccc:1:531)  
at Logger.record (C:\ProgramData\cocos\editors\Creator\3.6.0\resources\app.asar\node_modules\@base\electron-logger\lib\renderer.ccc:1:458)  
at Object.warn (C:\ProgramData\cocos\editors\Creator\3.6.0\resources\app.asar\node_modules\@base\electron-logger\lib\renderer.ccc:1:1260)  
at NewConsole.warn (C:\ProgramData\cocos\editors\Creator\3.6.0\resources\app.asar\builtin\builder\dist\worker\console.ccc:1:1306)  
at MissingObjectReporter.doReport (C:\ProgramData\cocos\editors\Creator\3.6.0\resources\app.asar\builtin\engine\dist\editor-extends\missing-reporter\missing-object-reporter.ccc:1:1304)  
at C:\ProgramData\cocos\editors\Creator\3.6.0\resources\app.asar\builtin\engine\dist\editor-extends\missing-reporter\missing-object-reporter.ccc:1:2190  
at ObjectWalkerBehavior.walk (C:\ProgramData\cocos\editors\Creator\3.6.0\resources\app.asar\builtin\engine\dist\editor-extends\missing-reporter\object-walker.ccc:1:2365)  
at ObjectWalkerBehavior.parseCCClass (C:\ProgramData\cocos\editors\Creator\3.6.0\resources\app.asar\builtin\engine\dist\editor-extends\missing-reporter\object-walker.ccc:1:650)  
at ObjectWalkerBehavior.parseObject (C:\ProgramData\cocos\editors\Creator\3.6.0\resources\app.asar\builtin\engine\dist\editor-extends\missing-reporter\object-walker.ccc:1:460)
2025-08-30T05:44:55.461Z - warn: [Build] The SpriteAtlas used by component "cc.Sprite" is missing. Detailed information:
Node path: "Canvas/nodeTop/btnRule"
Missing uuid: "54d24d99-428f-49ed-ae73-d6bf6be983b1"
[Build] The SpriteAtlas used by component "cc.Sprite" is missing. Detailed information:
Node path: "Canvas/nodeTop/btnRule"
Missing uuid: "54d24d99-428f-49ed-ae73-d6bf6be983b1"
  
at Logger._logHandler (C:\ProgramData\cocos\editors\Creator\3.6.0\resources\app.asar\node_modules\@base\electron-worker\static\script.ccc:1:531)  
at Logger.record (C:\ProgramData\cocos\editors\Creator\3.6.0\resources\app.asar\node_modules\@base\electron-logger\lib\renderer.ccc:1:458)  
at Object.warn (C:\ProgramData\cocos\editors\Creator\3.6.0\resources\app.asar\node_modules\@base\electron-logger\lib\renderer.ccc:1:1260)  
at NewConsole.warn (C:\ProgramData\cocos\editors\Creator\3.6.0\resources\app.asar\builtin\builder\dist\worker\console.ccc:1:1306)  
at MissingObjectReporter.doReport (C:\ProgramData\cocos\editors\Creator\3.6.0\resources\app.asar\builtin\engine\dist\editor-extends\missing-reporter\missing-object-reporter.ccc:1:1304)  
at C:\ProgramData\cocos\editors\Creator\3.6.0\resources\app.asar\builtin\engine\dist\editor-extends\missing-reporter\missing-object-reporter.ccc:1:2190  
at ObjectWalkerBehavior.walk (C:\ProgramData\cocos\editors\Creator\3.6.0\resources\app.asar\builtin\engine\dist\editor-extends\missing-reporter\object-walker.ccc:1:2365)  
at ObjectWalkerBehavior.parseCCClass (C:\ProgramData\cocos\editors\Creator\3.6.0\resources\app.asar\builtin\engine\dist\editor-extends\missing-reporter\object-walker.ccc:1:650)  
at ObjectWalkerBehavior.parseObject (C:\ProgramData\cocos\editors\Creator\3.6.0\resources\app.asar\builtin\engine\dist\editor-extends\missing-reporter\object-walker.ccc:1:460)
2025-08-30T05:44:58.658Z - warn: [Build] The SpriteFrame used by component "cc.Sprite" is missing. Detailed information:
Node path: "Canvas/nodeCenter/btnCleanOut"
Missing uuid: "f0d80fb8-d3d4-4723-ade7-20ba9e7ffd56@f9941"
[Build] The SpriteFrame used by component "cc.Sprite" is missing. Detailed information:
Node path: "Canvas/nodeCenter/btnCleanOut"
Missing uuid: "f0d80fb8-d3d4-4723-ade7-20ba9e7ffd56@f9941"
  
at Logger._logHandler (C:\ProgramData\cocos\editors\Creator\3.6.0\resources\app.asar\node_modules\@base\electron-worker\static\script.ccc:1:531)  
at Logger.record (C:\ProgramData\cocos\editors\Creator\3.6.0\resources\app.asar\node_modules\@base\electron-logger\lib\renderer.ccc:1:458)  
at Object.warn (C:\ProgramData\cocos\editors\Creator\3.6.0\resources\app.asar\node_modules\@base\electron-logger\lib\renderer.ccc:1:1260)  
at NewConsole.warn (C:\ProgramData\cocos\editors\Creator\3.6.0\resources\app.asar\builtin\builder\dist\worker\console.ccc:1:1306)  
at MissingObjectReporter.doReport (C:\ProgramData\cocos\editors\Creator\3.6.0\resources\app.asar\builtin\engine\dist\editor-extends\missing-reporter\missing-object-reporter.ccc:1:1304)  
at C:\ProgramData\cocos\editors\Creator\3.6.0\resources\app.asar\builtin\engine\dist\editor-extends\missing-reporter\missing-object-reporter.ccc:1:2190  
at ObjectWalkerBehavior.walk (C:\ProgramData\cocos\editors\Creator\3.6.0\resources\app.asar\builtin\engine\dist\editor-extends\missing-reporter\object-walker.ccc:1:2365)  
at ObjectWalkerBehavior.parseCCClass (C:\ProgramData\cocos\editors\Creator\3.6.0\resources\app.asar\builtin\engine\dist\editor-extends\missing-reporter\object-walker.ccc:1:650)  
at ObjectWalkerBehavior.parseObject (C:\ProgramData\cocos\editors\Creator\3.6.0\resources\app.asar\builtin\engine\dist\editor-extends\missing-reporter\object-walker.ccc:1:460)
2025-08-30T05:44:58.659Z - warn: [Build] The SpriteFrame used by component "cc.Button" is missing. Detailed information:
Node path: "Canvas/nodeCenter/btnCleanOut"
Missing uuid: "f0d80fb8-d3d4-4723-ade7-20ba9e7ffd56@f9941"
[Build] The SpriteFrame used by component "cc.Button" is missing. Detailed information:
Node path: "Canvas/nodeCenter/btnCleanOut"
Missing uuid: "f0d80fb8-d3d4-4723-ade7-20ba9e7ffd56@f9941"
  
at Logger._logHandler (C:\ProgramData\cocos\editors\Creator\3.6.0\resources\app.asar\node_modules\@base\electron-worker\static\script.ccc:1:531)  
at Logger.record (C:\ProgramData\cocos\editors\Creator\3.6.0\resources\app.asar\node_modules\@base\electron-logger\lib\renderer.ccc:1:458)  
at Object.warn (C:\ProgramData\cocos\editors\Creator\3.6.0\resources\app.asar\node_modules\@base\electron-logger\lib\renderer.ccc:1:1260)  
at NewConsole.warn (C:\ProgramData\cocos\editors\Creator\3.6.0\resources\app.asar\builtin\builder\dist\worker\console.ccc:1:1306)  
at MissingObjectReporter.doReport (C:\ProgramData\cocos\editors\Creator\3.6.0\resources\app.asar\builtin\engine\dist\editor-extends\missing-reporter\missing-object-reporter.ccc:1:1304)  
at C:\ProgramData\cocos\editors\Creator\3.6.0\resources\app.asar\builtin\engine\dist\editor-extends\missing-reporter\missing-object-reporter.ccc:1:2190  
at ObjectWalkerBehavior.walk (C:\ProgramData\cocos\editors\Creator\3.6.0\resources\app.asar\builtin\engine\dist\editor-extends\missing-reporter\object-walker.ccc:1:2365)  
at ObjectWalkerBehavior.parseCCClass (C:\ProgramData\cocos\editors\Creator\3.6.0\resources\app.asar\builtin\engine\dist\editor-extends\missing-reporter\object-walker.ccc:1:650)  
at ObjectWalkerBehavior.parseObject (C:\ProgramData\cocos\editors\Creator\3.6.0\resources\app.asar\builtin\engine\dist\editor-extends\missing-reporter\object-walker.ccc:1:460)
2025-08-30T05:44:58.713Z - warn: [Build] The SpriteFrame used by component "cc.Sprite" is missing. Detailed information:
Node path: "Canvas/nodeBottom"
Missing uuid: "a85f8c78-4576-48c4-bead-f844201d7dd2@f9941"
[Build] The SpriteFrame used by component "cc.Sprite" is missing. Detailed information:
Node path: "Canvas/nodeBottom"
Missing uuid: "a85f8c78-4576-48c4-bead-f844201d7dd2@f9941"
  
at Logger._logHandler (C:\ProgramData\cocos\editors\Creator\3.6.0\resources\app.asar\node_modules\@base\electron-worker\static\script.ccc:1:531)  
at Logger.record (C:\ProgramData\cocos\editors\Creator\3.6.0\resources\app.asar\node_modules\@base\electron-logger\lib\renderer.ccc:1:458)  
at Object.warn (C:\ProgramData\cocos\editors\Creator\3.6.0\resources\app.asar\node_modules\@base\electron-logger\lib\renderer.ccc:1:1260)  
at NewConsole.warn (C:\ProgramData\cocos\editors\Creator\3.6.0\resources\app.asar\builtin\builder\dist\worker\console.ccc:1:1306)  
at MissingObjectReporter.doReport (C:\ProgramData\cocos\editors\Creator\3.6.0\resources\app.asar\builtin\engine\dist\editor-extends\missing-reporter\missing-object-reporter.ccc:1:1304)  
at C:\ProgramData\cocos\editors\Creator\3.6.0\resources\app.asar\builtin\engine\dist\editor-extends\missing-reporter\missing-object-reporter.ccc:1:2190  
at ObjectWalkerBehavior.walk (C:\ProgramData\cocos\editors\Creator\3.6.0\resources\app.asar\builtin\engine\dist\editor-extends\missing-reporter\object-walker.ccc:1:2365)  
at ObjectWalkerBehavior.parseCCClass (C:\ProgramData\cocos\editors\Creator\3.6.0\resources\app.asar\builtin\engine\dist\editor-extends\missing-reporter\object-walker.ccc:1:650)  
at ObjectWalkerBehavior.parseObject (C:\ProgramData\cocos\editors\Creator\3.6.0\resources\app.asar\builtin\engine\dist\editor-extends\missing-reporter\object-walker.ccc:1:460)
2025-08-30T05:44:58.714Z - warn: [Build] The SpriteAtlas used by component "cc.Sprite" is missing. Detailed information:
Node path: "Canvas/nodeTop/btnBack"
Missing uuid: "54d24d99-428f-49ed-ae73-d6bf6be983b1"
[Build] The SpriteAtlas used by component "cc.Sprite" is missing. Detailed information:
Node path: "Canvas/nodeTop/btnBack"
Missing uuid: "54d24d99-428f-49ed-ae73-d6bf6be983b1"
  
at Logger._logHandler (C:\ProgramData\cocos\editors\Creator\3.6.0\resources\app.asar\node_modules\@base\electron-worker\static\script.ccc:1:531)  
at Logger.record (C:\ProgramData\cocos\editors\Creator\3.6.0\resources\app.asar\node_modules\@base\electron-logger\lib\renderer.ccc:1:458)  
at Object.warn (C:\ProgramData\cocos\editors\Creator\3.6.0\resources\app.asar\node_modules\@base\electron-logger\lib\renderer.ccc:1:1260)  
at NewConsole.warn (C:\ProgramData\cocos\editors\Creator\3.6.0\resources\app.asar\builtin\builder\dist\worker\console.ccc:1:1306)  
at MissingObjectReporter.doReport (C:\ProgramData\cocos\editors\Creator\3.6.0\resources\app.asar\builtin\engine\dist\editor-extends\missing-reporter\missing-object-reporter.ccc:1:1304)  
at C:\ProgramData\cocos\editors\Creator\3.6.0\resources\app.asar\builtin\engine\dist\editor-extends\missing-reporter\missing-object-reporter.ccc:1:2190  
at ObjectWalkerBehavior.walk (C:\ProgramData\cocos\editors\Creator\3.6.0\resources\app.asar\builtin\engine\dist\editor-extends\missing-reporter\object-walker.ccc:1:2365)  
at ObjectWalkerBehavior.parseCCClass (C:\ProgramData\cocos\editors\Creator\3.6.0\resources\app.asar\builtin\engine\dist\editor-extends\missing-reporter\object-walker.ccc:1:650)  
at ObjectWalkerBehavior.parseObject (C:\ProgramData\cocos\editors\Creator\3.6.0\resources\app.asar\builtin\engine\dist\editor-extends\missing-reporter\object-walker.ccc:1:460)
2025-08-30T05:44:58.714Z - warn: [Build] The SpriteAtlas used by component "cc.Sprite" is missing. Detailed information:
Node path: "Canvas/nodeTop/btnSet"
Missing uuid: "54d24d99-428f-49ed-ae73-d6bf6be983b1"
[Build] The SpriteAtlas used by component "cc.Sprite" is missing. Detailed information:
Node path: "Canvas/nodeTop/btnSet"
Missing uuid: "54d24d99-428f-49ed-ae73-d6bf6be983b1"
  
at Logger._logHandler (C:\ProgramData\cocos\editors\Creator\3.6.0\resources\app.asar\node_modules\@base\electron-worker\static\script.ccc:1:531)  
at Logger.record (C:\ProgramData\cocos\editors\Creator\3.6.0\resources\app.asar\node_modules\@base\electron-logger\lib\renderer.ccc:1:458)  
at Object.warn (C:\ProgramData\cocos\editors\Creator\3.6.0\resources\app.asar\node_modules\@base\electron-logger\lib\renderer.ccc:1:1260)  
at NewConsole.warn (C:\ProgramData\cocos\editors\Creator\3.6.0\resources\app.asar\builtin\builder\dist\worker\console.ccc:1:1306)  
at MissingObjectReporter.doReport (C:\ProgramData\cocos\editors\Creator\3.6.0\resources\app.asar\builtin\engine\dist\editor-extends\missing-reporter\missing-object-reporter.ccc:1:1304)  
at C:\ProgramData\cocos\editors\Creator\3.6.0\resources\app.asar\builtin\engine\dist\editor-extends\missing-reporter\missing-object-reporter.ccc:1:2190  
at ObjectWalkerBehavior.walk (C:\ProgramData\cocos\editors\Creator\3.6.0\resources\app.asar\builtin\engine\dist\editor-extends\missing-reporter\object-walker.ccc:1:2365)  
at ObjectWalkerBehavior.parseCCClass (C:\ProgramData\cocos\editors\Creator\3.6.0\resources\app.asar\builtin\engine\dist\editor-extends\missing-reporter\object-walker.ccc:1:650)  
at ObjectWalkerBehavior.parseObject (C:\ProgramData\cocos\editors\Creator\3.6.0\resources\app.asar\builtin\engine\dist\editor-extends\missing-reporter\object-walker.ccc:1:460)
2025-08-30T05:44:58.715Z - warn: [Build] The SpriteAtlas used by component "cc.Sprite" is missing. Detailed information:
Node path: "Canvas/nodeTop/btnRule"
Missing uuid: "54d24d99-428f-49ed-ae73-d6bf6be983b1"
[Build] The SpriteAtlas used by component "cc.Sprite" is missing. Detailed information:
Node path: "Canvas/nodeTop/btnRule"
Missing uuid: "54d24d99-428f-49ed-ae73-d6bf6be983b1"
  
at Logger._logHandler (C:\ProgramData\cocos\editors\Creator\3.6.0\resources\app.asar\node_modules\@base\electron-worker\static\script.ccc:1:531)  
at Logger.record (C:\ProgramData\cocos\editors\Creator\3.6.0\resources\app.asar\node_modules\@base\electron-logger\lib\renderer.ccc:1:458)  
at Object.warn (C:\ProgramData\cocos\editors\Creator\3.6.0\resources\app.asar\node_modules\@base\electron-logger\lib\renderer.ccc:1:1260)  
at NewConsole.warn (C:\ProgramData\cocos\editors\Creator\3.6.0\resources\app.asar\builtin\builder\dist\worker\console.ccc:1:1306)  
at MissingObjectReporter.doReport (C:\ProgramData\cocos\editors\Creator\3.6.0\resources\app.asar\builtin\engine\dist\editor-extends\missing-reporter\missing-object-reporter.ccc:1:1304)  
at C:\ProgramData\cocos\editors\Creator\3.6.0\resources\app.asar\builtin\engine\dist\editor-extends\missing-reporter\missing-object-reporter.ccc:1:2190  
at ObjectWalkerBehavior.walk (C:\ProgramData\cocos\editors\Creator\3.6.0\resources\app.asar\builtin\engine\dist\editor-extends\missing-reporter\object-walker.ccc:1:2365)  
at ObjectWalkerBehavior.parseCCClass (C:\ProgramData\cocos\editors\Creator\3.6.0\resources\app.asar\builtin\engine\dist\editor-extends\missing-reporter\object-walker.ccc:1:650)  
at ObjectWalkerBehavior.parseObject (C:\ProgramData\cocos\editors\Creator\3.6.0\resources\app.asar\builtin\engine\dist\editor-extends\missing-reporter\object-walker.ccc:1:460)
2025-08-30T05:44:58.767Z - warn: [Build] Browserslist: caniuse-lite is outdated. Please run:
npx browserslist@latest --update-db[Build] Browserslist: caniuse-lite is outdated. Please run:
npx browserslist@latest --update-db  
at Object.warn (C:\ProgramData\cocos\editors\Creator\3.6.0\resources\app.asar\node_modules\@base\electron-logger\lib\renderer.ccc:1:1260)  
at NewConsole.warn (C:\ProgramData\cocos\editors\Creator\3.6.0\resources\app.asar\builtin\builder\dist\worker\console.ccc:1:1306)  
at Object.oldDataWarning (C:\ProgramData\cocos\editors\Creator\3.6.0\resources\app.asar\node_modules\browserslist\node.js:351:15)  
at browserslist (C:\ProgramData\cocos\editors\Creator\3.6.0\resources\app.asar\node_modules\browserslist\index.js:431:7)  
at C:\ProgramData\cocos\editors\Creator\3.6.0\resources\app.asar\node_modules\core-js-compat\targets-parser.js:39:18  
at C:\ProgramData\cocos\editors\Creator\3.6.0\resources\app.asar\node_modules\core-js-compat\compat.js:28:25  
at Object.default (C:\ProgramData\cocos\editors\Creator\3.6.0\resources\app.asar\node_modules\core-js-builder\index.js:35:26)
2025-08-30T05:45:02.603Z - warn: [Build] [build-script]Browserslist: caniuse-lite is outdated. Please run:
  npx update-browserslist-db@latest
  Why you should do it regularly: https://github.com/browserslist/update-db#readme
[Build] [build-script]Browserslist: caniuse-lite is outdated. Please run:
  npx update-browserslist-db@latest
  Why you should do it regularly: https://github.com/browserslist/update-db#readme
  
at Logger._logHandler (C:\ProgramData\cocos\editors\Creator\3.6.0\resources\app.asar\node_modules\@base\electron-worker\static\script.ccc:1:531)  
at Logger.record (C:\ProgramData\cocos\editors\Creator\3.6.0\resources\app.asar\node_modules\@base\electron-logger\lib\renderer.ccc:1:458)  
at Object.warn (C:\ProgramData\cocos\editors\Creator\3.6.0\resources\app.asar\node_modules\@base\electron-logger\lib\renderer.ccc:1:1260)  
at NewConsole.warn (C:\ProgramData\cocos\editors\Creator\3.6.0\resources\app.asar\builtin\builder\dist\worker\console.ccc:1:1306)  
at Socket.<anonymous> (C:\ProgramData\cocos\editors\Creator\3.6.0\resources\app.asar\builtin\builder\dist\worker\worker-pools\sub-process-manager.ccc:1:2640)  
at Socket.emit (events.js:315:20)  
at addChunk (internal/streams/readable.js:309:12)  
at readableAddChunk (internal/streams/readable.js:284:9)  
at Socket.Readable.push (internal/streams/readable.js:223:10)
2025-08-30T05:45:05.961Z - warn: [Build] [build-script][[Build.Script.Rollup]] Circular dependency: file:///D:/xuhang/guan_dan/assets/scripts/manager/SoundManager.ts -> file:///D:/xuhang/guan_dan/assets/scripts/AppGlobal.ts -> file:///D:/xuhang/guan_dan/assets/scripts/common/utils.ts -> file:///D:/xuhang/guan_dan/assets/scripts/manager/SoundManager.ts
[warning][[Build.Script.Rollup]] Circular dependency: file:///D:/xuhang/guan_dan/assets/scripts/common/utils.ts -> file:///D:/xuhang/guan_dan/assets/scripts/manager/GlobalData.ts -> file:///D:/xuhang/guan_dan/assets/scripts/common/utils.ts
[warning][[Build.Script.Rollup]] Circular dependency: file:///D:/xuhang/guan_dan/assets/scripts/manager/GlobalData.ts -> file:///D:/xuhang/guan_dan/assets/scripts/component/raceAudition/RaceAuditionLineItem.ts -> file:///D:/xuhang/guan_dan/assets/scripts/manager/GlobalData.ts
[warning][[Build.Script.Rollup]] Circular dependency: file:///D:/xuhang/guan_dan/assets/scripts/manager/SoundManager.ts -> file:///D:/xuhang/guan_dan/assets/scripts/AppGlobal.ts -> file:///D:/xuhang/guan_dan/assets/scripts/common/utils.ts -> file:///D:/xuhang/guan_dan/assets/scripts/manager/GlobalData.ts -> file:///D:/xuhang/guan_dan/assets/scripts/component/raceAudition/RaceAuditionLineItem.ts -> file:///D:/xuhang/guan_dan/assets/scripts/manager/SoundManager.ts
[warning][[Build.Script.Rollup]] Circular dependency: file:///D:/xuhang/guan_dan/assets/scripts/common/utils.ts -> file:///D:/xuhang/guan_dan/assets/scripts/manager/GlobalData.ts -> file:///D:/xuhang/guan_dan/assets/scripts/component/raceAudition/RaceAuditionLineItem.ts -> file:///D:/xuhang/guan_dan/assets/scripts/common/utils.ts
[warning][[Build.Script.Rollup]] Circular dependency: file:///D:/xuhang/guan_dan/assets/scripts/manager/GlobalData.ts -> file:///D:/xuhang/guan_dan/assets/scripts/component/raceScore/RaceScoreLineItem.ts -> file:///D:/xuhang/guan_dan/assets/scripts/manager/GlobalData.ts
[warning][[Build.Script.Rollup]] Circular dependency: file:///D:/xuhang/guan_dan/assets/scripts/manager/SoundManager.ts -> file:///D:/xuhang/guan_dan/assets/scripts/AppGlobal.ts -> file:///D:/xuhang/guan_dan/assets/scripts/common/utils.ts -> file:///D:/xuhang/guan_dan/assets/scripts/manager/GlobalData.ts -> file:///D:/xuhang/guan_dan/assets/scripts/component/raceScore/RaceScoreLineItem.ts -> file:///D:/xuhang/guan_dan/assets/scripts/manager/SoundManager.ts
[warning][[Build.Script.Rollup]] Circular dependency: file:///D:/xuhang/guan_dan/assets/scripts/common/utils.ts -> file:///D:/xuhang/guan_dan/assets/scripts/manager/GlobalData.ts -> file:///D:/xuhang/guan_dan/assets/scripts/component/raceScore/RaceScoreLineItem.ts -> file:///D:/xuhang/guan_dan/assets/scripts/common/utils.ts
[Build] [build-script][[Build.Script.Rollup]] Circular dependency: file:///D:/xuhang/guan_dan/assets/scripts/manager/SoundManager.ts -> file:///D:/xuhang/guan_dan/assets/scripts/AppGlobal.ts -> file:///D:/xuhang/guan_dan/assets/scripts/common/utils.ts -> file:///D:/xuhang/guan_dan/assets/scripts/manager/SoundManager.ts
[warning][[Build.Script.Rollup]] Circular dependency: file:///D:/xuhang/guan_dan/assets/scripts/common/utils.ts -> file:///D:/xuhang/guan_dan/assets/scripts/manager/GlobalData.ts -> file:///D:/xuhang/guan_dan/assets/scripts/common/utils.ts
[warning][[Build.Script.Rollup]] Circular dependency: file:///D:/xuhang/guan_dan/assets/scripts/manager/GlobalData.ts -> file:///D:/xuhang/guan_dan/assets/scripts/component/raceAudition/RaceAuditionLineItem.ts -> file:///D:/xuhang/guan_dan/assets/scripts/manager/GlobalData.ts
[warning][[Build.Script.Rollup]] Circular dependency: file:///D:/xuhang/guan_dan/assets/scripts/manager/SoundManager.ts -> file:///D:/xuhang/guan_dan/assets/scripts/AppGlobal.ts -> file:///D:/xuhang/guan_dan/assets/scripts/common/utils.ts -> file:///D:/xuhang/guan_dan/assets/scripts/manager/GlobalData.ts -> file:///D:/xuhang/guan_dan/assets/scripts/component/raceAudition/RaceAuditionLineItem.ts -> file:///D:/xuhang/guan_dan/assets/scripts/manager/SoundManager.ts
[warning][[Build.Script.Rollup]] Circular dependency: file:///D:/xuhang/guan_dan/assets/scripts/common/utils.ts -> file:///D:/xuhang/guan_dan/assets/scripts/manager/GlobalData.ts -> file:///D:/xuhang/guan_dan/assets/scripts/component/raceAudition/RaceAuditionLineItem.ts -> file:///D:/xuhang/guan_dan/assets/scripts/common/utils.ts
[warning][[Build.Script.Rollup]] Circular dependency: file:///D:/xuhang/guan_dan/assets/scripts/manager/GlobalData.ts -> file:///D:/xuhang/guan_dan/assets/scripts/component/raceScore/RaceScoreLineItem.ts -> file:///D:/xuhang/guan_dan/assets/scripts/manager/GlobalData.ts
[warning][[Build.Script.Rollup]] Circular dependency: file:///D:/xuhang/guan_dan/assets/scripts/manager/SoundManager.ts -> file:///D:/xuhang/guan_dan/assets/scripts/AppGlobal.ts -> file:///D:/xuhang/guan_dan/assets/scripts/common/utils.ts -> file:///D:/xuhang/guan_dan/assets/scripts/manager/GlobalData.ts -> file:///D:/xuhang/guan_dan/assets/scripts/component/raceScore/RaceScoreLineItem.ts -> file:///D:/xuhang/guan_dan/assets/scripts/manager/SoundManager.ts
[warning][[Build.Script.Rollup]] Circular dependency: file:///D:/xuhang/guan_dan/assets/scripts/common/utils.ts -> file:///D:/xuhang/guan_dan/assets/scripts/manager/GlobalData.ts -> file:///D:/xuhang/guan_dan/assets/scripts/component/raceScore/RaceScoreLineItem.ts -> file:///D:/xuhang/guan_dan/assets/scripts/common/utils.ts
  
[warning][[Build.Script.Rollup]] Circular dependency: file:///D:/xuhang/guan_dan/assets/scripts/manager/GlobalData.ts -> file:///D:/xuhang/guan_dan/assets/scripts/component/raceScore/RaceScoreLineItem.ts -> file:///D:/xuhang/guan_dan/assets/scripts/manager/GlobalData.ts  
[warning][[Build.Script.Rollup]] Circular dependency: file:///D:/xuhang/guan_dan/assets/scripts/manager/SoundManager.ts -> file:///D:/xuhang/guan_dan/assets/scripts/AppGlobal.ts -> file:///D:/xuhang/guan_dan/assets/scripts/common/utils.ts -> file:///D:/xuhang/guan_dan/assets/scripts/manager/GlobalData.ts -> file:///D:/xuhang/guan_dan/assets/scripts/component/raceScore/RaceScoreLineItem.ts -> file:///D:/xuhang/guan_dan/assets/scripts/manager/SoundManager.ts  
[warning][[Build.Script.Rollup]] Circular dependency: file:///D:/xuhang/guan_dan/assets/scripts/common/utils.ts -> file:///D:/xuhang/guan_dan/assets/scripts/manager/GlobalData.ts -> file:///D:/xuhang/guan_dan/assets/scripts/component/raceScore/RaceScoreLineItem.ts -> file:///D:/xuhang/guan_dan/assets/scripts/common/utils.ts  
  
at Object.encode (C:\ProgramData\cocos\editors\Creator\3.6.0\resources\app.asar\node_modules\@base\electron-worker\node_modules\v-stacks\index.js:14:17)  
at Logger._logHandler (C:\ProgramData\cocos\editors\Creator\3.6.0\resources\app.asar\node_modules\@base\electron-worker\static\script.ccc:1:531)  
at Logger.record (C:\ProgramData\cocos\editors\Creator\3.6.0\resources\app.asar\node_modules\@base\electron-logger\lib\renderer.ccc:1:458)  
at Object.warn (C:\ProgramData\cocos\editors\Creator\3.6.0\resources\app.asar\node_modules\@base\electron-logger\lib\renderer.ccc:1:1260)  
at NewConsole.warn (C:\ProgramData\cocos\editors\Creator\3.6.0\resources\app.asar\builtin\builder\dist\worker\console.ccc:1:1306)  
at Socket.<anonymous> (C:\ProgramData\cocos\editors\Creator\3.6.0\resources\app.asar\builtin\builder\dist\worker\worker-pools\sub-process-manager.ccc:1:2640)  
at Socket.emit (events.js:315:20)  
at addChunk (internal/streams/readable.js:309:12)  
at readableAddChunk (internal/streams/readable.js:284:9)  
at Socket.Readable.push (internal/streams/readable.js:223:10)
2025-08-30T05:45:05.961Z - warn: [Build] [build-script][[Build.Script.Rollup]] Circular dependency: file:///D:/xuhang/guan_dan/assets/scripts/manager/SoundManager.ts -> file:///D:/xuhang/guan_dan/assets/scripts/AppGlobal.ts -> file:///D:/xuhang/guan_dan/assets/scripts/common/utils.ts -> file:///D:/xuhang/guan_dan/assets/scripts/manager/GlobalData.ts -> file:///D:/xuhang/guan_dan/assets/scripts/manager/UIConfig.ts -> file:///D:/xuhang/guan_dan/assets/scripts/component/MessageBoxCommon.ts -> file:///D:/xuhang/guan_dan/assets/scripts/manager/SoundManager.ts
[warning][[Build.Script.Rollup]] Circular dependency: file:///D:/xuhang/guan_dan/assets/scripts/common/utils.ts -> file:///D:/xuhang/guan_dan/assets/scripts/manager/GlobalData.ts -> file:///D:/xuhang/guan_dan/assets/scripts/manager/UIConfig.ts -> file:///D:/xuhang/guan_dan/assets/scripts/component/SetingItem.ts -> file:///D:/xuhang/guan_dan/assets/scripts/common/utils.ts
[warning][[Build.Script.Rollup]] Circular dependency: file:///D:/xuhang/guan_dan/assets/scripts/manager/SoundManager.ts -> file:///D:/xuhang/guan_dan/assets/scripts/AppGlobal.ts -> file:///D:/xuhang/guan_dan/assets/scripts/common/utils.ts -> file:///D:/xuhang/guan_dan/assets/scripts/manager/GlobalData.ts -> file:///D:/xuhang/guan_dan/assets/scripts/manager/UIConfig.ts -> file:///D:/xuhang/guan_dan/assets/scripts/component/SetingItem.ts -> file:///D:/xuhang/guan_dan/assets/scripts/manager/SoundManager.ts
[warning][[Build.Script.Rollup]] Circular dependency: file:///D:/xuhang/guan_dan/assets/scripts/common/utils.ts -> file:///D:/xuhang/guan_dan/assets/scripts/manager/GlobalData.ts -> file:///D:/xuhang/guan_dan/assets/scripts/manager/UIConfig.ts -> file:///D:/xuhang/guan_dan/assets/scripts/component/SetingItem.ts -> file:///D:/xuhang/guan_dan/assets/scripts/manager/UIManager.ts -> file:///D:/xuhang/guan_dan/assets/scripts/common/utils.ts
[warning][[Build.Script.Rollup]] Circular dependency: file:///D:/xuhang/guan_dan/assets/scripts/manager/UIConfig.ts -> file:///D:/xuhang/guan_dan/assets/scripts/component/SetingItem.ts -> file:///D:/xuhang/guan_dan/assets/scripts/manager/UIManager.ts -> file:///D:/xuhang/guan_dan/assets/scripts/manager/UIConfig.ts
[warning][[Build.Script.Rollup]] Circular dependency: file:///D:/xuhang/guan_dan/assets/scripts/manager/UIConfig.ts -> file:///D:/xuhang/guan_dan/assets/scripts/component/SetingItem.ts -> file:///D:/xuhang/guan_dan/assets/scripts/manager/UIConfig.ts
[warning][[Build.Script.Rollup]] Circular dependency: file:///D:/xuhang/guan_dan/assets/scripts/manager/GlobalData.ts -> file:///D:/xuhang/guan_dan/assets/scripts/manager/UIConfig.ts -> file:///D:/xuhang/guan_dan/assets/scripts/component/SetingItem.ts -> file:///D:/xuhang/guan_dan/assets/scripts/manager/GlobalData.ts
[warning][[Build.Script.Rollup]] Circular dependency: file:///D:/xuhang/guan_dan/assets/scripts/manager/SoundManager.ts -> file:///D:/xuhang/guan_dan/assets/scripts/AppGlobal.ts -> file:///D:/xuhang/guan_dan/assets/scripts/common/utils.ts -> file:///D:/xuhang/guan_dan/assets/scripts/manager/GlobalData.ts -> file:///D:/xuhang/guan_dan/assets/scripts/manager/UIConfig.ts -> file:///D:/xuhang/guan_dan/assets/scripts/component/RuleItem.ts -> file:///D:/xuhang/guan_dan/assets/scripts/manager/SoundManager.ts
[warning][[Build.Script.Rollup]] Circular dependency: file:///D:/xuhang/guan_dan/assets/scripts/manager/GlobalData.ts -> file:///D:/xuhang/guan_dan/assets/scripts/manager/UIConfig.ts -> file:///D:/xuhang/guan_dan/assets/scripts/component/team/TeamItem.ts -> file:///D:/xuhang/guan_dan/assets/scripts/manager/GlobalData.ts
[warning][[Build.Script.Rollup]] Circular dependency: file:///D:/xuhang/guan_dan/assets/scripts/manager/UIConfig.ts -> file:///D:/xuhang/guan_dan/assets/scripts/component/room/KeyBoardItem.ts -> file:///D:/xuhang/guan_dan/assets/scripts/manager/UIConfig.ts
[warning][[Build.Script.Rollup]] Circular dependency: file:///D:/xuhang/guan_dan/assets/scripts/manager/SoundManager.ts -> file:///D:/xuhang/guan_dan/assets/scripts/AppGlobal.ts -> file:///D:/xuhang/guan_dan/assets/scripts/common/utils.ts -> file:///D:/xuhang/guan_dan/assets/scripts/manager/GlobalData.ts -> file:///D:/xuhang/guan_dan/assets/scripts/manager/UIConfig.ts -> file:///D:/xuhang/guan_dan/assets/scripts/component/room/CreateRoomItem.ts -> file:///D:/xuhang/guan_dan/assets/scripts/manager/SoundManager.ts
[warning][[Build.Script.Rollup]] Circular dependency: file:///D:/xuhang/guan_dan/assets/scripts/manager/GlobalData.ts -> file:///D:/xuhang/guan_dan/assets/scripts/manager/UIConfig.ts -> file:///D:/xuhang/guan_dan/assets/scripts/component/room/CreateRoomItem.ts -> file:///D:/xuhang/guan_dan/assets/scripts/manager/GlobalData.ts
[warning][[Build.Script.Rollup]] Circular dependency: file:///D:/xuhang/guan_dan/assets/scripts/manager/SoundManager.ts -> file:///D:/xuhang/guan_dan/assets/scripts/AppGlobal.ts -> file:///D:/xuhang/guan_dan/assets/scripts/common/utils.ts -> file:///D:/xuhang/guan_dan/assets/scripts/manager/GlobalData.ts -> file:///D:/xuhang/guan_dan/assets/scripts/manager/UIConfig.ts -> file:///D:/xuhang/guan_dan/assets/scripts/component/gameEndFree/GameEndFreeItem.ts -> file:///D:/xuhang/guan_dan/assets/scripts/manager/SoundManager.ts
[warning][[Build.Script.Rollup]] Circular dependency: file:///D:/xuhang/guan_dan/assets/scripts/common/utils.ts -> file:///D:/xuhang/guan_dan/assets/scripts/manager/GlobalData.ts -> file:///D:/xuhang/guan_dan/assets/scripts/manager/UIConfig.ts -> file:///D:/xuhang/guan_dan/assets/scripts/component/gameEndFree/GameEndFreeItem.ts -> file:///D:/xuhang/guan_dan/assets/scripts/component/gameEndFree/GameEndFreeHeadItem.ts -> file:///D:/xuhang/guan_dan/assets/scripts/common/utils.ts
[warning][[Build.Script.Rollup]] Circular dependency: file:///D:/xuhang/guan_dan/assets/scripts/manager/GlobalData.ts -> file:///D:/xuhang/guan_dan/assets/scripts/manager/UIConfig.ts -> file:///D:/xuhang/guan_dan/assets/scripts/component/gameEndFree/GameEndFreeItem.ts -> file:///D:/xuhang/guan_dan/assets/scripts/component/gameEndFree/GameEndFreeHeadItem.ts -> file:///D:/xuhang/guan_dan/assets/scripts/manager/GlobalData.ts
[warning][[Build.Script.Rollup]] Circular dependency: file:///D:/xuhang/guan_dan/assets/scripts/common/utils.ts -> file:///D:/xuhang/guan_dan/assets/scripts/manager/GlobalData.ts -> file:///D:/xuhang/guan_dan/assets/scripts/manager/UIConfig.ts -> file:///D:/xuhang/guan_dan/assets/scripts/component/gameEndFree/GameEndFreeItem.ts -> file:///D:/xuhang/guan_dan/assets/scripts/common/utils.ts
[warning][[Build.Script.Rollup]] Circular dependency: file:///D:/xuhang/guan_dan/assets/scripts/common/utils.ts -> file:///D:/xuhang/guan_dan/assets/scripts/manager/GlobalData.ts -> file:///D:/xuhang/guan_dan/assets/scripts/manager/UIConfig.ts -> file:///D:/xuhang/guan_dan/assets/scripts/component/gameEndFree/GameEndFreeItem.ts -> file:///D:/xuhang/guan_dan/assets/scripts/component/game/GameLogic.ts -> file:///D:/xuhang/guan_dan/assets/scripts/common/utils.ts
[warning][[Build.Script.Rollup]] Circular dependency: file:///D:/xuhang/guan_dan/assets/scripts/manager/GlobalData.ts -> file:///D:/xuhang/guan_dan/assets/scripts/manager/UIConfig.ts -> file:///D:/xuhang/guan_dan/assets/scripts/component/gameEndFree/GameEndFreeItem.ts -> file:///D:/xuhang/guan_dan/assets/scripts/component/game/GameLogic.ts -> file:///D:/xuhang/guan_dan/assets/scripts/manager/GlobalData.ts
[warning][[Build.Script.Rollup]] Circular dependency: file:///D:/xuhang/guan_dan/assets/scripts/manager/SoundManager.ts -> file:///D:/xuhang/guan_dan/assets/scripts/AppGlobal.ts -> file:///D:/xuhang/guan_dan/assets/scripts/common/utils.ts -> file:///D:/xuhang/guan_dan/assets/scripts/manager/GlobalData.ts -> file:///D:/xuhang/guan_dan/assets/scripts/manager/UIConfig.ts -> file:///D:/xuhang/guan_dan/assets/scripts/component/gameEndFree/GameEndFreeItem.ts -> file:///D:/xuhang/guan_dan/assets/scripts/component/game/GameLogic.ts -> file:///D:/xuhang/guan_dan/assets/scripts/manager/SoundManager.ts
[warning][[Build.Script.Rollup]] Circular dependency: file:///D:/xuhang/guan_dan/assets/scripts/manager/UIConfig.ts -> file:///D:/xuhang/guan_dan/assets/scripts/component/gameEndFree/GameEndFreeItem.ts -> file:///D:/xuhang/guan_dan/assets/scripts/manager/UIConfig.ts
[warning][[Build.Script.Rollup]] Circular dependency: file:///D:/xuhang/guan_dan/assets/scripts/manager/GlobalData.ts -> file:///D:/xuhang/guan_dan/assets/scripts/manager/UIConfig.ts -> file:///D:/xuhang/guan_dan/assets/scripts/component/gameEndFree/GameEndFreeItem.ts -> file:///D:/xuhang/guan_dan/assets/scripts/manager/GlobalData.ts
[warning][[Build.Script.Rollup]] Circular dependency: file:///D:/xuhang/guan_dan/assets/scripts/common/utils.ts -> file:///D:/xuhang/guan_dan/assets/scripts/manager/GlobalData.ts -> file:///D:/xuhang/guan_dan/assets/scripts/manager/UIConfig.ts -> file:///D:/xuhang/guan_dan/assets/scripts/component/gameEndFree/GameEndFreeItem.ts -> file:///D:/xuhang/guan_dan/assets/scripts/manager/GameSocket.ts -> file:///D:/xuhang/guan_dan/assets/scripts/common/utils.ts
[warning][[Build.Script.Rollup]] Circular dependency: file:///D:/xuhang/guan_dan/assets/scripts/common/utils.ts -> file:///D:/xuhang/guan_dan/assets/scripts/manager/GlobalData.ts -> file:///D:/xuhang/guan_dan/assets/scripts/manager/UIConfig.ts -> file:///D:/xuhang/guan_dan/assets/scripts/component/gameEndFree/GameEndFreeItem.ts -> file:///D:/xuhang/guan_dan/assets/scripts/manager/GameSocket.ts -> file:///D:/xuhang/guan_dan/assets/scripts/common/websocket.ts -> file:///D:/xuhang/guan_dan/assets/scripts/common/utils.ts
[warning][[Build.Script.Rollup]] Circular dependency: file:///D:/xuhang/guan_dan/assets/scripts/manager/GlobalData.ts -> file:///D:/xuhang/guan_dan/assets/scripts/manager/UIConfig.ts -> file:///D:/xuhang/guan_dan/assets/scripts/component/gameEndFree/GameEndFreeItem.ts -> file:///D:/xuhang/guan_dan/assets/scripts/manager/GameSocket.ts -> file:///D:/xuhang/guan_dan/assets/scripts/manager/GlobalData.ts
[warning][[Build.Script.Rollup]] Circular dependency: file:///D:/xuhang/guan_dan/assets/scripts/manager/UIConfig.ts -> file:///D:/xuhang/guan_dan/assets/scripts/component/gameEndFree/GameEndFreeItem.ts -> file:///D:/xuhang/guan_dan/assets/scripts/manager/GameSocket.ts -> file:///D:/xuhang/guan_dan/assets/scripts/manager/UIConfig.ts
[warning][[Build.Script.Rollup]] Circular dependency: file:///D:/xuhang/guan_dan/assets/scripts/manager/SoundManager.ts -> file:///D:/xuhang/guan_dan/assets/scripts/AppGlobal.ts -> file:///D:/xuhang/guan_dan/assets/scripts/common/utils.ts -> file:///D:/xuhang/guan_dan/assets/scripts/manager/GlobalData.ts -> file:///D:/xuhang/guan_dan/assets/scripts/manager/UIConfig.ts -> file:///D:/xuhang/guan_dan/assets/scripts/component/gameEndScoreRank/GameEndScoreRankItem.ts -> file:///D:/xuhang/guan_dan/assets/scripts/component/rank/RankScore.ts -> file:///D:/xuhang/guan_dan/assets/scripts/manager/SoundManager.ts
[warning][[Build.Script.Rollup]] Circular dependency: file:///D:/xuhang/guan_dan/assets/scripts/manager/GlobalData.ts -> file:///D:/xuhang/guan_dan/assets/scripts/manager/UIConfig.ts -> file:///D:/xuhang/guan_dan/assets/scripts/component/gameEndScoreRank/GameEndScoreRankItem.ts -> file:///D:/xuhang/guan_dan/assets/scripts/component/rank/RankScore.ts -> file:///D:/xuhang/guan_dan/assets/scripts/component/rank/RankScorePerson.ts -> file:///D:/xuhang/guan_dan/assets/scripts/manager/GlobalData.ts
[warning][[Build.Script.Rollup]] Circular dependency: file:///D:/xuhang/guan_dan/assets/scripts/common/utils.ts -> file:///D:/xuhang/guan_dan/assets/scripts/manager/GlobalData.ts -> file:///D:/xuhang/guan_dan/assets/scripts/manager/UIConfig.ts -> file:///D:/xuhang/guan_dan/assets/scripts/component/gameEndScoreRank/GameEndScoreRankItem.ts -> file:///D:/xuhang/guan_dan/assets/scripts/component/rank/RankScore.ts -> file:///D:/xuhang/guan_dan/assets/scripts/component/rank/RankScorePerson.ts -> file:///D:/xuhang/guan_dan/assets/scripts/component/rank/RankScorePersonSelfLine.ts -> file:///D:/xuhang/guan_dan/assets/scripts/component/LobbyUserHeadItem.ts -> file:///D:/xuhang/guan_dan/assets/scripts/common/utils.ts
[warning][[Build.Script.Rollup]] Circular dependency: file:///D:/xuhang/guan_dan/assets/scripts/manager/GlobalData.ts -> file:///D:/xuhang/guan_dan/assets/scripts/manager/UIConfig.ts -> file:///D:/xuhang/guan_dan/assets/scripts/component/gameEndScoreRank/GameEndScoreRankItem.ts -> file:///D:/xuhang/guan_dan/assets/scripts/component/rank/RankScore.ts -> file:///D:/xuhang/guan_dan/assets/scripts/component/rank/RankScorePerson.ts -> file:///D:/xuhang/guan_dan/assets/scripts/component/rank/RankScorePersonSelfLine.ts -> file:///D:/xuhang/guan_dan/assets/scripts/component/LobbyUserHeadItem.ts -> file:///D:/xuhang/guan_dan/assets/scripts/manager/GlobalData.ts
[warning][[Build.Script.Rollup]] Circular dependency: file:///D:/xuhang/guan_dan/assets/scripts/manager/GlobalData.ts -> file:///D:/xuhang/guan_dan/assets/scripts/manager/UIConfig.ts -> file:///D:/xuhang/guan_dan/assets/scripts/component/gameEndScoreRank/GameEndScoreRankItem.ts -> file:///D:/xuhang/guan_dan/assets/scripts/component/rank/RankScore.ts -> file:///D:/xuhang/guan_dan/assets/scripts/component/rank/RankScoreTeam.ts -> file:///D:/xuhang/guan_dan/assets/scripts/manager/GlobalData.ts
[warning][[Build.Script.Rollup]] Circular dependency: file:///D:/xuhang/guan_dan/assets/scripts/manager/SoundManager.ts -> file:///D:/xuhang/guan_dan/assets/scripts/AppGlobal.ts -> file:///D:/xuhang/guan_dan/assets/scripts/common/utils.ts -> file:///D:/xuhang/guan_dan/assets/scripts/manager/GlobalData.ts -> file:///D:/xuhang/guan_dan/assets/scripts/manager/UIConfig.ts -> file:///D:/xuhang/guan_dan/assets/scripts/component/gameEndScoreRank/GameEndScoreRankItem.ts -> file:///D:/xuhang/guan_dan/assets/scripts/manager/SoundManager.ts
[warning][[Build.Script.Rollup]] Circular dependency: file:///D:/xuhang/guan_dan/assets/scripts/manager/GlobalData.ts -> file:///D:/xuhang/guan_dan/assets/scripts/manager/UIConfig.ts -> file:///D:/xuhang/guan_dan/assets/scripts/component/gameEndScoreRank/GameEndScoreRankItem.ts -> file:///D:/xuhang/guan_dan/assets/scripts/component/gameEndScoreRank/GameEndScoreRankPerson.ts -> file:///D:/xuhang/guan_dan/assets/scripts/manager/GlobalData.ts
[warning][[Build.Script.Rollup]] Circular dependency: file:///D:/xuhang/guan_dan/assets/scripts/manager/GlobalData.ts -> file:///D:/xuhang/guan_dan/assets/scripts/manager/UIConfig.ts -> file:///D:/xuhang/guan_dan/assets/scripts/component/gameEndScoreRank/GameEndScoreRankItem.ts -> file:///D:/xuhang/guan_dan/assets/scripts/component/gameEndScoreRank/GameEndScoreRankTeam.ts -> file:///D:/xuhang/guan_dan/assets/scripts/manager/GlobalData.ts
[warning][[Build.Script.Rollup]] Circular dependency: file:///D:/xuhang/guan_dan/assets/scripts/common/utils.ts -> file:///D:/xuhang/guan_dan/assets/scripts/manager/GlobalData.ts -> file:///D:/xuhang/guan_dan/assets/scripts/manager/UIConfig.ts -> file:///D:/xuhang/guan_dan/assets/scripts/component/gameEndScoreRank/GameEndScoreRankItem.ts -> file:///D:/xuhang/guan_dan/assets/scripts/common/utils.ts
[warning][[Build.Script.Rollup]] Circular dependency: file:///D:/xuhang/guan_dan/assets/scripts/manager/GlobalData.ts -> file:///D:/xuhang/guan_dan/assets/scripts/manager/UIConfig.ts -> file:///D:/xuhang/guan_dan/assets/scripts/component/gameEndScoreRank/GameEndScoreRankItem.ts -> file:///D:/xuhang/guan_dan/assets/scripts/manager/GlobalData.ts
[warning][[Build.Script.Rollup]] Circular dependency: file:///D:/xuhang/guan_dan/assets/scripts/manager/UIConfig.ts -> file:///D:/xuhang/guan_dan/assets/scripts/component/gameEndScoreRank/GameEndScoreRankItem.ts -> file:///D:/xuhang/guan_dan/assets/scripts/manager/UIConfig.ts
[warning][[Build.Script.Rollup]] Circular dependency: file:///D:/xuhang/guan_dan/assets/scripts/manager/SoundManager.ts -> file:///D:/xuhang/guan_dan/assets/scripts/AppGlobal.ts -> file:///D:/xuhang/guan_dan/assets/scripts/common/utils.ts -> file:///D:/xuhang/guan_dan/assets/scripts/manager/GlobalData.ts -> file:///D:/xuhang/guan_dan/assets/scripts/manager/UIConfig.ts -> file:///D:/xuhang/guan_dan/assets/scripts/component/gameEndScore/GameEndScoreItem.ts -> file:///D:/xuhang/guan_dan/assets/scripts/manager/SoundManager.ts
[warning][[Build.Script.Rollup]] Circular dependency: file:///D:/xuhang/guan_dan/assets/scripts/manager/GlobalData.ts -> file:///D:/xuhang/guan_dan/assets/scripts/manager/UIConfig.ts -> file:///D:/xuhang/guan_dan/assets/scripts/component/gameEndScore/GameEndScoreItem.ts -> file:///D:/xuhang/guan_dan/assets/scripts/manager/GlobalData.ts
[warning][[Build.Script.Rollup]] Circular dependency: file:///D:/xuhang/guan_dan/assets/scripts/manager/SoundManager.ts -> file:///D:/xuhang/guan_dan/assets/scripts/AppGlobal.ts -> file:///D:/xuhang/guan_dan/assets/scripts/common/utils.ts -> file:///D:/xuhang/guan_dan/assets/scripts/manager/GlobalData.ts -> file:///D:/xuhang/guan_dan/assets/scripts/manager/UIConfig.ts -> file:///D:/xuhang/guan_dan/assets/scripts/component/gameEndKick/GameEndKickItem.ts -> file:///D:/xuhang/guan_dan/assets/scripts/manager/SoundManager.ts
[warning][[Build.Script.Rollup]] Circular dependency: file:///D:/xuhang/guan_dan/assets/scripts/common/utils.ts -> file:///D:/xuhang/guan_dan/assets/scripts/manager/GlobalData.ts -> file:///D:/xuhang/guan_dan/assets/scripts/manager/UIConfig.ts -> file:///D:/xuhang/guan_dan/assets/scripts/component/gameEndKick/GameEndKickItem.ts -> file:///D:/xuhang/guan_dan/assets/scripts/component/gameEndKick/GameEndKickHeadItem.ts -> file:///D:/xuhang/guan_dan/assets/scripts/common/utils.ts
[warning][[Build.Script.Rollup]] Circular dependency: file:///D:/xuhang/guan_dan/assets/scripts/manager/GlobalData.ts -> file:///D:/xuhang/guan_dan/assets/scripts/manager/UIConfig.ts -> file:///D:/xuhang/guan_dan/assets/scripts/component/gameEndKick/GameEndKickItem.ts -> file:///D:/xuhang/guan_dan/assets/scripts/manager/GlobalData.ts
[warning][[Build.Script.Rollup]] Circular dependency: file:///D:/xuhang/guan_dan/assets/scripts/manager/UIConfig.ts -> file:///D:/xuhang/guan_dan/assets/scripts/component/gameEndKick/GameEndKickItem.ts -> file:///D:/xuhang/guan_dan/assets/scripts/manager/UIConfig.ts
[warning][[Build.Script.Rollup]] Circular dependency: file:///D:/xuhang/guan_dan/assets/scripts/manager/SoundManager.ts -> file:///D:/xuhang/guan_dan/assets/scripts/AppGlobal.ts -> file:///D:/xuhang/guan_dan/assets/scripts/common/utils.ts -> file:///D:/xuhang/guan_dan/assets/scripts/manager/GlobalData.ts -> file:///D:/xuhang/guan_dan/assets/scripts/manager/UIConfig.ts -> file:///D:/xuhang/guan_dan/assets/scripts/component/gameEndKickUp/GameEndKickUpItem.ts -> file:///D:/xuhang/guan_dan/assets/scripts/manager/SoundManager.ts
[warning][[Build.Script.Rollup]] Circular dependency: file:///D:/xuhang/guan_dan/assets/scripts/manager/GlobalData.ts -> file:///D:/xuhang/guan_dan/assets/scripts/manager/UIConfig.ts -> file:///D:/xuhang/guan_dan/assets/scripts/component/gameEndKickUp/GameEndKickUpItem.ts -> file:///D:/xuhang/guan_dan/assets/scripts/manager/GlobalData.ts
[warning][[Build.Script.Rollup]] Circular dependency: file:///D:/xuhang/guan_dan/assets/scripts/manager/UIConfig.ts -> file:///D:/xuhang/guan_dan/assets/scripts/component/gameEndKickUp/GameEndKickUpItem.ts -> file:///D:/xuhang/guan_dan/assets/scripts/manager/UIConfig.ts
[warning][[Build.Script.Rollup]] Circular dependency: file:///D:/xuhang/guan_dan/assets/scripts/common/utils.ts -> file:///D:/xuhang/guan_dan/assets/scripts/manager/GlobalData.ts -> file:///D:/xuhang/guan_dan/assets/scripts/manager/UIConfig.ts -> file:///D:/xuhang/guan_dan/assets/scripts/component/gameEndKickUp/GameEndKickUpItem.ts -> file:///D:/xuhang/guan_dan/assets/scripts/common/utils.ts
[warning][[Build.Script.Rollup]] Circular dependency: file:///D:/xuhang/guan_dan/assets/scripts/manager/SoundManager.ts -> file:///D:/xuhang/guan_dan/assets/scripts/AppGlobal.ts -> file:///D:/xuhang/guan_dan/assets/scripts/common/utils.ts -> file:///D:/xuhang/guan_dan/assets/scripts/manager/GlobalData.ts -> file:///D:/xuhang/guan_dan/assets/scripts/manager/UIConfig.ts -> file:///D:/xuhang/guan_dan/assets/scripts/component/teamUp/TeamUpItem.ts -> file:///D:/xuhang/guan_dan/assets/scripts/manager/SoundManager.ts
[warning][[Build.Script.Rollup]] Circular dependency: file:///D:/xuhang/guan_dan/assets/scripts/common/utils.ts -> file:///D:/xuhang/guan_dan/assets/scripts/manager/GlobalData.ts -> file:///D:/xuhang/guan_dan/assets/scripts/manager/UIConfig.ts -> file:///D:/xuhang/guan_dan/assets/scripts/component/teamUp/TeamUpItem.ts -> file:///D:/xuhang/guan_dan/assets/scripts/common/utils.ts
[warning][[Build.Script.Rollup]] Circular dependency: file:///D:/xuhang/guan_dan/assets/scripts/manager/GlobalData.ts -> file:///D:/xuhang/guan_dan/assets/scripts/manager/UIConfig.ts -> file:///D:/xuhang/guan_dan/assets/scripts/component/teamUp/TeamUpItem.ts -> file:///D:/xuhang/guan_dan/assets/scripts/manager/GlobalData.ts
[warning][[Build.Script.Rollup]] Circular dependency: file:///D:/xuhang/guan_dan/assets/scripts/AppGlobal.ts -> file:///D:/xuhang/guan_dan/assets/scripts/common/utils.ts -> file:///D:/xuhang/guan_dan/assets/scripts/manager/GlobalData.ts -> file:///D:/xuhang/guan_dan/assets/scripts/manager/UIConfig.ts -> file:///D:/xuhang/guan_dan/assets/scripts/component/teamUp/TeamUpItem.ts -> file:///D:/xuhang/guan_dan/assets/scripts/AppGlobal.ts
[warning][[Build.Script.Rollup]] Circular dependency: file:///D:/xuhang/guan_dan/assets/scripts/manager/GlobalData.ts -> file:///D:/xuhang/guan_dan/assets/scripts/manager/UIConfig.ts -> file:///D:/xuhang/guan_dan/assets/scripts/component/raceScore/RaceScoreItem.ts -> file:///D:/xuhang/guan_dan/assets/scripts/manager/GlobalData.ts
[warning][[Build.Script.Rollup]] Circular dependency: file:///D:/xuhang/guan_dan/assets/scripts/manager/SoundManager.ts -> file:///D:/xuhang/guan_dan/assets/scripts/AppGlobal.ts -> file:///D:/xuhang/guan_dan/assets/scripts/common/utils.ts -> file:///D:/xuhang/guan_dan/assets/scripts/manager/GlobalData.ts -> file:///D:/xuhang/guan_dan/assets/scripts/manager/UIConfig.ts -> file:///D:/xuhang/guan_dan/assets/scripts/component/raceScore/RaceScoreItem.ts -> file:///D:/xuhang/guan_dan/assets/scripts/manager/SoundManager.ts
[warning][[Build.Script.Rollup]] Circular dependency: file:///D:/xuhang/guan_dan/assets/scripts/common/utils.ts -> file:///D:/xuhang/guan_dan/assets/scripts/manager/GlobalData.ts -> file:///D:/xuhang/guan_dan/assets/scripts/manager/UIConfig.ts -> file:///D:/xuhang/guan_dan/assets/scripts/component/raceScore/RaceScoreItem.ts -> file:///D:/xuhang/guan_dan/assets/scripts/common/utils.ts
[warning][[Build.Script.Rollup]] Circular dependency: file:///D:/xuhang/guan_dan/assets/scripts/manager/UIConfig.ts -> file:///D:/xuhang/guan_dan/assets/scripts/component/raceScore/RaceScoreItem.ts -> file:///D:/xuhang/guan_dan/assets/scripts/manager/UIConfig.ts
[warning][[Build.Script.Rollup]] Circular dependency: file:///D:/xuhang/guan_dan/assets/scripts/manager/GlobalData.ts -> file:///D:/xuhang/guan_dan/assets/scripts/manager/UIConfig.ts -> file:///D:/xuhang/guan_dan/assets/scripts/component/raceKick/RaceKickItem.ts -> file:///D:/xuhang/guan_dan/assets/scripts/manager/GlobalData.ts
[warning][[Build.Script.Rollup]] Circular dependency: file:///D:/xuhang/guan_dan/assets/scripts/manager/SoundManager.ts -> file:///D:/xuhang/guan_dan/assets/scripts/AppGlobal.ts -> file:///D:/xuhang/guan_dan/assets/scripts/common/utils.ts -> file:///D:/xuhang/guan_dan/assets/scripts/manager/GlobalData.ts -> file:///D:/xuhang/guan_dan/assets/scripts/manager/UIConfig.ts -> file:///D:/xuhang/guan_dan/assets/scripts/component/raceKick/RaceKickItem.ts -> file:///D:/xuhang/guan_dan/assets/scripts/manager/SoundManager.ts
[warning][[Build.Script.Rollup]] Circular dependency: file:///D:/xuhang/guan_dan/assets/scripts/common/utils.ts -> file:///D:/xuhang/guan_dan/assets/scripts/manager/GlobalData.ts -> file:///D:/xuhang/guan_dan/assets/scripts/manager/UIConfig.ts -> file:///D:/xuhang/guan_dan/assets/scripts/component/raceKick/RaceKickItem.ts -> file:///D:/xuhang/guan_dan/assets/scripts/common/utils.ts
[warning][[Build.Script.Rollup]] Circular dependency: file:///D:/xuhang/guan_dan/assets/scripts/manager/GlobalData.ts -> file:///D:/xuhang/guan_dan/assets/scripts/manager/UIConfig.ts -> file:///D:/xuhang/guan_dan/assets/scripts/component/raceKick/RaceKickItem.ts -> file:///D:/xuhang/guan_dan/assets/scripts/component/raceKick/RaceKickLineItem.ts -> file:///D:/xuhang/guan_dan/assets/scripts/manager/GlobalData.ts
[warning][[Build.Script.Rollup]] Circular dependency: file:///D:/xuhang/guan_dan/assets/scripts/manager/SoundManager.ts -> file:///D:/xuhang/guan_dan/assets/scripts/AppGlobal.ts -> file:///D:/xuhang/guan_dan/assets/scripts/common/utils.ts -> file:///D:/xuhang/guan_dan/assets/scripts/manager/GlobalData.ts -> file:///D:/xuhang/guan_dan/assets/scripts/manager/UIConfig.ts -> file:///D:/xuhang/guan_dan/assets/scripts/component/raceKick/RaceKickItem.ts -> file:///D:/xuhang/guan_dan/assets/scripts/component/raceKick/RaceKickLineItem.ts -> file:///D:/xuhang/guan_dan/assets/scripts/manager/SoundManager.ts
[warning][[Build.Script.Rollup]] Circular dependency: file:///D:/xuhang/guan_dan/assets/scripts/common/utils.ts -> file:///D:/xuhang/guan_dan/assets/scripts/manager/GlobalData.ts -> file:///D:/xuhang/guan_dan/assets/scripts/manager/UIConfig.ts -> file:///D:/xuhang/guan_dan/assets/scripts/component/raceKick/RaceKickItem.ts -> file:///D:/xuhang/guan_dan/assets/scripts/component/raceKick/RaceKickLineItem.ts -> file:///D:/xuhang/guan_dan/assets/scripts/common/utils.ts
[warning][[Build.Script.Rollup]] Circular dependency: file:///D:/xuhang/guan_dan/assets/scripts/manager/UIConfig.ts -> file:///D:/xuhang/guan_dan/assets/scripts/component/raceKick/RaceKickItem.ts -> file:///D:/xuhang/guan_dan/assets/scripts/manager/UIConfig.ts
[warning][[Build.Script.Rollup]] Circular dependency: file:///D:/xuhang/guan_dan/assets/scripts/manager/SoundManager.ts -> file:///D:/xuhang/guan_dan/assets/scripts/AppGlobal.ts -> file:///D:/xuhang/guan_dan/assets/scripts/common/utils.ts -> file:///D:/xuhang/guan_dan/assets/scripts/manager/GlobalData.ts -> file:///D:/xuhang/guan_dan/assets/scripts/manager/UIConfig.ts -> file:///D:/xuhang/guan_dan/assets/scripts/component/MessageBoxCommonTest.ts -> file:///D:/xuhang/guan_dan/assets/scripts/manager/SoundManager.ts
[warning][[Build.Script.Rollup]] Circular dependency: file:///D:/xuhang/guan_dan/assets/scripts/manager/SoundManager.ts -> file:///D:/xuhang/guan_dan/assets/scripts/AppGlobal.ts -> file:///D:/xuhang/guan_dan/assets/scripts/common/utils.ts -> file:///D:/xuhang/guan_dan/assets/scripts/manager/GlobalData.ts -> file:///D:/xuhang/guan_dan/assets/scripts/manager/UIConfig.ts -> file:///D:/xuhang/guan_dan/assets/scripts/component/CreateTeamItem.ts -> file:///D:/xuhang/guan_dan/assets/scripts/manager/SoundManager.ts
[warning][[Build.Script.Rollup]] Circular dependency: file:///D:/xuhang/guan_dan/assets/scripts/manager/SoundManager.ts -> file:///D:/xuhang/guan_dan/assets/scripts/AppGlobal.ts -> file:///D:/xuhang/guan_dan/assets/scripts/common/utils.ts -> file:///D:/xuhang/guan_dan/assets/scripts/manager/GlobalData.ts -> file:///D:/xuhang/guan_dan/assets/scripts/manager/UIConfig.ts -> file:///D:/xuhang/guan_dan/assets/scripts/component/gameStartNotice/GameStartNotice.ts -> file:///D:/xuhang/guan_dan/assets/scripts/manager/SoundManager.ts
[warning][[Build.Script.Rollup]] Circular dependency: file:///D:/xuhang/guan_dan/assets/scripts/common/utils.ts -> file:///D:/xuhang/guan_dan/assets/scripts/manager/GlobalData.ts -> file:///D:/xuhang/guan_dan/assets/scripts/manager/UIConfig.ts -> file:///D:/xuhang/guan_dan/assets/scripts/component/gameStartNotice/GameStartNotice.ts -> file:///D:/xuhang/guan_dan/assets/scripts/common/utils.ts
[warning][[Build.Script.Rollup]] Circular dependency: file:///D:/xuhang/guan_dan/assets/scripts/manager/SoundManager.ts -> file:///D:/xuhang/guan_dan/assets/scripts/AppGlobal.ts -> file:///D:/xuhang/guan_dan/assets/scripts/common/utils.ts -> file:///D:/xuhang/guan_dan/assets/scripts/manager/GlobalData.ts -> file:///D:/xuhang/guan_dan/assets/scripts/manager/UIConfig.ts -> file:///D:/xuhang/guan_dan/assets/scripts/component/gameStartNotice/FreeUpItem.ts -> file:///D:/xuhang/guan_dan/assets/scripts/manager/SoundManager.ts
[warning][[Build.Script.Rollup]] Circular dependency: file:///D:/xuhang/guan_dan/assets/scripts/manager/GlobalData.ts -> file:///D:/xuhang/guan_dan/assets/scripts/manager/UIConfig.ts -> file:///D:/xuhang/guan_dan/assets/scripts/component/gameStartNotice/FreeUpItem.ts -> file:///D:/xuhang/guan_dan/assets/scripts/manager/GlobalData.ts
[warning][[Build.Script.Rollup]] Circular dependency: file:///D:/xuhang/guan_dan/assets/scripts/manager/SoundManager.ts -> file:///D:/xuhang/guan_dan/assets/scripts/AppGlobal.ts -> file:///D:/xuhang/guan_dan/assets/scripts/common/utils.ts -> file:///D:/xuhang/guan_dan/assets/scripts/manager/GlobalData.ts -> file:///D:/xuhang/guan_dan/assets/scripts/manager/UIConfig.ts -> file:///D:/xuhang/guan_dan/assets/scripts/component/rankRace/RankRaceItem.ts -> file:///D:/xuhang/guan_dan/assets/scripts/manager/SoundManager.ts
[warning][[Build.Script.Rollup]] Circular dependency: file:///D:/xuhang/guan_dan/assets/scripts/manager/GlobalData.ts -> file:///D:/xuhang/guan_dan/assets/scripts/manager/UIConfig.ts -> file:///D:/xuhang/guan_dan/assets/scripts/component/rankRace/RankRaceItem.ts -> file:///D:/xuhang/guan_dan/assets/scripts/component/rankRace/RankRaceKickItem.ts -> file:///D:/xuhang/guan_dan/assets/scripts/manager/GlobalData.ts
[warning][[Build.Script.Rollup]] Circular dependency: file:///D:/xuhang/guan_dan/assets/scripts/manager/GlobalData.ts -> file:///D:/xuhang/guan_dan/assets/scripts/manager/UIConfig.ts -> file:///D:/xuhang/guan_dan/assets/scripts/component/rankRace/RankRaceItem.ts -> file:///D:/xuhang/guan_dan/assets/scripts/component/rankRace/RankRaceScoreItem.ts -> file:///D:/xuhang/guan_dan/assets/scripts/manager/GlobalData.ts
[warning][[Build.Script.Rollup]] Circular dependency: file:///D:/xuhang/guan_dan/assets/scripts/manager/GlobalData.ts -> file:///D:/xuhang/guan_dan/assets/scripts/manager/UIConfig.ts -> file:///D:/xuhang/guan_dan/assets/scripts/component/rankRace/RankRaceItem.ts -> file:///D:/xuhang/guan_dan/assets/scripts/component/rankRace/RankRaceAuditionItem.ts -> file:///D:/xuhang/guan_dan/assets/scripts/manager/GlobalData.ts
[warning][[Build.Script.Rollup]] Circular dependency: file:///D:/xuhang/guan_dan/assets/scripts/manager/GlobalData.ts -> file:///D:/xuhang/guan_dan/assets/scripts/manager/UIConfig.ts -> file:///D:/xuhang/guan_dan/assets/scripts/component/rank/RankKick.ts -> file:///D:/xuhang/guan_dan/assets/scripts/manager/GlobalData.ts
[warning][[Build.Script.Rollup]] Circular dependency: file:///D:/xuhang/guan_dan/assets/scripts/manager/SoundManager.ts -> file:///D:/xuhang/guan_dan/assets/scripts/AppGlobal.ts -> file:///D:/xuhang/guan_dan/assets/scripts/common/utils.ts -> file:///D:/xuhang/guan_dan/assets/scripts/manager/GlobalData.ts -> file:///D:/xuhang/guan_dan/assets/scripts/manager/UIConfig.ts -> file:///D:/xuhang/guan_dan/assets/scripts/component/rank/RankKick.ts -> file:///D:/xuhang/guan_dan/assets/scripts/manager/SoundManager.ts
[warning][[Build.Script.Rollup]] Circular dependency: file:///D:/xuhang/guan_dan/assets/scripts/manager/GlobalData.ts -> file:///D:/xuhang/guan_dan/assets/scripts/manager/UIConfig.ts -> file:///D:/xuhang/guan_dan/assets/scripts/component/raceAudition/RaceAuditionItem.ts -> file:///D:/xuhang/guan_dan/assets/scripts/manager/GlobalData.ts
[warning][[Build.Script.Rollup]] Circular dependency: file:///D:/xuhang/guan_dan/assets/scripts/manager/SoundManager.ts -> file:///D:/xuhang/guan_dan/assets/scripts/AppGlobal.ts -> file:///D:/xuhang/guan_dan/assets/scripts/common/utils.ts -> file:///D:/xuhang/guan_dan/assets/scripts/manager/GlobalData.ts -> file:///D:/xuhang/guan_dan/assets/scripts/manager/UIConfig.ts -> file:///D:/xuhang/guan_dan/assets/scripts/component/raceAudition/RaceAuditionItem.ts -> file:///D:/xuhang/guan_dan/assets/scripts/manager/SoundManager.ts
[warning][[Build.Script.Rollup]] Circular dependency: file:///D:/xuhang/guan_dan/assets/scripts/common/utils.ts -> file:///D:/xuhang/guan_dan/assets/scripts/manager/GlobalData.ts -> file:///D:/xuhang/guan_dan/assets/scripts/manager/UIConfig.ts -> file:///D:/xuhang/guan_dan/assets/scripts/component/raceAudition/RaceAuditionItem.ts -> file:///D:/xuhang/guan_dan/assets/scripts/common/utils.ts
[warning][[Build.Script.Rollup]] Circular dependency: file:///D:/xuhang/guan_dan/assets/scripts/manager/GlobalData.ts -> file:///D:/xuhang/guan_dan/assets/scripts/manager/UIConfig.ts -> file:///D:/xuhang/guan_dan/assets/scripts/component/rank/RankAuditionItem.ts -> file:///D:/xuhang/guan_dan/assets/scripts/manager/GlobalData.ts
[warning][[Build.Script.Rollup]] Circular dependency: file:///D:/xuhang/guan_dan/assets/scripts/manager/SoundManager.ts -> file:///D:/xuhang/guan_dan/assets/scripts/AppGlobal.ts -> file:///D:/xuhang/guan_dan/assets/scripts/common/utils.ts -> file:///D:/xuhang/guan_dan/assets/scripts/manager/GlobalData.ts -> file:///D:/xuhang/guan_dan/assets/scripts/manager/UIConfig.ts -> file:///D:/xuhang/guan_dan/assets/scripts/component/rank/RankAuditionItem.ts -> file:///D:/xuhang/guan_dan/assets/scripts/manager/SoundManager.ts
[warning][[Build.Script.Rollup]] Circular dependency: file:///D:/xuhang/guan_dan/assets/scripts/manager/SoundManager.ts -> file:///D:/xuhang/guan_dan/assets/scripts/AppGlobal.ts -> file:///D:/xuhang/guan_dan/assets/scripts/common/utils.ts -> file:///D:/xuhang/guan_dan/assets/scripts/manager/GlobalData.ts -> file:///D:/xuhang/guan_dan/assets/scripts/manager/UIConfig.ts -> file:///D:/xuhang/guan_dan/assets/scripts/component/gameEndAudition/GameEndAuditionItem.ts -> file:///D:/xuhang/guan_dan/assets/scripts/manager/SoundManager.ts
[warning][[Build.Script.Rollup]] Circular dependency: file:///D:/xuhang/guan_dan/assets/scripts/common/utils.ts -> file:///D:/xuhang/guan_dan/assets/scripts/manager/GlobalData.ts -> file:///D:/xuhang/guan_dan/assets/scripts/manager/UIConfig.ts -> file:///D:/xuhang/guan_dan/assets/scripts/component/gameEndAudition/GameEndAuditionItem.ts -> file:///D:/xuhang/guan_dan/assets/scripts/common/utils.ts
[Build] [build-script][[Build.Script.Rollup]] Circular dependency: file:///D:/xuhang/guan_dan/assets/scripts/manager/SoundManager.ts -> file:///D:/xuhang/guan_dan/assets/scripts/AppGlobal.ts -> file:///D:/xuhang/guan_dan/assets/scripts/common/utils.ts -> file:///D:/xuhang/guan_dan/assets/scripts/manager/GlobalData.ts -> file:///D:/xuhang/guan_dan/assets/scripts/manager/UIConfig.ts -> file:///D:/xuhang/guan_dan/assets/scripts/component/MessageBoxCommon.ts -> file:///D:/xuhang/guan_dan/assets/scripts/manager/SoundManager.ts
[warning][[Build.Script.Rollup]] Circular dependency: file:///D:/xuhang/guan_dan/assets/scripts/common/utils.ts -> file:///D:/xuhang/guan_dan/assets/scripts/manager/GlobalData.ts -> file:///D:/xuhang/guan_dan/assets/scripts/manager/UIConfig.ts -> file:///D:/xuhang/guan_dan/assets/scripts/component/SetingItem.ts -> file:///D:/xuhang/guan_dan/assets/scripts/common/utils.ts
[warning][[Build.Script.Rollup]] Circular dependency: file:///D:/xuhang/guan_dan/assets/scripts/manager/SoundManager.ts -> file:///D:/xuhang/guan_dan/assets/scripts/AppGlobal.ts -> file:///D:/xuhang/guan_dan/assets/scripts/common/utils.ts -> file:///D:/xuhang/guan_dan/assets/scripts/manager/GlobalData.ts -> file:///D:/xuhang/guan_dan/assets/scripts/manager/UIConfig.ts -> file:///D:/xuhang/guan_dan/assets/scripts/component/SetingItem.ts -> file:///D:/xuhang/guan_dan/assets/scripts/manager/SoundManager.ts
[warning][[Build.Script.Rollup]] Circular dependency: file:///D:/xuhang/guan_dan/assets/scripts/common/utils.ts -> file:///D:/xuhang/guan_dan/assets/scripts/manager/GlobalData.ts -> file:///D:/xuhang/guan_dan/assets/scripts/manager/UIConfig.ts -> file:///D:/xuhang/guan_dan/assets/scripts/component/SetingItem.ts -> file:///D:/xuhang/guan_dan/assets/scripts/manager/UIManager.ts -> file:///D:/xuhang/guan_dan/assets/scripts/common/utils.ts
[warning][[Build.Script.Rollup]] Circular dependency: file:///D:/xuhang/guan_dan/assets/scripts/manager/UIConfig.ts -> file:///D:/xuhang/guan_dan/assets/scripts/component/SetingItem.ts -> file:///D:/xuhang/guan_dan/assets/scripts/manager/UIManager.ts -> file:///D:/xuhang/guan_dan/assets/scripts/manager/UIConfig.ts
[warning][[Build.Script.Rollup]] Circular dependency: file:///D:/xuhang/guan_dan/assets/scripts/manager/UIConfig.ts -> file:///D:/xuhang/guan_dan/assets/scripts/component/SetingItem.ts -> file:///D:/xuhang/guan_dan/assets/scripts/manager/UIConfig.ts
[warning][[Build.Script.Rollup]] Circular dependency: file:///D:/xuhang/guan_dan/assets/scripts/manager/GlobalData.ts -> file:///D:/xuhang/guan_dan/assets/scripts/manager/UIConfig.ts -> file:///D:/xuhang/guan_dan/assets/scripts/component/SetingItem.ts -> file:///D:/xuhang/guan_dan/assets/scripts/manager/GlobalData.ts
[warning][[Build.Script.Rollup]] Circular dependency: file:///D:/xuhang/guan_dan/assets/scripts/manager/SoundManager.ts -> file:///D:/xuhang/guan_dan/assets/scripts/AppGlobal.ts -> file:///D:/xuhang/guan_dan/assets/scripts/common/utils.ts -> file:///D:/xuhang/guan_dan/assets/scripts/manager/GlobalData.ts -> file:///D:/xuhang/guan_dan/assets/scripts/manager/UIConfig.ts -> file:///D:/xuhang/guan_dan/assets/scripts/component/RuleItem.ts -> file:///D:/xuhang/guan_dan/assets/scripts/manager/SoundManager.ts
[warning][[Build.Script.Rollup]] Circular dependency: file:///D:/xuhang/guan_dan/assets/scripts/manager/GlobalData.ts -> file:///D:/xuhang/guan_dan/assets/scripts/manager/UIConfig.ts -> file:///D:/xuhang/guan_dan/assets/scripts/component/team/TeamItem.ts -> file:///D:/xuhang/guan_dan/assets/scripts/manager/GlobalData.ts
[warning][[Build.Script.Rollup]] Circular dependency: file:///D:/xuhang/guan_dan/assets/scripts/manager/UIConfig.ts -> file:///D:/xuhang/guan_dan/assets/scripts/component/room/KeyBoardItem.ts -> file:///D:/xuhang/guan_dan/assets/scripts/manager/UIConfig.ts
[warning][[Build.Script.Rollup]] Circular dependency: file:///D:/xuhang/guan_dan/assets/scripts/manager/SoundManager.ts -> file:///D:/xuhang/guan_dan/assets/scripts/AppGlobal.ts -> file:///D:/xuhang/guan_dan/assets/scripts/common/utils.ts -> file:///D:/xuhang/guan_dan/assets/scripts/manager/GlobalData.ts -> file:///D:/xuhang/guan_dan/assets/scripts/manager/UIConfig.ts -> file:///D:/xuhang/guan_dan/assets/scripts/component/room/CreateRoomItem.ts -> file:///D:/xuhang/guan_dan/assets/scripts/manager/SoundManager.ts
[warning][[Build.Script.Rollup]] Circular dependency: file:///D:/xuhang/guan_dan/assets/scripts/manager/GlobalData.ts -> file:///D:/xuhang/guan_dan/assets/scripts/manager/UIConfig.ts -> file:///D:/xuhang/guan_dan/assets/scripts/component/room/CreateRoomItem.ts -> file:///D:/xuhang/guan_dan/assets/scripts/manager/GlobalData.ts
[warning][[Build.Script.Rollup]] Circular dependency: file:///D:/xuhang/guan_dan/assets/scripts/manager/SoundManager.ts -> file:///D:/xuhang/guan_dan/assets/scripts/AppGlobal.ts -> file:///D:/xuhang/guan_dan/assets/scripts/common/utils.ts -> file:///D:/xuhang/guan_dan/assets/scripts/manager/GlobalData.ts -> file:///D:/xuhang/guan_dan/assets/scripts/manager/UIConfig.ts -> file:///D:/xuhang/guan_dan/assets/scripts/component/gameEndFree/GameEndFreeItem.ts -> file:///D:/xuhang/guan_dan/assets/scripts/manager/SoundManager.ts
[warning][[Build.Script.Rollup]] Circular dependency: file:///D:/xuhang/guan_dan/assets/scripts/common/utils.ts -> file:///D:/xuhang/guan_dan/assets/scripts/manager/GlobalData.ts -> file:///D:/xuhang/guan_dan/assets/scripts/manager/UIConfig.ts -> file:///D:/xuhang/guan_dan/assets/scripts/component/gameEndFree/GameEndFreeItem.ts -> file:///D:/xuhang/guan_dan/assets/scripts/component/gameEndFree/GameEndFreeHeadItem.ts -> file:///D:/xuhang/guan_dan/assets/scripts/common/utils.ts
[warning][[Build.Script.Rollup]] Circular dependency: file:///D:/xuhang/guan_dan/assets/scripts/manager/GlobalData.ts -> file:///D:/xuhang/guan_dan/assets/scripts/manager/UIConfig.ts -> file:///D:/xuhang/guan_dan/assets/scripts/component/gameEndFree/GameEndFreeItem.ts -> file:///D:/xuhang/guan_dan/assets/scripts/component/gameEndFree/GameEndFreeHeadItem.ts -> file:///D:/xuhang/guan_dan/assets/scripts/manager/GlobalData.ts
[warning][[Build.Script.Rollup]] Circular dependency: file:///D:/xuhang/guan_dan/assets/scripts/common/utils.ts -> file:///D:/xuhang/guan_dan/assets/scripts/manager/GlobalData.ts -> file:///D:/xuhang/guan_dan/assets/scripts/manager/UIConfig.ts -> file:///D:/xuhang/guan_dan/assets/scripts/component/gameEndFree/GameEndFreeItem.ts -> file:///D:/xuhang/guan_dan/assets/scripts/common/utils.ts
[warning][[Build.Script.Rollup]] Circular dependency: file:///D:/xuhang/guan_dan/assets/scripts/common/utils.ts -> file:///D:/xuhang/guan_dan/assets/scripts/manager/GlobalData.ts -> file:///D:/xuhang/guan_dan/assets/scripts/manager/UIConfig.ts -> file:///D:/xuhang/guan_dan/assets/scripts/component/gameEndFree/GameEndFreeItem.ts -> file:///D:/xuhang/guan_dan/assets/scripts/component/game/GameLogic.ts -> file:///D:/xuhang/guan_dan/assets/scripts/common/utils.ts
[warning][[Build.Script.Rollup]] Circular dependency: file:///D:/xuhang/guan_dan/assets/scripts/manager/GlobalData.ts -> file:///D:/xuhang/guan_dan/assets/scripts/manager/UIConfig.ts -> file:///D:/xuhang/guan_dan/assets/scripts/component/gameEndFree/GameEndFreeItem.ts -> file:///D:/xuhang/guan_dan/assets/scripts/component/game/GameLogic.ts -> file:///D:/xuhang/guan_dan/assets/scripts/manager/GlobalData.ts
[warning][[Build.Script.Rollup]] Circular dependency: file:///D:/xuhang/guan_dan/assets/scripts/manager/SoundManager.ts -> file:///D:/xuhang/guan_dan/assets/scripts/AppGlobal.ts -> file:///D:/xuhang/guan_dan/assets/scripts/common/utils.ts -> file:///D:/xuhang/guan_dan/assets/scripts/manager/GlobalData.ts -> file:///D:/xuhang/guan_dan/assets/scripts/manager/UIConfig.ts -> file:///D:/xuhang/guan_dan/assets/scripts/component/gameEndFree/GameEndFreeItem.ts -> file:///D:/xuhang/guan_dan/assets/scripts/component/game/GameLogic.ts -> file:///D:/xuhang/guan_dan/assets/scripts/manager/SoundManager.ts
[warning][[Build.Script.Rollup]] Circular dependency: file:///D:/xuhang/guan_dan/assets/scripts/manager/UIConfig.ts -> file:///D:/xuhang/guan_dan/assets/scripts/component/gameEndFree/GameEndFreeItem.ts -> file:///D:/xuhang/guan_dan/assets/scripts/manager/UIConfig.ts
[warning][[Build.Script.Rollup]] Circular dependency: file:///D:/xuhang/guan_dan/assets/scripts/manager/GlobalData.ts -> file:///D:/xuhang/guan_dan/assets/scripts/manager/UIConfig.ts -> file:///D:/xuhang/guan_dan/assets/scripts/component/gameEndFree/GameEndFreeItem.ts -> file:///D:/xuhang/guan_dan/assets/scripts/manager/GlobalData.ts
[warning][[Build.Script.Rollup]] Circular dependency: file:///D:/xuhang/guan_dan/assets/scripts/common/utils.ts -> file:///D:/xuhang/guan_dan/assets/scripts/manager/GlobalData.ts -> file:///D:/xuhang/guan_dan/assets/scripts/manager/UIConfig.ts -> file:///D:/xuhang/guan_dan/assets/scripts/component/gameEndFree/GameEndFreeItem.ts -> file:///D:/xuhang/guan_dan/assets/scripts/manager/GameSocket.ts -> file:///D:/xuhang/guan_dan/assets/scripts/common/utils.ts
[warning][[Build.Script.Rollup]] Circular dependency: file:///D:/xuhang/guan_dan/assets/scripts/common/utils.ts -> file:///D:/xuhang/guan_dan/assets/scripts/manager/GlobalData.ts -> file:///D:/xuhang/guan_dan/assets/scripts/manager/UIConfig.ts -> file:///D:/xuhang/guan_dan/assets/scripts/component/gameEndFree/GameEndFreeItem.ts -> file:///D:/xuhang/guan_dan/assets/scripts/manager/GameSocket.ts -> file:///D:/xuhang/guan_dan/assets/scripts/common/websocket.ts -> file:///D:/xuhang/guan_dan/assets/scripts/common/utils.ts
[warning][[Build.Script.Rollup]] Circular dependency: file:///D:/xuhang/guan_dan/assets/scripts/manager/GlobalData.ts -> file:///D:/xuhang/guan_dan/assets/scripts/manager/UIConfig.ts -> file:///D:/xuhang/guan_dan/assets/scripts/component/gameEndFree/GameEndFreeItem.ts -> file:///D:/xuhang/guan_dan/assets/scripts/manager/GameSocket.ts -> file:///D:/xuhang/guan_dan/assets/scripts/manager/GlobalData.ts
[warning][[Build.Script.Rollup]] Circular dependency: file:///D:/xuhang/guan_dan/assets/scripts/manager/UIConfig.ts -> file:///D:/xuhang/guan_dan/assets/scripts/component/gameEndFree/GameEndFreeItem.ts -> file:///D:/xuhang/guan_dan/assets/scripts/manager/GameSocket.ts -> file:///D:/xuhang/guan_dan/assets/scripts/manager/UIConfig.ts
[warning][[Build.Script.Rollup]] Circular dependency: file:///D:/xuhang/guan_dan/assets/scripts/manager/SoundManager.ts -> file:///D:/xuhang/guan_dan/assets/scripts/AppGlobal.ts -> file:///D:/xuhang/guan_dan/assets/scripts/common/utils.ts -> file:///D:/xuhang/guan_dan/assets/scripts/manager/GlobalData.ts -> file:///D:/xuhang/guan_dan/assets/scripts/manager/UIConfig.ts -> file:///D:/xuhang/guan_dan/assets/scripts/component/gameEndScoreRank/GameEndScoreRankItem.ts -> file:///D:/xuhang/guan_dan/assets/scripts/component/rank/RankScore.ts -> file:///D:/xuhang/guan_dan/assets/scripts/manager/SoundManager.ts
[warning][[Build.Script.Rollup]] Circular dependency: file:///D:/xuhang/guan_dan/assets/scripts/manager/GlobalData.ts -> file:///D:/xuhang/guan_dan/assets/scripts/manager/UIConfig.ts -> file:///D:/xuhang/guan_dan/assets/scripts/component/gameEndScoreRank/GameEndScoreRankItem.ts -> file:///D:/xuhang/guan_dan/assets/scripts/component/rank/RankScore.ts -> file:///D:/xuhang/guan_dan/assets/scripts/component/rank/RankScorePerson.ts -> file:///D:/xuhang/guan_dan/assets/scripts/manager/GlobalData.ts
[warning][[Build.Script.Rollup]] Circular dependency: file:///D:/xuhang/guan_dan/assets/scripts/common/utils.ts -> file:///D:/xuhang/guan_dan/assets/scripts/manager/GlobalData.ts -> file:///D:/xuhang/guan_dan/assets/scripts/manager/UIConfig.ts -> file:///D:/xuhang/guan_dan/assets/scripts/component/gameEndScoreRank/GameEndScoreRankItem.ts -> file:///D:/xuhang/guan_dan/assets/scripts/component/rank/RankScore.ts -> file:///D:/xuhang/guan_dan/assets/scripts/component/rank/RankScorePerson.ts -> file:///D:/xuhang/guan_dan/assets/scripts/component/rank/RankScorePersonSelfLine.ts -> file:///D:/xuhang/guan_dan/assets/scripts/component/LobbyUserHeadItem.ts -> file:///D:/xuhang/guan_dan/assets/scripts/common/utils.ts
[warning][[Build.Script.Rollup]] Circular dependency: file:///D:/xuhang/guan_dan/assets/scripts/manager/GlobalData.ts -> file:///D:/xuhang/guan_dan/assets/scripts/manager/UIConfig.ts -> file:///D:/xuhang/guan_dan/assets/scripts/component/gameEndScoreRank/GameEndScoreRankItem.ts -> file:///D:/xuhang/guan_dan/assets/scripts/component/rank/RankScore.ts -> file:///D:/xuhang/guan_dan/assets/scripts/component/rank/RankScorePerson.ts -> file:///D:/xuhang/guan_dan/assets/scripts/component/rank/RankScorePersonSelfLine.ts -> file:///D:/xuhang/guan_dan/assets/scripts/component/LobbyUserHeadItem.ts -> file:///D:/xuhang/guan_dan/assets/scripts/manager/GlobalData.ts
[warning][[Build.Script.Rollup]] Circular dependency: file:///D:/xuhang/guan_dan/assets/scripts/manager/GlobalData.ts -> file:///D:/xuhang/guan_dan/assets/scripts/manager/UIConfig.ts -> file:///D:/xuhang/guan_dan/assets/scripts/component/gameEndScoreRank/GameEndScoreRankItem.ts -> file:///D:/xuhang/guan_dan/assets/scripts/component/rank/RankScore.ts -> file:///D:/xuhang/guan_dan/assets/scripts/component/rank/RankScoreTeam.ts -> file:///D:/xuhang/guan_dan/assets/scripts/manager/GlobalData.ts
[warning][[Build.Script.Rollup]] Circular dependency: file:///D:/xuhang/guan_dan/assets/scripts/manager/SoundManager.ts -> file:///D:/xuhang/guan_dan/assets/scripts/AppGlobal.ts -> file:///D:/xuhang/guan_dan/assets/scripts/common/utils.ts -> file:///D:/xuhang/guan_dan/assets/scripts/manager/GlobalData.ts -> file:///D:/xuhang/guan_dan/assets/scripts/manager/UIConfig.ts -> file:///D:/xuhang/guan_dan/assets/scripts/component/gameEndScoreRank/GameEndScoreRankItem.ts -> file:///D:/xuhang/guan_dan/assets/scripts/manager/SoundManager.ts
[warning][[Build.Script.Rollup]] Circular dependency: file:///D:/xuhang/guan_dan/assets/scripts/manager/GlobalData.ts -> file:///D:/xuhang/guan_dan/assets/scripts/manager/UIConfig.ts -> file:///D:/xuhang/guan_dan/assets/scripts/component/gameEndScoreRank/GameEndScoreRankItem.ts -> file:///D:/xuhang/guan_dan/assets/scripts/component/gameEndScoreRank/GameEndScoreRankPerson.ts -> file:///D:/xuhang/guan_dan/assets/scripts/manager/GlobalData.ts
[warning][[Build.Script.Rollup]] Circular dependency: file:///D:/xuhang/guan_dan/assets/scripts/manager/GlobalData.ts -> file:///D:/xuhang/guan_dan/assets/scripts/manager/UIConfig.ts -> file:///D:/xuhang/guan_dan/assets/scripts/component/gameEndScoreRank/GameEndScoreRankItem.ts -> file:///D:/xuhang/guan_dan/assets/scripts/component/gameEndScoreRank/GameEndScoreRankTeam.ts -> file:///D:/xuhang/guan_dan/assets/scripts/manager/GlobalData.ts
[warning][[Build.Script.Rollup]] Circular dependency: file:///D:/xuhang/guan_dan/assets/scripts/common/utils.ts -> file:///D:/xuhang/guan_dan/assets/scripts/manager/GlobalData.ts -> file:///D:/xuhang/guan_dan/assets/scripts/manager/UIConfig.ts -> file:///D:/xuhang/guan_dan/assets/scripts/component/gameEndScoreRank/GameEndScoreRankItem.ts -> file:///D:/xuhang/guan_dan/assets/scripts/common/utils.ts
[warning][[Build.Script.Rollup]] Circular dependency: file:///D:/xuhang/guan_dan/assets/scripts/manager/GlobalData.ts -> file:///D:/xuhang/guan_dan/assets/scripts/manager/UIConfig.ts -> file:///D:/xuhang/guan_dan/assets/scripts/component/gameEndScoreRank/GameEndScoreRankItem.ts -> file:///D:/xuhang/guan_dan/assets/scripts/manager/GlobalData.ts
[warning][[Build.Script.Rollup]] Circular dependency: file:///D:/xuhang/guan_dan/assets/scripts/manager/UIConfig.ts -> file:///D:/xuhang/guan_dan/assets/scripts/component/gameEndScoreRank/GameEndScoreRankItem.ts -> file:///D:/xuhang/guan_dan/assets/scripts/manager/UIConfig.ts
[warning][[Build.Script.Rollup]] Circular dependency: file:///D:/xuhang/guan_dan/assets/scripts/manager/SoundManager.ts -> file:///D:/xuhang/guan_dan/assets/scripts/AppGlobal.ts -> file:///D:/xuhang/guan_dan/assets/scripts/common/utils.ts -> file:///D:/xuhang/guan_dan/assets/scripts/manager/GlobalData.ts -> file:///D:/xuhang/guan_dan/assets/scripts/manager/UIConfig.ts -> file:///D:/xuhang/guan_dan/assets/scripts/component/gameEndScore/GameEndScoreItem.ts -> file:///D:/xuhang/guan_dan/assets/scripts/manager/SoundManager.ts
[warning][[Build.Script.Rollup]] Circular dependency: file:///D:/xuhang/guan_dan/assets/scripts/manager/GlobalData.ts -> file:///D:/xuhang/guan_dan/assets/scripts/manager/UIConfig.ts -> file:///D:/xuhang/guan_dan/assets/scripts/component/gameEndScore/GameEndScoreItem.ts -> file:///D:/xuhang/guan_dan/assets/scripts/manager/GlobalData.ts
[warning][[Build.Script.Rollup]] Circular dependency: file:///D:/xuhang/guan_dan/assets/scripts/manager/SoundManager.ts -> file:///D:/xuhang/guan_dan/assets/scripts/AppGlobal.ts -> file:///D:/xuhang/guan_dan/assets/scripts/common/utils.ts -> file:///D:/xuhang/guan_dan/assets/scripts/manager/GlobalData.ts -> file:///D:/xuhang/guan_dan/assets/scripts/manager/UIConfig.ts -> file:///D:/xuhang/guan_dan/assets/scripts/component/gameEndKick/GameEndKickItem.ts -> file:///D:/xuhang/guan_dan/assets/scripts/manager/SoundManager.ts
[warning][[Build.Script.Rollup]] Circular dependency: file:///D:/xuhang/guan_dan/assets/scripts/common/utils.ts -> file:///D:/xuhang/guan_dan/assets/scripts/manager/GlobalData.ts -> file:///D:/xuhang/guan_dan/assets/scripts/manager/UIConfig.ts -> file:///D:/xuhang/guan_dan/assets/scripts/component/gameEndKick/GameEndKickItem.ts -> file:///D:/xuhang/guan_dan/assets/scripts/component/gameEndKick/GameEndKickHeadItem.ts -> file:///D:/xuhang/guan_dan/assets/scripts/common/utils.ts
[warning][[Build.Script.Rollup]] Circular dependency: file:///D:/xuhang/guan_dan/assets/scripts/manager/GlobalData.ts -> file:///D:/xuhang/guan_dan/assets/scripts/manager/UIConfig.ts -> file:///D:/xuhang/guan_dan/assets/scripts/component/gameEndKick/GameEndKickItem.ts -> file:///D:/xuhang/guan_dan/assets/scripts/manager/GlobalData.ts
[warning][[Build.Script.Rollup]] Circular dependency: file:///D:/xuhang/guan_dan/assets/scripts/manager/UIConfig.ts -> file:///D:/xuhang/guan_dan/assets/scripts/component/gameEndKick/GameEndKickItem.ts -> file:///D:/xuhang/guan_dan/assets/scripts/manager/UIConfig.ts
[warning][[Build.Script.Rollup]] Circular dependency: file:///D:/xuhang/guan_dan/assets/scripts/manager/SoundManager.ts -> file:///D:/xuhang/guan_dan/assets/scripts/AppGlobal.ts -> file:///D:/xuhang/guan_dan/assets/scripts/common/utils.ts -> file:///D:/xuhang/guan_dan/assets/scripts/manager/GlobalData.ts -> file:///D:/xuhang/guan_dan/assets/scripts/manager/UIConfig.ts -> file:///D:/xuhang/guan_dan/assets/scripts/component/gameEndKickUp/GameEndKickUpItem.ts -> file:///D:/xuhang/guan_dan/assets/scripts/manager/SoundManager.ts
[warning][[Build.Script.Rollup]] Circular dependency: file:///D:/xuhang/guan_dan/assets/scripts/manager/GlobalData.ts -> file:///D:/xuhang/guan_dan/assets/scripts/manager/UIConfig.ts -> file:///D:/xuhang/guan_dan/assets/scripts/component/gameEndKickUp/GameEndKickUpItem.ts -> file:///D:/xuhang/guan_dan/assets/scripts/manager/GlobalData.ts
[warning][[Build.Script.Rollup]] Circular dependency: file:///D:/xuhang/guan_dan/assets/scripts/manager/UIConfig.ts -> file:///D:/xuhang/guan_dan/assets/scripts/component/gameEndKickUp/GameEndKickUpItem.ts -> file:///D:/xuhang/guan_dan/assets/scripts/manager/UIConfig.ts
[warning][[Build.Script.Rollup]] Circular dependency: file:///D:/xuhang/guan_dan/assets/scripts/common/utils.ts -> file:///D:/xuhang/guan_dan/assets/scripts/manager/GlobalData.ts -> file:///D:/xuhang/guan_dan/assets/scripts/manager/UIConfig.ts -> file:///D:/xuhang/guan_dan/assets/scripts/component/gameEndKickUp/GameEndKickUpItem.ts -> file:///D:/xuhang/guan_dan/assets/scripts/common/utils.ts
[warning][[Build.Script.Rollup]] Circular dependency: file:///D:/xuhang/guan_dan/assets/scripts/manager/SoundManager.ts -> file:///D:/xuhang/guan_dan/assets/scripts/AppGlobal.ts -> file:///D:/xuhang/guan_dan/assets/scripts/common/utils.ts -> file:///D:/xuhang/guan_dan/assets/scripts/manager/GlobalData.ts -> file:///D:/xuhang/guan_dan/assets/scripts/manager/UIConfig.ts -> file:///D:/xuhang/guan_dan/assets/scripts/component/teamUp/TeamUpItem.ts -> file:///D:/xuhang/guan_dan/assets/scripts/manager/SoundManager.ts
[warning][[Build.Script.Rollup]] Circular dependency: file:///D:/xuhang/guan_dan/assets/scripts/common/utils.ts -> file:///D:/xuhang/guan_dan/assets/scripts/manager/GlobalData.ts -> file:///D:/xuhang/guan_dan/assets/scripts/manager/UIConfig.ts -> file:///D:/xuhang/guan_dan/assets/scripts/component/teamUp/TeamUpItem.ts -> file:///D:/xuhang/guan_dan/assets/scripts/common/utils.ts
[warning][[Build.Script.Rollup]] Circular dependency: file:///D:/xuhang/guan_dan/assets/scripts/manager/GlobalData.ts -> file:///D:/xuhang/guan_dan/assets/scripts/manager/UIConfig.ts -> file:///D:/xuhang/guan_dan/assets/scripts/component/teamUp/TeamUpItem.ts -> file:///D:/xuhang/guan_dan/assets/scripts/manager/GlobalData.ts
[warning][[Build.Script.Rollup]] Circular dependency: file:///D:/xuhang/guan_dan/assets/scripts/AppGlobal.ts -> file:///D:/xuhang/guan_dan/assets/scripts/common/utils.ts -> file:///D:/xuhang/guan_dan/assets/scripts/manager/GlobalData.ts -> file:///D:/xuhang/guan_dan/assets/scripts/manager/UIConfig.ts -> file:///D:/xuhang/guan_dan/assets/scripts/component/teamUp/TeamUpItem.ts -> file:///D:/xuhang/guan_dan/assets/scripts/AppGlobal.ts
[warning][[Build.Script.Rollup]] Circular dependency: file:///D:/xuhang/guan_dan/assets/scripts/manager/GlobalData.ts -> file:///D:/xuhang/guan_dan/assets/scripts/manager/UIConfig.ts -> file:///D:/xuhang/guan_dan/assets/scripts/component/raceScore/RaceScoreItem.ts -> file:///D:/xuhang/guan_dan/assets/scripts/manager/GlobalData.ts
[warning][[Build.Script.Rollup]] Circular dependency: file:///D:/xuhang/guan_dan/assets/scripts/manager/SoundManager.ts -> file:///D:/xuhang/guan_dan/assets/scripts/AppGlobal.ts -> file:///D:/xuhang/guan_dan/assets/scripts/common/utils.ts -> file:///D:/xuhang/guan_dan/assets/scripts/manager/GlobalData.ts -> file:///D:/xuhang/guan_dan/assets/scripts/manager/UIConfig.ts -> file:///D:/xuhang/guan_dan/assets/scripts/component/raceScore/RaceScoreItem.ts -> file:///D:/xuhang/guan_dan/assets/scripts/manager/SoundManager.ts
[warning][[Build.Script.Rollup]] Circular dependency: file:///D:/xuhang/guan_dan/assets/scripts/common/utils.ts -> file:///D:/xuhang/guan_dan/assets/scripts/manager/GlobalData.ts -> file:///D:/xuhang/guan_dan/assets/scripts/manager/UIConfig.ts -> file:///D:/xuhang/guan_dan/assets/scripts/component/raceScore/RaceScoreItem.ts -> file:///D:/xuhang/guan_dan/assets/scripts/common/utils.ts
[warning][[Build.Script.Rollup]] Circular dependency: file:///D:/xuhang/guan_dan/assets/scripts/manager/UIConfig.ts -> file:///D:/xuhang/guan_dan/assets/scripts/component/raceScore/RaceScoreItem.ts -> file:///D:/xuhang/guan_dan/assets/scripts/manager/UIConfig.ts
[warning][[Build.Script.Rollup]] Circular dependency: file:///D:/xuhang/guan_dan/assets/scripts/manager/GlobalData.ts -> file:///D:/xuhang/guan_dan/assets/scripts/manager/UIConfig.ts -> file:///D:/xuhang/guan_dan/assets/scripts/component/raceKick/RaceKickItem.ts -> file:///D:/xuhang/guan_dan/assets/scripts/manager/GlobalData.ts
[warning][[Build.Script.Rollup]] Circular dependency: file:///D:/xuhang/guan_dan/assets/scripts/manager/SoundManager.ts -> file:///D:/xuhang/guan_dan/assets/scripts/AppGlobal.ts -> file:///D:/xuhang/guan_dan/assets/scripts/common/utils.ts -> file:///D:/xuhang/guan_dan/assets/scripts/manager/GlobalData.ts -> file:///D:/xuhang/guan_dan/assets/scripts/manager/UIConfig.ts -> file:///D:/xuhang/guan_dan/assets/scripts/component/raceKick/RaceKickItem.ts -> file:///D:/xuhang/guan_dan/assets/scripts/manager/SoundManager.ts
[warning][[Build.Script.Rollup]] Circular dependency: file:///D:/xuhang/guan_dan/assets/scripts/common/utils.ts -> file:///D:/xuhang/guan_dan/assets/scripts/manager/GlobalData.ts -> file:///D:/xuhang/guan_dan/assets/scripts/manager/UIConfig.ts -> file:///D:/xuhang/guan_dan/assets/scripts/component/raceKick/RaceKickItem.ts -> file:///D:/xuhang/guan_dan/assets/scripts/common/utils.ts
[warning][[Build.Script.Rollup]] Circular dependency: file:///D:/xuhang/guan_dan/assets/scripts/manager/GlobalData.ts -> file:///D:/xuhang/guan_dan/assets/scripts/manager/UIConfig.ts -> file:///D:/xuhang/guan_dan/assets/scripts/component/raceKick/RaceKickItem.ts -> file:///D:/xuhang/guan_dan/assets/scripts/component/raceKick/RaceKickLineItem.ts -> file:///D:/xuhang/guan_dan/assets/scripts/manager/GlobalData.ts
[warning][[Build.Script.Rollup]] Circular dependency: file:///D:/xuhang/guan_dan/assets/scripts/manager/SoundManager.ts -> file:///D:/xuhang/guan_dan/assets/scripts/AppGlobal.ts -> file:///D:/xuhang/guan_dan/assets/scripts/common/utils.ts -> file:///D:/xuhang/guan_dan/assets/scripts/manager/GlobalData.ts -> file:///D:/xuhang/guan_dan/assets/scripts/manager/UIConfig.ts -> file:///D:/xuhang/guan_dan/assets/scripts/component/raceKick/RaceKickItem.ts -> file:///D:/xuhang/guan_dan/assets/scripts/component/raceKick/RaceKickLineItem.ts -> file:///D:/xuhang/guan_dan/assets/scripts/manager/SoundManager.ts
[warning][[Build.Script.Rollup]] Circular dependency: file:///D:/xuhang/guan_dan/assets/scripts/common/utils.ts -> file:///D:/xuhang/guan_dan/assets/scripts/manager/GlobalData.ts -> file:///D:/xuhang/guan_dan/assets/scripts/manager/UIConfig.ts -> file:///D:/xuhang/guan_dan/assets/scripts/component/raceKick/RaceKickItem.ts -> file:///D:/xuhang/guan_dan/assets/scripts/component/raceKick/RaceKickLineItem.ts -> file:///D:/xuhang/guan_dan/assets/scripts/common/utils.ts
[warning][[Build.Script.Rollup]] Circular dependency: file:///D:/xuhang/guan_dan/assets/scripts/manager/UIConfig.ts -> file:///D:/xuhang/guan_dan/assets/scripts/component/raceKick/RaceKickItem.ts -> file:///D:/xuhang/guan_dan/assets/scripts/manager/UIConfig.ts
[warning][[Build.Script.Rollup]] Circular dependency: file:///D:/xuhang/guan_dan/assets/scripts/manager/SoundManager.ts -> file:///D:/xuhang/guan_dan/assets/scripts/AppGlobal.ts -> file:///D:/xuhang/guan_dan/assets/scripts/common/utils.ts -> file:///D:/xuhang/guan_dan/assets/scripts/manager/GlobalData.ts -> file:///D:/xuhang/guan_dan/assets/scripts/manager/UIConfig.ts -> file:///D:/xuhang/guan_dan/assets/scripts/component/MessageBoxCommonTest.ts -> file:///D:/xuhang/guan_dan/assets/scripts/manager/SoundManager.ts
[warning][[Build.Script.Rollup]] Circular dependency: file:///D:/xuhang/guan_dan/assets/scripts/manager/SoundManager.ts -> file:///D:/xuhang/guan_dan/assets/scripts/AppGlobal.ts -> file:///D:/xuhang/guan_dan/assets/scripts/common/utils.ts -> file:///D:/xuhang/guan_dan/assets/scripts/manager/GlobalData.ts -> file:///D:/xuhang/guan_dan/assets/scripts/manager/UIConfig.ts -> file:///D:/xuhang/guan_dan/assets/scripts/component/CreateTeamItem.ts -> file:///D:/xuhang/guan_dan/assets/scripts/manager/SoundManager.ts
[warning][[Build.Script.Rollup]] Circular dependency: file:///D:/xuhang/guan_dan/assets/scripts/manager/SoundManager.ts -> file:///D:/xuhang/guan_dan/assets/scripts/AppGlobal.ts -> file:///D:/xuhang/guan_dan/assets/scripts/common/utils.ts -> file:///D:/xuhang/guan_dan/assets/scripts/manager/GlobalData.ts -> file:///D:/xuhang/guan_dan/assets/scripts/manager/UIConfig.ts -> file:///D:/xuhang/guan_dan/assets/scripts/component/gameStartNotice/GameStartNotice.ts -> file:///D:/xuhang/guan_dan/assets/scripts/manager/SoundManager.ts
[warning][[Build.Script.Rollup]] Circular dependency: file:///D:/xuhang/guan_dan/assets/scripts/common/utils.ts -> file:///D:/xuhang/guan_dan/assets/scripts/manager/GlobalData.ts -> file:///D:/xuhang/guan_dan/assets/scripts/manager/UIConfig.ts -> file:///D:/xuhang/guan_dan/assets/scripts/component/gameStartNotice/GameStartNotice.ts -> file:///D:/xuhang/guan_dan/assets/scripts/common/utils.ts
[warning][[Build.Script.Rollup]] Circular dependency: file:///D:/xuhang/guan_dan/assets/scripts/manager/SoundManager.ts -> file:///D:/xuhang/guan_dan/assets/scripts/AppGlobal.ts -> file:///D:/xuhang/guan_dan/assets/scripts/common/utils.ts -> file:///D:/xuhang/guan_dan/assets/scripts/manager/GlobalData.ts -> file:///D:/xuhang/guan_dan/assets/scripts/manager/UIConfig.ts -> file:///D:/xuhang/guan_dan/assets/scripts/component/gameStartNotice/FreeUpItem.ts -> file:///D:/xuhang/guan_dan/assets/scripts/manager/SoundManager.ts
[warning][[Build.Script.Rollup]] Circular dependency: file:///D:/xuhang/guan_dan/assets/scripts/manager/GlobalData.ts -> file:///D:/xuhang/guan_dan/assets/scripts/manager/UIConfig.ts -> file:///D:/xuhang/guan_dan/assets/scripts/component/gameStartNotice/FreeUpItem.ts -> file:///D:/xuhang/guan_dan/assets/scripts/manager/GlobalData.ts
[warning][[Build.Script.Rollup]] Circular dependency: file:///D:/xuhang/guan_dan/assets/scripts/manager/SoundManager.ts -> file:///D:/xuhang/guan_dan/assets/scripts/AppGlobal.ts -> file:///D:/xuhang/guan_dan/assets/scripts/common/utils.ts -> file:///D:/xuhang/guan_dan/assets/scripts/manager/GlobalData.ts -> file:///D:/xuhang/guan_dan/assets/scripts/manager/UIConfig.ts -> file:///D:/xuhang/guan_dan/assets/scripts/component/rankRace/RankRaceItem.ts -> file:///D:/xuhang/guan_dan/assets/scripts/manager/SoundManager.ts
[warning][[Build.Script.Rollup]] Circular dependency: file:///D:/xuhang/guan_dan/assets/scripts/manager/GlobalData.ts -> file:///D:/xuhang/guan_dan/assets/scripts/manager/UIConfig.ts -> file:///D:/xuhang/guan_dan/assets/scripts/component/rankRace/RankRaceItem.ts -> file:///D:/xuhang/guan_dan/assets/scripts/component/rankRace/RankRaceKickItem.ts -> file:///D:/xuhang/guan_dan/assets/scripts/manager/GlobalData.ts
[warning][[Build.Script.Rollup]] Circular dependency: file:///D:/xuhang/guan_dan/assets/scripts/manager/GlobalData.ts -> file:///D:/xuhang/guan_dan/assets/scripts/manager/UIConfig.ts -> file:///D:/xuhang/guan_dan/assets/scripts/component/rankRace/RankRaceItem.ts -> file:///D:/xuhang/guan_dan/assets/scripts/component/rankRace/RankRaceScoreItem.ts -> file:///D:/xuhang/guan_dan/assets/scripts/manager/GlobalData.ts
[warning][[Build.Script.Rollup]] Circular dependency: file:///D:/xuhang/guan_dan/assets/scripts/manager/GlobalData.ts -> file:///D:/xuhang/guan_dan/assets/scripts/manager/UIConfig.ts -> file:///D:/xuhang/guan_dan/assets/scripts/component/rankRace/RankRaceItem.ts -> file:///D:/xuhang/guan_dan/assets/scripts/component/rankRace/RankRaceAuditionItem.ts -> file:///D:/xuhang/guan_dan/assets/scripts/manager/GlobalData.ts
[warning][[Build.Script.Rollup]] Circular dependency: file:///D:/xuhang/guan_dan/assets/scripts/manager/GlobalData.ts -> file:///D:/xuhang/guan_dan/assets/scripts/manager/UIConfig.ts -> file:///D:/xuhang/guan_dan/assets/scripts/component/rank/RankKick.ts -> file:///D:/xuhang/guan_dan/assets/scripts/manager/GlobalData.ts
[warning][[Build.Script.Rollup]] Circular dependency: file:///D:/xuhang/guan_dan/assets/scripts/manager/SoundManager.ts -> file:///D:/xuhang/guan_dan/assets/scripts/AppGlobal.ts -> file:///D:/xuhang/guan_dan/assets/scripts/common/utils.ts -> file:///D:/xuhang/guan_dan/assets/scripts/manager/GlobalData.ts -> file:///D:/xuhang/guan_dan/assets/scripts/manager/UIConfig.ts -> file:///D:/xuhang/guan_dan/assets/scripts/component/rank/RankKick.ts -> file:///D:/xuhang/guan_dan/assets/scripts/manager/SoundManager.ts
[warning][[Build.Script.Rollup]] Circular dependency: file:///D:/xuhang/guan_dan/assets/scripts/manager/GlobalData.ts -> file:///D:/xuhang/guan_dan/assets/scripts/manager/UIConfig.ts -> file:///D:/xuhang/guan_dan/assets/scripts/component/raceAudition/RaceAuditionItem.ts -> file:///D:/xuhang/guan_dan/assets/scripts/manager/GlobalData.ts
[warning][[Build.Script.Rollup]] Circular dependency: file:///D:/xuhang/guan_dan/assets/scripts/manager/SoundManager.ts -> file:///D:/xuhang/guan_dan/assets/scripts/AppGlobal.ts -> file:///D:/xuhang/guan_dan/assets/scripts/common/utils.ts -> file:///D:/xuhang/guan_dan/assets/scripts/manager/GlobalData.ts -> file:///D:/xuhang/guan_dan/assets/scripts/manager/UIConfig.ts -> file:///D:/xuhang/guan_dan/assets/scripts/component/raceAudition/RaceAuditionItem.ts -> file:///D:/xuhang/guan_dan/assets/scripts/manager/SoundManager.ts
[warning][[Build.Script.Rollup]] Circular dependency: file:///D:/xuhang/guan_dan/assets/scripts/common/utils.ts -> file:///D:/xuhang/guan_dan/assets/scripts/manager/GlobalData.ts -> file:///D:/xuhang/guan_dan/assets/scripts/manager/UIConfig.ts -> file:///D:/xuhang/guan_dan/assets/scripts/component/raceAudition/RaceAuditionItem.ts -> file:///D:/xuhang/guan_dan/assets/scripts/common/utils.ts
[warning][[Build.Script.Rollup]] Circular dependency: file:///D:/xuhang/guan_dan/assets/scripts/manager/GlobalData.ts -> file:///D:/xuhang/guan_dan/assets/scripts/manager/UIConfig.ts -> file:///D:/xuhang/guan_dan/assets/scripts/component/rank/RankAuditionItem.ts -> file:///D:/xuhang/guan_dan/assets/scripts/manager/GlobalData.ts
[warning][[Build.Script.Rollup]] Circular dependency: file:///D:/xuhang/guan_dan/assets/scripts/manager/SoundManager.ts -> file:///D:/xuhang/guan_dan/assets/scripts/AppGlobal.ts -> file:///D:/xuhang/guan_dan/assets/scripts/common/utils.ts -> file:///D:/xuhang/guan_dan/assets/scripts/manager/GlobalData.ts -> file:///D:/xuhang/guan_dan/assets/scripts/manager/UIConfig.ts -> file:///D:/xuhang/guan_dan/assets/scripts/component/rank/RankAuditionItem.ts -> file:///D:/xuhang/guan_dan/assets/scripts/manager/SoundManager.ts
[warning][[Build.Script.Rollup]] Circular dependency: file:///D:/xuhang/guan_dan/assets/scripts/manager/SoundManager.ts -> file:///D:/xuhang/guan_dan/assets/scripts/AppGlobal.ts -> file:///D:/xuhang/guan_dan/assets/scripts/common/utils.ts -> file:///D:/xuhang/guan_dan/assets/scripts/manager/GlobalData.ts -> file:///D:/xuhang/guan_dan/assets/scripts/manager/UIConfig.ts -> file:///D:/xuhang/guan_dan/assets/scripts/component/gameEndAudition/GameEndAuditionItem.ts -> file:///D:/xuhang/guan_dan/assets/scripts/manager/SoundManager.ts
[warning][[Build.Script.Rollup]] Circular dependency: file:///D:/xuhang/guan_dan/assets/scripts/common/utils.ts -> file:///D:/xuhang/guan_dan/assets/scripts/manager/GlobalData.ts -> file:///D:/xuhang/guan_dan/assets/scripts/manager/UIConfig.ts -> file:///D:/xuhang/guan_dan/assets/scripts/component/gameEndAudition/GameEndAuditionItem.ts -> file:///D:/xuhang/guan_dan/assets/scripts/common/utils.ts
  
[warning][[Build.Script.Rollup]] Circular dependency: file:///D:/xuhang/guan_dan/assets/scripts/manager/UIConfig.ts -> file:///D:/xuhang/guan_dan/assets/scripts/component/SetingItem.ts -> file:///D:/xuhang/guan_dan/assets/scripts/manager/UIConfig.ts  
[warning][[Build.Script.Rollup]] Circular dependency: file:///D:/xuhang/guan_dan/assets/scripts/manager/GlobalData.ts -> file:///D:/xuhang/guan_dan/assets/scripts/manager/UIConfig.ts -> file:///D:/xuhang/guan_dan/assets/scripts/component/SetingItem.ts -> file:///D:/xuhang/guan_dan/assets/scripts/manager/GlobalData.ts  
[warning][[Build.Script.Rollup]] Circular dependency: file:///D:/xuhang/guan_dan/assets/scripts/manager/SoundManager.ts -> file:///D:/xuhang/guan_dan/assets/scripts/AppGlobal.ts -> file:///D:/xuhang/guan_dan/assets/scripts/common/utils.ts -> file:///D:/xuhang/guan_dan/assets/scripts/manager/GlobalData.ts -> file:///D:/xuhang/guan_dan/assets/scripts/manager/UIConfig.ts -> file:///D:/xuhang/guan_dan/assets/scripts/component/RuleItem.ts -> file:///D:/xuhang/guan_dan/assets/scripts/manager/SoundManager.ts  
[warning][[Build.Script.Rollup]] Circular dependency: file:///D:/xuhang/guan_dan/assets/scripts/manager/GlobalData.ts -> file:///D:/xuhang/guan_dan/assets/scripts/manager/UIConfig.ts -> file:///D:/xuhang/guan_dan/assets/scripts/component/team/TeamItem.ts -> file:///D:/xuhang/guan_dan/assets/scripts/manager/GlobalData.ts  
[warning][[Build.Script.Rollup]] Circular dependency: file:///D:/xuhang/guan_dan/assets/scripts/manager/UIConfig.ts -> file:///D:/xuhang/guan_dan/assets/scripts/component/room/KeyBoardItem.ts -> file:///D:/xuhang/guan_dan/assets/scripts/manager/UIConfig.ts  
[warning][[Build.Script.Rollup]] Circular dependency: file:///D:/xuhang/guan_dan/assets/scripts/manager/SoundManager.ts -> file:///D:/xuhang/guan_dan/assets/scripts/AppGlobal.ts -> file:///D:/xuhang/guan_dan/assets/scripts/common/utils.ts -> file:///D:/xuhang/guan_dan/assets/scripts/manager/GlobalData.ts -> file:///D:/xuhang/guan_dan/assets/scripts/manager/UIConfig.ts -> file:///D:/xuhang/guan_dan/assets/scripts/component/room/CreateRoomItem.ts -> file:///D:/xuhang/guan_dan/assets/scripts/manager/SoundManager.ts  
[warning][[Build.Script.Rollup]] Circular dependency: file:///D:/xuhang/guan_dan/assets/scripts/manager/GlobalData.ts -> file:///D:/xuhang/guan_dan/assets/scripts/manager/UIConfig.ts -> file:///D:/xuhang/guan_dan/assets/scripts/component/room/CreateRoomItem.ts -> file:///D:/xuhang/guan_dan/assets/scripts/manager/GlobalData.ts  
[warning][[Build.Script.Rollup]] Circular dependency: file:///D:/xuhang/guan_dan/assets/scripts/manager/SoundManager.ts -> file:///D:/xuhang/guan_dan/assets/scripts/AppGlobal.ts -> file:///D:/xuhang/guan_dan/assets/scripts/common/utils.ts -> file:///D:/xuhang/guan_dan/assets/scripts/manager/GlobalData.ts -> file:///D:/xuhang/guan_dan/assets/scripts/manager/UIConfig.ts -> file:///D:/xuhang/guan_dan/assets/scripts/component/gameEndFree/GameEndFreeItem.ts -> file:///D:/xuhang/guan_dan/assets/scripts/manager/SoundManager.ts  
[warning][[Build.Script.Rollup]] Circular dependency: file:///D:/xuhang/guan_dan/assets/scripts/common/utils.ts -> file:///D:/xuhang/guan_dan/assets/scripts/manager/GlobalData.ts -> file:///D:/xuhang/guan_dan/assets/scripts/manager/UIConfig.ts -> file:///D:/xuhang/guan_dan/assets/scripts/component/gameEndFree/GameEndFreeItem.ts -> file:///D:/xuhang/guan_dan/assets/scripts/component/gameEndFree/GameEndFreeHeadItem.ts -> file:///D:/xuhang/guan_dan/assets/scripts/common/utils.ts  
[warning][[Build.Script.Rollup]] Circular dependency: file:///D:/xuhang/guan_dan/assets/scripts/manager/GlobalData.ts -> file:///D:/xuhang/guan_dan/assets/scripts/manager/UIConfig.ts -> file:///D:/xuhang/guan_dan/assets/scripts/component/gameEndFree/GameEndFreeItem.ts -> file:///D:/xuhang/guan_dan/assets/scripts/component/gameEndFree/GameEndFreeHeadItem.ts -> file:///D:/xuhang/guan_dan/assets/scripts/manager/GlobalData.ts  
[warning][[Build.Script.Rollup]] Circular dependency: file:///D:/xuhang/guan_dan/assets/scripts/common/utils.ts -> file:///D:/xuhang/guan_dan/assets/scripts/manager/GlobalData.ts -> file:///D:/xuhang/guan_dan/assets/scripts/manager/UIConfig.ts -> file:///D:/xuhang/guan_dan/assets/scripts/component/gameEndFree/GameEndFreeItem.ts -> file:///D:/xuhang/guan_dan/assets/scripts/common/utils.ts  
[warning][[Build.Script.Rollup]] Circular dependency: file:///D:/xuhang/guan_dan/assets/scripts/common/utils.ts -> file:///D:/xuhang/guan_dan/assets/scripts/manager/GlobalData.ts -> file:///D:/xuhang/guan_dan/assets/scripts/manager/UIConfig.ts -> file:///D:/xuhang/guan_dan/assets/scripts/component/gameEndFree/GameEndFreeItem.ts -> file:///D:/xuhang/guan_dan/assets/scripts/component/game/GameLogic.ts -> file:///D:/xuhang/guan_dan/assets/scripts/common/utils.ts  
[warning][[Build.Script.Rollup]] Circular dependency: file:///D:/xuhang/guan_dan/assets/scripts/manager/GlobalData.ts -> file:///D:/xuhang/guan_dan/assets/scripts/manager/UIConfig.ts -> file:///D:/xuhang/guan_dan/assets/scripts/component/gameEndFree/GameEndFreeItem.ts -> file:///D:/xuhang/guan_dan/assets/scripts/component/game/GameLogic.ts -> file:///D:/xuhang/guan_dan/assets/scripts/manager/GlobalData.ts  
[warning][[Build.Script.Rollup]] Circular dependency: file:///D:/xuhang/guan_dan/assets/scripts/manager/SoundManager.ts -> file:///D:/xuhang/guan_dan/assets/scripts/AppGlobal.ts -> file:///D:/xuhang/guan_dan/assets/scripts/common/utils.ts -> file:///D:/xuhang/guan_dan/assets/scripts/manager/GlobalData.ts -> file:///D:/xuhang/guan_dan/assets/scripts/manager/UIConfig.ts -> file:///D:/xuhang/guan_dan/assets/scripts/component/gameEndFree/GameEndFreeItem.ts -> file:///D:/xuhang/guan_dan/assets/scripts/component/game/GameLogic.ts -> file:///D:/xuhang/guan_dan/assets/scripts/manager/SoundManager.ts  
[warning][[Build.Script.Rollup]] Circular dependency: file:///D:/xuhang/guan_dan/assets/scripts/manager/UIConfig.ts -> file:///D:/xuhang/guan_dan/assets/scripts/component/gameEndFree/GameEndFreeItem.ts -> file:///D:/xuhang/guan_dan/assets/scripts/manager/UIConfig.ts  
[warning][[Build.Script.Rollup]] Circular dependency: file:///D:/xuhang/guan_dan/assets/scripts/manager/GlobalData.ts -> file:///D:/xuhang/guan_dan/assets/scripts/manager/UIConfig.ts -> file:///D:/xuhang/guan_dan/assets/scripts/component/gameEndFree/GameEndFreeItem.ts -> file:///D:/xuhang/guan_dan/assets/scripts/manager/GlobalData.ts  
[warning][[Build.Script.Rollup]] Circular dependency: file:///D:/xuhang/guan_dan/assets/scripts/common/utils.ts -> file:///D:/xuhang/guan_dan/assets/scripts/manager/GlobalData.ts -> file:///D:/xuhang/guan_dan/assets/scripts/manager/UIConfig.ts -> file:///D:/xuhang/guan_dan/assets/scripts/component/gameEndFree/GameEndFreeItem.ts -> file:///D:/xuhang/guan_dan/assets/scripts/manager/GameSocket.ts -> file:///D:/xuhang/guan_dan/assets/scripts/common/utils.ts  
[warning][[Build.Script.Rollup]] Circular dependency: file:///D:/xuhang/guan_dan/assets/scripts/common/utils.ts -> file:///D:/xuhang/guan_dan/assets/scripts/manager/GlobalData.ts -> file:///D:/xuhang/guan_dan/assets/scripts/manager/UIConfig.ts -> file:///D:/xuhang/guan_dan/assets/scripts/component/gameEndFree/GameEndFreeItem.ts -> file:///D:/xuhang/guan_dan/assets/scripts/manager/GameSocket.ts -> file:///D:/xuhang/guan_dan/assets/scripts/common/websocket.ts -> file:///D:/xuhang/guan_dan/assets/scripts/common/utils.ts  
[warning][[Build.Script.Rollup]] Circular dependency: file:///D:/xuhang/guan_dan/assets/scripts/manager/GlobalData.ts -> file:///D:/xuhang/guan_dan/assets/scripts/manager/UIConfig.ts -> file:///D:/xuhang/guan_dan/assets/scripts/component/gameEndFree/GameEndFreeItem.ts -> file:///D:/xuhang/guan_dan/assets/scripts/manager/GameSocket.ts -> file:///D:/xuhang/guan_dan/assets/scripts/manager/GlobalData.ts  
[warning][[Build.Script.Rollup]] Circular dependency: file:///D:/xuhang/guan_dan/assets/scripts/manager/UIConfig.ts -> file:///D:/xuhang/guan_dan/assets/scripts/component/gameEndFree/GameEndFreeItem.ts -> file:///D:/xuhang/guan_dan/assets/scripts/manager/GameSocket.ts -> file:///D:/xuhang/guan_dan/assets/scripts/manager/UIConfig.ts  
[warning][[Build.Script.Rollup]] Circular dependency: file:///D:/xuhang/guan_dan/assets/scripts/manager/SoundManager.ts -> file:///D:/xuhang/guan_dan/assets/scripts/AppGlobal.ts -> file:///D:/xuhang/guan_dan/assets/scripts/common/utils.ts -> file:///D:/xuhang/guan_dan/assets/scripts/manager/GlobalData.ts -> file:///D:/xuhang/guan_dan/assets/scripts/manager/UIConfig.ts -> file:///D:/xuhang/guan_dan/assets/scripts/component/gameEndScoreRank/GameEndScoreRankItem.ts -> file:///D:/xuhang/guan_dan/assets/scripts/component/rank/RankScore.ts -> file:///D:/xuhang/guan_dan/assets/scripts/manager/SoundManager.ts  
[warning][[Build.Script.Rollup]] Circular dependency: file:///D:/xuhang/guan_dan/assets/scripts/manager/GlobalData.ts -> file:///D:/xuhang/guan_dan/assets/scripts/manager/UIConfig.ts -> file:///D:/xuhang/guan_dan/assets/scripts/component/gameEndScoreRank/GameEndScoreRankItem.ts -> file:///D:/xuhang/guan_dan/assets/scripts/component/rank/RankScore.ts -> file:///D:/xuhang/guan_dan/assets/scripts/component/rank/RankScorePerson.ts -> file:///D:/xuhang/guan_dan/assets/scripts/manager/GlobalData.ts  
[warning][[Build.Script.Rollup]] Circular dependency: file:///D:/xuhang/guan_dan/assets/scripts/common/utils.ts -> file:///D:/xuhang/guan_dan/assets/scripts/manager/GlobalData.ts -> file:///D:/xuhang/guan_dan/assets/scripts/manager/UIConfig.ts -> file:///D:/xuhang/guan_dan/assets/scripts/component/gameEndScoreRank/GameEndScoreRankItem.ts -> file:///D:/xuhang/guan_dan/assets/scripts/component/rank/RankScore.ts -> file:///D:/xuhang/guan_dan/assets/scripts/component/rank/RankScorePerson.ts -> file:///D:/xuhang/guan_dan/assets/scripts/component/rank/RankScorePersonSelfLine.ts -> file:///D:/xuhang/guan_dan/assets/scripts/component/LobbyUserHeadItem.ts -> file:///D:/xuhang/guan_dan/assets/scripts/common/utils.ts  
[warning][[Build.Script.Rollup]] Circular dependency: file:///D:/xuhang/guan_dan/assets/scripts/manager/GlobalData.ts -> file:///D:/xuhang/guan_dan/assets/scripts/manager/UIConfig.ts -> file:///D:/xuhang/guan_dan/assets/scripts/component/gameEndScoreRank/GameEndScoreRankItem.ts -> file:///D:/xuhang/guan_dan/assets/scripts/component/rank/RankScore.ts -> file:///D:/xuhang/guan_dan/assets/scripts/component/rank/RankScorePerson.ts -> file:///D:/xuhang/guan_dan/assets/scripts/component/rank/RankScorePersonSelfLine.ts -> file:///D:/xuhang/guan_dan/assets/scripts/component/LobbyUserHeadItem.ts -> file:///D:/xuhang/guan_dan/assets/scripts/manager/GlobalData.ts  
[warning][[Build.Script.Rollup]] Circular dependency: file:///D:/xuhang/guan_dan/assets/scripts/manager/GlobalData.ts -> file:///D:/xuhang/guan_dan/assets/scripts/manager/UIConfig.ts -> file:///D:/xuhang/guan_dan/assets/scripts/component/gameEndScoreRank/GameEndScoreRankItem.ts -> file:///D:/xuhang/guan_dan/assets/scripts/component/rank/RankScore.ts -> file:///D:/xuhang/guan_dan/assets/scripts/component/rank/RankScoreTeam.ts -> file:///D:/xuhang/guan_dan/assets/scripts/manager/GlobalData.ts  
[warning][[Build.Script.Rollup]] Circular dependency: file:///D:/xuhang/guan_dan/assets/scripts/manager/SoundManager.ts -> file:///D:/xuhang/guan_dan/assets/scripts/AppGlobal.ts -> file:///D:/xuhang/guan_dan/assets/scripts/common/utils.ts -> file:///D:/xuhang/guan_dan/assets/scripts/manager/GlobalData.ts -> file:///D:/xuhang/guan_dan/assets/scripts/manager/UIConfig.ts -> file:///D:/xuhang/guan_dan/assets/scripts/component/gameEndScoreRank/GameEndScoreRankItem.ts -> file:///D:/xuhang/guan_dan/assets/scripts/manager/SoundManager.ts  
[warning][[Build.Script.Rollup]] Circular dependency: file:///D:/xuhang/guan_dan/assets/scripts/manager/GlobalData.ts -> file:///D:/xuhang/guan_dan/assets/scripts/manager/UIConfig.ts -> file:///D:/xuhang/guan_dan/assets/scripts/component/gameEndScoreRank/GameEndScoreRankItem.ts -> file:///D:/xuhang/guan_dan/assets/scripts/component/gameEndScoreRank/GameEndScoreRankPerson.ts -> file:///D:/xuhang/guan_dan/assets/scripts/manager/GlobalData.ts  
[warning][[Build.Script.Rollup]] Circular dependency: file:///D:/xuhang/guan_dan/assets/scripts/manager/GlobalData.ts -> file:///D:/xuhang/guan_dan/assets/scripts/manager/UIConfig.ts -> file:///D:/xuhang/guan_dan/assets/scripts/component/gameEndScoreRank/GameEndScoreRankItem.ts -> file:///D:/xuhang/guan_dan/assets/scripts/component/gameEndScoreRank/GameEndScoreRankTeam.ts -> file:///D:/xuhang/guan_dan/assets/scripts/manager/GlobalData.ts  
[warning][[Build.Script.Rollup]] Circular dependency: file:///D:/xuhang/guan_dan/assets/scripts/common/utils.ts -> file:///D:/xuhang/guan_dan/assets/scripts/manager/GlobalData.ts -> file:///D:/xuhang/guan_dan/assets/scripts/manager/UIConfig.ts -> file:///D:/xuhang/guan_dan/assets/scripts/component/gameEndScoreRank/GameEndScoreRankItem.ts -> file:///D:/xuhang/guan_dan/assets/scripts/common/utils.ts  
[warning][[Build.Script.Rollup]] Circular dependency: file:///D:/xuhang/guan_dan/assets/scripts/manager/GlobalData.ts -> file:///D:/xuhang/guan_dan/assets/scripts/manager/UIConfig.ts -> file:///D:/xuhang/guan_dan/assets/scripts/component/gameEndScoreRank/GameEndScoreRankItem.ts -> file:///D:/xuhang/guan_dan/assets/scripts/manager/GlobalData.ts  
[warning][[Build.Script.Rollup]] Circular dependency: file:///D:/xuhang/guan_dan/assets/scripts/manager/UIConfig.ts -> file:///D:/xuhang/guan_dan/assets/scripts/component/gameEndScoreRank/GameEndScoreRankItem.ts -> file:///D:/xuhang/guan_dan/assets/scripts/manager/UIConfig.ts  
[warning][[Build.Script.Rollup]] Circular dependency: file:///D:/xuhang/guan_dan/assets/scripts/manager/SoundManager.ts -> file:///D:/xuhang/guan_dan/assets/scripts/AppGlobal.ts -> file:///D:/xuhang/guan_dan/assets/scripts/common/utils.ts -> file:///D:/xuhang/guan_dan/assets/scripts/manager/GlobalData.ts -> file:///D:/xuhang/guan_dan/assets/scripts/manager/UIConfig.ts -> file:///D:/xuhang/guan_dan/assets/scripts/component/gameEndScore/GameEndScoreItem.ts -> file:///D:/xuhang/guan_dan/assets/scripts/manager/SoundManager.ts  
[warning][[Build.Script.Rollup]] Circular dependency: file:///D:/xuhang/guan_dan/assets/scripts/manager/GlobalData.ts -> file:///D:/xuhang/guan_dan/assets/scripts/manager/UIConfig.ts -> file:///D:/xuhang/guan_dan/assets/scripts/component/gameEndScore/GameEndScoreItem.ts -> file:///D:/xuhang/guan_dan/assets/scripts/manager/GlobalData.ts  
[warning][[Build.Script.Rollup]] Circular dependency: file:///D:/xuhang/guan_dan/assets/scripts/manager/SoundManager.ts -> file:///D:/xuhang/guan_dan/assets/scripts/AppGlobal.ts -> file:///D:/xuhang/guan_dan/assets/scripts/common/utils.ts -> file:///D:/xuhang/guan_dan/assets/scripts/manager/GlobalData.ts -> file:///D:/xuhang/guan_dan/assets/scripts/manager/UIConfig.ts -> file:///D:/xuhang/guan_dan/assets/scripts/component/gameEndKick/GameEndKickItem.ts -> file:///D:/xuhang/guan_dan/assets/scripts/manager/SoundManager.ts  
[warning][[Build.Script.Rollup]] Circular dependency: file:///D:/xuhang/guan_dan/assets/scripts/common/utils.ts -> file:///D:/xuhang/guan_dan/assets/scripts/manager/GlobalData.ts -> file:///D:/xuhang/guan_dan/assets/scripts/manager/UIConfig.ts -> file:///D:/xuhang/guan_dan/assets/scripts/component/gameEndKick/GameEndKickItem.ts -> file:///D:/xuhang/guan_dan/assets/scripts/component/gameEndKick/GameEndKickHeadItem.ts -> file:///D:/xuhang/guan_dan/assets/scripts/common/utils.ts  
[warning][[Build.Script.Rollup]] Circular dependency: file:///D:/xuhang/guan_dan/assets/scripts/manager/GlobalData.ts -> file:///D:/xuhang/guan_dan/assets/scripts/manager/UIConfig.ts -> file:///D:/xuhang/guan_dan/assets/scripts/component/gameEndKick/GameEndKickItem.ts -> file:///D:/xuhang/guan_dan/assets/scripts/manager/GlobalData.ts  
[warning][[Build.Script.Rollup]] Circular dependency: file:///D:/xuhang/guan_dan/assets/scripts/manager/UIConfig.ts -> file:///D:/xuhang/guan_dan/assets/scripts/component/gameEndKick/GameEndKickItem.ts -> file:///D:/xuhang/guan_dan/assets/scripts/manager/UIConfig.ts  
[warning][[Build.Script.Rollup]] Circular dependency: file:///D:/xuhang/guan_dan/assets/scripts/manager/SoundManager.ts -> file:///D:/xuhang/guan_dan/assets/scripts/AppGlobal.ts -> file:///D:/xuhang/guan_dan/assets/scripts/common/utils.ts -> file:///D:/xuhang/guan_dan/assets/scripts/manager/GlobalData.ts -> file:///D:/xuhang/guan_dan/assets/scripts/manager/UIConfig.ts -> file:///D:/xuhang/guan_dan/assets/scripts/component/gameEndKickUp/GameEndKickUpItem.ts -> file:///D:/xuhang/guan_dan/assets/scripts/manager/SoundManager.ts  
[warning][[Build.Script.Rollup]] Circular dependency: file:///D:/xuhang/guan_dan/assets/scripts/manager/GlobalData.ts -> file:///D:/xuhang/guan_dan/assets/scripts/manager/UIConfig.ts -> file:///D:/xuhang/guan_dan/assets/scripts/component/gameEndKickUp/GameEndKickUpItem.ts -> file:///D:/xuhang/guan_dan/assets/scripts/manager/GlobalData.ts  
[warning][[Build.Script.Rollup]] Circular dependency: file:///D:/xuhang/guan_dan/assets/scripts/manager/UIConfig.ts -> file:///D:/xuhang/guan_dan/assets/scripts/component/gameEndKickUp/GameEndKickUpItem.ts -> file:///D:/xuhang/guan_dan/assets/scripts/manager/UIConfig.ts  
[warning][[Build.Script.Rollup]] Circular dependency: file:///D:/xuhang/guan_dan/assets/scripts/common/utils.ts -> file:///D:/xuhang/guan_dan/assets/scripts/manager/GlobalData.ts -> file:///D:/xuhang/guan_dan/assets/scripts/manager/UIConfig.ts -> file:///D:/xuhang/guan_dan/assets/scripts/component/gameEndKickUp/GameEndKickUpItem.ts -> file:///D:/xuhang/guan_dan/assets/scripts/common/utils.ts  
[warning][[Build.Script.Rollup]] Circular dependency: file:///D:/xuhang/guan_dan/assets/scripts/manager/SoundManager.ts -> file:///D:/xuhang/guan_dan/assets/scripts/AppGlobal.ts -> file:///D:/xuhang/guan_dan/assets/scripts/common/utils.ts -> file:///D:/xuhang/guan_dan/assets/scripts/manager/GlobalData.ts -> file:///D:/xuhang/guan_dan/assets/scripts/manager/UIConfig.ts -> file:///D:/xuhang/guan_dan/assets/scripts/component/teamUp/TeamUpItem.ts -> file:///D:/xuhang/guan_dan/assets/scripts/manager/SoundManager.ts  
[warning][[Build.Script.Rollup]] Circular dependency: file:///D:/xuhang/guan_dan/assets/scripts/common/utils.ts -> file:///D:/xuhang/guan_dan/assets/scripts/manager/GlobalData.ts -> file:///D:/xuhang/guan_dan/assets/scripts/manager/UIConfig.ts -> file:///D:/xuhang/guan_dan/assets/scripts/component/teamUp/TeamUpItem.ts -> file:///D:/xuhang/guan_dan/assets/scripts/common/utils.ts  
[warning][[Build.Script.Rollup]] Circular dependency: file:///D:/xuhang/guan_dan/assets/scripts/manager/GlobalData.ts -> file:///D:/xuhang/guan_dan/assets/scripts/manager/UIConfig.ts -> file:///D:/xuhang/guan_dan/assets/scripts/component/teamUp/TeamUpItem.ts -> file:///D:/xuhang/guan_dan/assets/scripts/manager/GlobalData.ts  
[warning][[Build.Script.Rollup]] Circular dependency: file:///D:/xuhang/guan_dan/assets/scripts/AppGlobal.ts -> file:///D:/xuhang/guan_dan/assets/scripts/common/utils.ts -> file:///D:/xuhang/guan_dan/assets/scripts/manager/GlobalData.ts -> file:///D:/xuhang/guan_dan/assets/scripts/manager/UIConfig.ts -> file:///D:/xuhang/guan_dan/assets/scripts/component/teamUp/TeamUpItem.ts -> file:///D:/xuhang/guan_dan/assets/scripts/AppGlobal.ts  
[warning][[Build.Script.Rollup]] Circular dependency: file:///D:/xuhang/guan_dan/assets/scripts/manager/GlobalData.ts -> file:///D:/xuhang/guan_dan/assets/scripts/manager/UIConfig.ts -> file:///D:/xuhang/guan_dan/assets/scripts/component/raceScore/RaceScoreItem.ts -> file:///D:/xuhang/guan_dan/assets/scripts/manager/GlobalData.ts  
[warning][[Build.Script.Rollup]] Circular dependency: file:///D:/xuhang/guan_dan/assets/scripts/manager/SoundManager.ts -> file:///D:/xuhang/guan_dan/assets/scripts/AppGlobal.ts -> file:///D:/xuhang/guan_dan/assets/scripts/common/utils.ts -> file:///D:/xuhang/guan_dan/assets/scripts/manager/GlobalData.ts -> file:///D:/xuhang/guan_dan/assets/scripts/manager/UIConfig.ts -> file:///D:/xuhang/guan_dan/assets/scripts/component/raceScore/RaceScoreItem.ts -> file:///D:/xuhang/guan_dan/assets/scripts/manager/SoundManager.ts  
[warning][[Build.Script.Rollup]] Circular dependency: file:///D:/xuhang/guan_dan/assets/scripts/common/utils.ts -> file:///D:/xuhang/guan_dan/assets/scripts/manager/GlobalData.ts -> file:///D:/xuhang/guan_dan/assets/scripts/manager/UIConfig.ts -> file:///D:/xuhang/guan_dan/assets/scripts/component/raceScore/RaceScoreItem.ts -> file:///D:/xuhang/guan_dan/assets/scripts/common/utils.ts  
[warning][[Build.Script.Rollup]] Circular dependency: file:///D:/xuhang/guan_dan/assets/scripts/manager/UIConfig.ts -> file:///D:/xuhang/guan_dan/assets/scripts/component/raceScore/RaceScoreItem.ts -> file:///D:/xuhang/guan_dan/assets/scripts/manager/UIConfig.ts  
[warning][[Build.Script.Rollup]] Circular dependency: file:///D:/xuhang/guan_dan/assets/scripts/manager/GlobalData.ts -> file:///D:/xuhang/guan_dan/assets/scripts/manager/UIConfig.ts -> file:///D:/xuhang/guan_dan/assets/scripts/component/raceKick/RaceKickItem.ts -> file:///D:/xuhang/guan_dan/assets/scripts/manager/GlobalData.ts  
[warning][[Build.Script.Rollup]] Circular dependency: file:///D:/xuhang/guan_dan/assets/scripts/manager/SoundManager.ts -> file:///D:/xuhang/guan_dan/assets/scripts/AppGlobal.ts -> file:///D:/xuhang/guan_dan/assets/scripts/common/utils.ts -> file:///D:/xuhang/guan_dan/assets/scripts/manager/GlobalData.ts -> file:///D:/xuhang/guan_dan/assets/scripts/manager/UIConfig.ts -> file:///D:/xuhang/guan_dan/assets/scripts/component/raceKick/RaceKickItem.ts -> file:///D:/xuhang/guan_dan/assets/scripts/manager/SoundManager.ts  
[warning][[Build.Script.Rollup]] Circular dependency: file:///D:/xuhang/guan_dan/assets/scripts/common/utils.ts -> file:///D:/xuhang/guan_dan/assets/scripts/manager/GlobalData.ts -> file:///D:/xuhang/guan_dan/assets/scripts/manager/UIConfig.ts -> file:///D:/xuhang/guan_dan/assets/scripts/component/raceKick/RaceKickItem.ts -> file:///D:/xuhang/guan_dan/assets/scripts/common/utils.ts  
[warning][[Build.Script.Rollup]] Circular dependency: file:///D:/xuhang/guan_dan/assets/scripts/manager/GlobalData.ts -> file:///D:/xuhang/guan_dan/assets/scripts/manager/UIConfig.ts -> file:///D:/xuhang/guan_dan/assets/scripts/component/raceKick/RaceKickItem.ts -> file:///D:/xuhang/guan_dan/assets/scripts/component/raceKick/RaceKickLineItem.ts -> file:///D:/xuhang/guan_dan/assets/scripts/manager/GlobalData.ts  
[warning][[Build.Script.Rollup]] Circular dependency: file:///D:/xuhang/guan_dan/assets/scripts/manager/SoundManager.ts -> file:///D:/xuhang/guan_dan/assets/scripts/AppGlobal.ts -> file:///D:/xuhang/guan_dan/assets/scripts/common/utils.ts -> file:///D:/xuhang/guan_dan/assets/scripts/manager/GlobalData.ts -> file:///D:/xuhang/guan_dan/assets/scripts/manager/UIConfig.ts -> file:///D:/xuhang/guan_dan/assets/scripts/component/raceKick/RaceKickItem.ts -> file:///D:/xuhang/guan_dan/assets/scripts/component/raceKick/RaceKickLineItem.ts -> file:///D:/xuhang/guan_dan/assets/scripts/manager/SoundManager.ts  
[warning][[Build.Script.Rollup]] Circular dependency: file:///D:/xuhang/guan_dan/assets/scripts/common/utils.ts -> file:///D:/xuhang/guan_dan/assets/scripts/manager/GlobalData.ts -> file:///D:/xuhang/guan_dan/assets/scripts/manager/UIConfig.ts -> file:///D:/xuhang/guan_dan/assets/scripts/component/raceKick/RaceKickItem.ts -> file:///D:/xuhang/guan_dan/assets/scripts/component/raceKick/RaceKickLineItem.ts -> file:///D:/xuhang/guan_dan/assets/scripts/common/utils.ts  
[warning][[Build.Script.Rollup]] Circular dependency: file:///D:/xuhang/guan_dan/assets/scripts/manager/UIConfig.ts -> file:///D:/xuhang/guan_dan/assets/scripts/component/raceKick/RaceKickItem.ts -> file:///D:/xuhang/guan_dan/assets/scripts/manager/UIConfig.ts  
[warning][[Build.Script.Rollup]] Circular dependency: file:///D:/xuhang/guan_dan/assets/scripts/manager/SoundManager.ts -> file:///D:/xuhang/guan_dan/assets/scripts/AppGlobal.ts -> file:///D:/xuhang/guan_dan/assets/scripts/common/utils.ts -> file:///D:/xuhang/guan_dan/assets/scripts/manager/GlobalData.ts -> file:///D:/xuhang/guan_dan/assets/scripts/manager/UIConfig.ts -> file:///D:/xuhang/guan_dan/assets/scripts/component/MessageBoxCommonTest.ts -> file:///D:/xuhang/guan_dan/assets/scripts/manager/SoundManager.ts  
[warning][[Build.Script.Rollup]] Circular dependency: file:///D:/xuhang/guan_dan/assets/scripts/manager/SoundManager.ts -> file:///D:/xuhang/guan_dan/assets/scripts/AppGlobal.ts -> file:///D:/xuhang/guan_dan/assets/scripts/common/utils.ts -> file:///D:/xuhang/guan_dan/assets/scripts/manager/GlobalData.ts -> file:///D:/xuhang/guan_dan/assets/scripts/manager/UIConfig.ts -> file:///D:/xuhang/guan_dan/assets/scripts/component/CreateTeamItem.ts -> file:///D:/xuhang/guan_dan/assets/scripts/manager/SoundManager.ts  
[warning][[Build.Script.Rollup]] Circular dependency: file:///D:/xuhang/guan_dan/assets/scripts/manager/SoundManager.ts -> file:///D:/xuhang/guan_dan/assets/scripts/AppGlobal.ts -> file:///D:/xuhang/guan_dan/assets/scripts/common/utils.ts -> file:///D:/xuhang/guan_dan/assets/scripts/manager/GlobalData.ts -> file:///D:/xuhang/guan_dan/assets/scripts/manager/UIConfig.ts -> file:///D:/xuhang/guan_dan/assets/scripts/component/gameStartNotice/GameStartNotice.ts -> file:///D:/xuhang/guan_dan/assets/scripts/manager/SoundManager.ts  
[warning][[Build.Script.Rollup]] Circular dependency: file:///D:/xuhang/guan_dan/assets/scripts/common/utils.ts -> file:///D:/xuhang/guan_dan/assets/scripts/manager/GlobalData.ts -> file:///D:/xuhang/guan_dan/assets/scripts/manager/UIConfig.ts -> file:///D:/xuhang/guan_dan/assets/scripts/component/gameStartNotice/GameStartNotice.ts -> file:///D:/xuhang/guan_dan/assets/scripts/common/utils.ts  
[warning][[Build.Script.Rollup]] Circular dependency: file:///D:/xuhang/guan_dan/assets/scripts/manager/SoundManager.ts -> file:///D:/xuhang/guan_dan/assets/scripts/AppGlobal.ts -> file:///D:/xuhang/guan_dan/assets/scripts/common/utils.ts -> file:///D:/xuhang/guan_dan/assets/scripts/manager/GlobalData.ts -> file:///D:/xuhang/guan_dan/assets/scripts/manager/UIConfig.ts -> file:///D:/xuhang/guan_dan/assets/scripts/component/gameStartNotice/FreeUpItem.ts -> file:///D:/xuhang/guan_dan/assets/scripts/manager/SoundManager.ts  
[warning][[Build.Script.Rollup]] Circular dependency: file:///D:/xuhang/guan_dan/assets/scripts/manager/GlobalData.ts -> file:///D:/xuhang/guan_dan/assets/scripts/manager/UIConfig.ts -> file:///D:/xuhang/guan_dan/assets/scripts/component/gameStartNotice/FreeUpItem.ts -> file:///D:/xuhang/guan_dan/assets/scripts/manager/GlobalData.ts  
[warning][[Build.Script.Rollup]] Circular dependency: file:///D:/xuhang/guan_dan/assets/scripts/manager/SoundManager.ts -> file:///D:/xuhang/guan_dan/assets/scripts/AppGlobal.ts -> file:///D:/xuhang/guan_dan/assets/scripts/common/utils.ts -> file:///D:/xuhang/guan_dan/assets/scripts/manager/GlobalData.ts -> file:///D:/xuhang/guan_dan/assets/scripts/manager/UIConfig.ts -> file:///D:/xuhang/guan_dan/assets/scripts/component/rankRace/RankRaceItem.ts -> file:///D:/xuhang/guan_dan/assets/scripts/manager/SoundManager.ts  
[warning][[Build.Script.Rollup]] Circular dependency: file:///D:/xuhang/guan_dan/assets/scripts/manager/GlobalData.ts -> file:///D:/xuhang/guan_dan/assets/scripts/manager/UIConfig.ts -> file:///D:/xuhang/guan_dan/assets/scripts/component/rankRace/RankRaceItem.ts -> file:///D:/xuhang/guan_dan/assets/scripts/component/rankRace/RankRaceKickItem.ts -> file:///D:/xuhang/guan_dan/assets/scripts/manager/GlobalData.ts  
[warning][[Build.Script.Rollup]] Circular dependency: file:///D:/xuhang/guan_dan/assets/scripts/manager/GlobalData.ts -> file:///D:/xuhang/guan_dan/assets/scripts/manager/UIConfig.ts -> file:///D:/xuhang/guan_dan/assets/scripts/component/rankRace/RankRaceItem.ts -> file:///D:/xuhang/guan_dan/assets/scripts/component/rankRace/RankRaceScoreItem.ts -> file:///D:/xuhang/guan_dan/assets/scripts/manager/GlobalData.ts  
[warning][[Build.Script.Rollup]] Circular dependency: file:///D:/xuhang/guan_dan/assets/scripts/manager/GlobalData.ts -> file:///D:/xuhang/guan_dan/assets/scripts/manager/UIConfig.ts -> file:///D:/xuhang/guan_dan/assets/scripts/component/rankRace/RankRaceItem.ts -> file:///D:/xuhang/guan_dan/assets/scripts/component/rankRace/RankRaceAuditionItem.ts -> file:///D:/xuhang/guan_dan/assets/scripts/manager/GlobalData.ts  
[warning][[Build.Script.Rollup]] Circular dependency: file:///D:/xuhang/guan_dan/assets/scripts/manager/GlobalData.ts -> file:///D:/xuhang/guan_dan/assets/scripts/manager/UIConfig.ts -> file:///D:/xuhang/guan_dan/assets/scripts/component/rank/RankKick.ts -> file:///D:/xuhang/guan_dan/assets/scripts/manager/GlobalData.ts  
[warning][[Build.Script.Rollup]] Circular dependency: file:///D:/xuhang/guan_dan/assets/scripts/manager/SoundManager.ts -> file:///D:/xuhang/guan_dan/assets/scripts/AppGlobal.ts -> file:///D:/xuhang/guan_dan/assets/scripts/common/utils.ts -> file:///D:/xuhang/guan_dan/assets/scripts/manager/GlobalData.ts -> file:///D:/xuhang/guan_dan/assets/scripts/manager/UIConfig.ts -> file:///D:/xuhang/guan_dan/assets/scripts/component/rank/RankKick.ts -> file:///D:/xuhang/guan_dan/assets/scripts/manager/SoundManager.ts  
[warning][[Build.Script.Rollup]] Circular dependency: file:///D:/xuhang/guan_dan/assets/scripts/manager/GlobalData.ts -> file:///D:/xuhang/guan_dan/assets/scripts/manager/UIConfig.ts -> file:///D:/xuhang/guan_dan/assets/scripts/component/raceAudition/RaceAuditionItem.ts -> file:///D:/xuhang/guan_dan/assets/scripts/manager/GlobalData.ts  
[warning][[Build.Script.Rollup]] Circular dependency: file:///D:/xuhang/guan_dan/assets/scripts/manager/SoundManager.ts -> file:///D:/xuhang/guan_dan/assets/scripts/AppGlobal.ts -> file:///D:/xuhang/guan_dan/assets/scripts/common/utils.ts -> file:///D:/xuhang/guan_dan/assets/scripts/manager/GlobalData.ts -> file:///D:/xuhang/guan_dan/assets/scripts/manager/UIConfig.ts -> file:///D:/xuhang/guan_dan/assets/scripts/component/raceAudition/RaceAuditionItem.ts -> file:///D:/xuhang/guan_dan/assets/scripts/manager/SoundManager.ts  
[warning][[Build.Script.Rollup]] Circular dependency: file:///D:/xuhang/guan_dan/assets/scripts/common/utils.ts -> file:///D:/xuhang/guan_dan/assets/scripts/manager/GlobalData.ts -> file:///D:/xuhang/guan_dan/assets/scripts/manager/UIConfig.ts -> file:///D:/xuhang/guan_dan/assets/scripts/component/raceAudition/RaceAuditionItem.ts -> file:///D:/xuhang/guan_dan/assets/scripts/common/utils.ts  
[warning][[Build.Script.Rollup]] Circular dependency: file:///D:/xuhang/guan_dan/assets/scripts/manager/GlobalData.ts -> file:///D:/xuhang/guan_dan/assets/scripts/manager/UIConfig.ts -> file:///D:/xuhang/guan_dan/assets/scripts/component/rank/RankAuditionItem.ts -> file:///D:/xuhang/guan_dan/assets/scripts/manager/GlobalData.ts  
[warning][[Build.Script.Rollup]] Circular dependency: file:///D:/xuhang/guan_dan/assets/scripts/manager/SoundManager.ts -> file:///D:/xuhang/guan_dan/assets/scripts/AppGlobal.ts -> file:///D:/xuhang/guan_dan/assets/scripts/common/utils.ts -> file:///D:/xuhang/guan_dan/assets/scripts/manager/GlobalData.ts -> file:///D:/xuhang/guan_dan/assets/scripts/manager/UIConfig.ts -> file:///D:/xuhang/guan_dan/assets/scripts/component/rank/RankAuditionItem.ts -> file:///D:/xuhang/guan_dan/assets/scripts/manager/SoundManager.ts  
[warning][[Build.Script.Rollup]] Circular dependency: file:///D:/xuhang/guan_dan/assets/scripts/manager/SoundManager.ts -> file:///D:/xuhang/guan_dan/assets/scripts/AppGlobal.ts -> file:///D:/xuhang/guan_dan/assets/scripts/common/utils.ts -> file:///D:/xuhang/guan_dan/assets/scripts/manager/GlobalData.ts -> file:///D:/xuhang/guan_dan/assets/scripts/manager/UIConfig.ts -> file:///D:/xuhang/guan_dan/assets/scripts/component/gameEndAudition/GameEndAuditionItem.ts -> file:///D:/xuhang/guan_dan/assets/scripts/manager/SoundManager.ts  
[warning][[Build.Script.Rollup]] Circular dependency: file:///D:/xuhang/guan_dan/assets/scripts/common/utils.ts -> file:///D:/xuhang/guan_dan/assets/scripts/manager/GlobalData.ts -> file:///D:/xuhang/guan_dan/assets/scripts/manager/UIConfig.ts -> file:///D:/xuhang/guan_dan/assets/scripts/component/gameEndAudition/GameEndAuditionItem.ts -> file:///D:/xuhang/guan_dan/assets/scripts/common/utils.ts  
  
at Object.encode (C:\ProgramData\cocos\editors\Creator\3.6.0\resources\app.asar\node_modules\@base\electron-worker\node_modules\v-stacks\index.js:14:17)  
at Logger._logHandler (C:\ProgramData\cocos\editors\Creator\3.6.0\resources\app.asar\node_modules\@base\electron-worker\static\script.ccc:1:531)  
at Logger.record (C:\ProgramData\cocos\editors\Creator\3.6.0\resources\app.asar\node_modules\@base\electron-logger\lib\renderer.ccc:1:458)  
at Object.warn (C:\ProgramData\cocos\editors\Creator\3.6.0\resources\app.asar\node_modules\@base\electron-logger\lib\renderer.ccc:1:1260)  
at NewConsole.warn (C:\ProgramData\cocos\editors\Creator\3.6.0\resources\app.asar\builtin\builder\dist\worker\console.ccc:1:1306)  
at Socket.<anonymous> (C:\ProgramData\cocos\editors\Creator\3.6.0\resources\app.asar\builtin\builder\dist\worker\worker-pools\sub-process-manager.ccc:1:2640)  
at Socket.emit (events.js:315:20)  
at addChunk (internal/streams/readable.js:309:12)  
at readableAddChunk (internal/streams/readable.js:284:9)  
at Socket.Readable.push (internal/streams/readable.js:223:10)
2025-08-30T05:45:05.962Z - warn: [Build] [build-script][[Build.Script.Rollup]] Circular dependency: file:///D:/xuhang/guan_dan/assets/scripts/manager/UIConfig.ts -> file:///D:/xuhang/guan_dan/assets/scripts/component/gameEndAudition/GameEndAuditionItem.ts -> file:///D:/xuhang/guan_dan/assets/scripts/manager/UIConfig.ts
[warning][[Build.Script.Rollup]] Circular dependency: file:///D:/xuhang/guan_dan/assets/scripts/manager/GlobalData.ts -> file:///D:/xuhang/guan_dan/assets/scripts/manager/UIConfig.ts -> file:///D:/xuhang/guan_dan/assets/scripts/component/gameEndAudition/GameEndAuditionItem.ts -> file:///D:/xuhang/guan_dan/assets/scripts/manager/GlobalData.ts
[warning][[Build.Script.Rollup]] Circular dependency: file:///D:/xuhang/guan_dan/assets/scripts/common/utils.ts -> file:///D:/xuhang/guan_dan/assets/scripts/manager/GlobalData.ts -> file:///D:/xuhang/guan_dan/assets/scripts/manager/UIConfig.ts -> file:///D:/xuhang/guan_dan/assets/scripts/component/gameEndAudition/GameEndAuditionItem.ts -> file:///D:/xuhang/guan_dan/assets/scripts/component/gameEndAudition/GameEndAuditionHeadItem.ts -> file:///D:/xuhang/guan_dan/assets/scripts/common/utils.ts
[warning][[Build.Script.Rollup]] Circular dependency: file:///D:/xuhang/guan_dan/assets/scripts/manager/SoundManager.ts -> file:///D:/xuhang/guan_dan/assets/scripts/AppGlobal.ts -> file:///D:/xuhang/guan_dan/assets/scripts/common/utils.ts -> file:///D:/xuhang/guan_dan/assets/scripts/manager/GlobalData.ts -> file:///D:/xuhang/guan_dan/assets/scripts/manager/UIConfig.ts -> file:///D:/xuhang/guan_dan/assets/scripts/component/match/FreeMatchItem.ts -> file:///D:/xuhang/guan_dan/assets/scripts/manager/SoundManager.ts
[warning][[Build.Script.Rollup]] Circular dependency: file:///D:/xuhang/guan_dan/assets/scripts/manager/GlobalData.ts -> file:///D:/xuhang/guan_dan/assets/scripts/manager/UIConfig.ts -> file:///D:/xuhang/guan_dan/assets/scripts/component/match/FreeMatchItem.ts -> file:///D:/xuhang/guan_dan/assets/scripts/manager/GlobalData.ts
[warning][[Build.Script.Rollup]] Circular dependency: file:///D:/xuhang/guan_dan/assets/scripts/manager/SoundManager.ts -> file:///D:/xuhang/guan_dan/assets/scripts/AppGlobal.ts -> file:///D:/xuhang/guan_dan/assets/scripts/common/utils.ts -> file:///D:/xuhang/guan_dan/assets/scripts/manager/GlobalData.ts -> file:///D:/xuhang/guan_dan/assets/scripts/manager/UIConfig.ts -> file:///D:/xuhang/guan_dan/assets/scripts/component/match/AuditionMatchItem.ts -> file:///D:/xuhang/guan_dan/assets/scripts/manager/SoundManager.ts
[warning][[Build.Script.Rollup]] Circular dependency: file:///D:/xuhang/guan_dan/assets/scripts/manager/GlobalData.ts -> file:///D:/xuhang/guan_dan/assets/scripts/manager/UIConfig.ts -> file:///D:/xuhang/guan_dan/assets/scripts/component/match/AuditionMatchItem.ts -> file:///D:/xuhang/guan_dan/assets/scripts/manager/GlobalData.ts
[warning][[Build.Script.Rollup]] Circular dependency: file:///D:/xuhang/guan_dan/assets/scripts/manager/UIConfig.ts -> file:///D:/xuhang/guan_dan/assets/scripts/component/activity/signInViewItem.ts -> file:///D:/xuhang/guan_dan/assets/scripts/manager/UIConfig.ts
[warning][[Build.Script.Rollup]] Circular dependency: file:///D:/xuhang/guan_dan/assets/scripts/manager/GlobalData.ts -> file:///D:/xuhang/guan_dan/assets/scripts/manager/UIConfig.ts -> file:///D:/xuhang/guan_dan/assets/scripts/component/activity/shareViewItem.ts -> file:///D:/xuhang/guan_dan/assets/scripts/manager/GlobalData.ts
[warning][[Build.Script.Rollup]] Circular dependency: file:///D:/xuhang/guan_dan/assets/scripts/manager/UIConfig.ts -> file:///D:/xuhang/guan_dan/assets/scripts/component/activity/shareViewItem.ts -> file:///D:/xuhang/guan_dan/assets/scripts/manager/UIConfig.ts
[warning][[Build.Script.Rollup]] Circular dependency: file:///D:/xuhang/guan_dan/assets/scripts/manager/GlobalData.ts -> file:///D:/xuhang/guan_dan/assets/scripts/manager/UIConfig.ts -> file:///D:/xuhang/guan_dan/assets/scripts/component/GetItem.ts -> file:///D:/xuhang/guan_dan/assets/scripts/manager/GlobalData.ts
[warning][[Build.Script.Rollup]] Circular dependency: file:///D:/xuhang/guan_dan/assets/scripts/common/utils.ts -> file:///D:/xuhang/guan_dan/assets/scripts/manager/GlobalData.ts -> file:///D:/xuhang/guan_dan/assets/scripts/manager/UIConfig.ts -> file:///D:/xuhang/guan_dan/assets/scripts/component/GetItem.ts -> file:///D:/xuhang/guan_dan/assets/scripts/common/utils.ts
[warning][[Build.Script.Rollup]] Circular dependency: file:///D:/xuhang/guan_dan/assets/scripts/manager/UIConfig.ts -> file:///D:/xuhang/guan_dan/assets/scripts/component/activity/exchangeViewItem.ts -> file:///D:/xuhang/guan_dan/assets/scripts/manager/UIConfig.ts
[warning][[Build.Script.Rollup]] Circular dependency: file:///D:/xuhang/guan_dan/assets/scripts/manager/GlobalData.ts -> file:///D:/xuhang/guan_dan/assets/scripts/manager/UIConfig.ts -> file:///D:/xuhang/guan_dan/assets/scripts/component/activity/exchangeViewItem.ts -> file:///D:/xuhang/guan_dan/assets/scripts/manager/GlobalData.ts
[warning][[Build.Script.Rollup]] Circular dependency: file:///D:/xuhang/guan_dan/assets/scripts/common/utils.ts -> file:///D:/xuhang/guan_dan/assets/scripts/manager/GlobalData.ts -> file:///D:/xuhang/guan_dan/assets/scripts/manager/UIConfig.ts -> file:///D:/xuhang/guan_dan/assets/scripts/component/activity/exchangeViewItem.ts -> file:///D:/xuhang/guan_dan/assets/scripts/common/utils.ts
[warning][[Build.Script.Rollup]] Circular dependency: file:///D:/xuhang/guan_dan/assets/scripts/manager/GlobalData.ts -> file:///D:/xuhang/guan_dan/assets/scripts/manager/UIConfig.ts -> file:///D:/xuhang/guan_dan/assets/scripts/component/activity/exchangeRecordViewItem.ts -> file:///D:/xuhang/guan_dan/assets/scripts/manager/GlobalData.ts
[warning][[Build.Script.Rollup]] Circular dependency: file:///D:/xuhang/guan_dan/assets/scripts/manager/GlobalData.ts -> file:///D:/xuhang/guan_dan/assets/scripts/manager/UIConfig.ts -> file:///D:/xuhang/guan_dan/assets/scripts/component/activity/shareRecordViewItem.ts -> file:///D:/xuhang/guan_dan/assets/scripts/manager/GlobalData.ts
[warning][[Build.Script.Rollup]] Circular dependency: file:///D:/xuhang/guan_dan/assets/scripts/common/utils.ts -> file:///D:/xuhang/guan_dan/assets/scripts/manager/GlobalData.ts -> file:///D:/xuhang/guan_dan/assets/scripts/manager/UIConfig.ts -> file:///D:/xuhang/guan_dan/assets/scripts/component/activity/shareRecordViewItem.ts -> file:///D:/xuhang/guan_dan/assets/scripts/common/utils.ts
[warning][[Build.Script.Rollup]] Circular dependency: file:///D:/xuhang/guan_dan/assets/scripts/component/activity/activityViewItem.ts -> file:///D:/xuhang/guan_dan/assets/scripts/manager/SoundManager.ts -> file:///D:/xuhang/guan_dan/assets/scripts/AppGlobal.ts -> file:///D:/xuhang/guan_dan/assets/scripts/common/utils.ts -> file:///D:/xuhang/guan_dan/assets/scripts/manager/GlobalData.ts -> file:///D:/xuhang/guan_dan/assets/scripts/manager/UIConfig.ts -> file:///D:/xuhang/guan_dan/assets/scripts/component/activity/activityViewItem.ts
[warning][[Build.Script.Rollup]] Circular dependency: file:///D:/xuhang/guan_dan/assets/scripts/manager/SoundManager.ts -> file:///D:/xuhang/guan_dan/assets/scripts/AppGlobal.ts -> file:///D:/xuhang/guan_dan/assets/scripts/platform/platform.ts -> file:///D:/xuhang/guan_dan/assets/scripts/manager/SoundManager.ts
[Build] [build-script][[Build.Script.Rollup]] Circular dependency: file:///D:/xuhang/guan_dan/assets/scripts/manager/UIConfig.ts -> file:///D:/xuhang/guan_dan/assets/scripts/component/gameEndAudition/GameEndAuditionItem.ts -> file:///D:/xuhang/guan_dan/assets/scripts/manager/UIConfig.ts
[warning][[Build.Script.Rollup]] Circular dependency: file:///D:/xuhang/guan_dan/assets/scripts/manager/GlobalData.ts -> file:///D:/xuhang/guan_dan/assets/scripts/manager/UIConfig.ts -> file:///D:/xuhang/guan_dan/assets/scripts/component/gameEndAudition/GameEndAuditionItem.ts -> file:///D:/xuhang/guan_dan/assets/scripts/manager/GlobalData.ts
[warning][[Build.Script.Rollup]] Circular dependency: file:///D:/xuhang/guan_dan/assets/scripts/common/utils.ts -> file:///D:/xuhang/guan_dan/assets/scripts/manager/GlobalData.ts -> file:///D:/xuhang/guan_dan/assets/scripts/manager/UIConfig.ts -> file:///D:/xuhang/guan_dan/assets/scripts/component/gameEndAudition/GameEndAuditionItem.ts -> file:///D:/xuhang/guan_dan/assets/scripts/component/gameEndAudition/GameEndAuditionHeadItem.ts -> file:///D:/xuhang/guan_dan/assets/scripts/common/utils.ts
[warning][[Build.Script.Rollup]] Circular dependency: file:///D:/xuhang/guan_dan/assets/scripts/manager/SoundManager.ts -> file:///D:/xuhang/guan_dan/assets/scripts/AppGlobal.ts -> file:///D:/xuhang/guan_dan/assets/scripts/common/utils.ts -> file:///D:/xuhang/guan_dan/assets/scripts/manager/GlobalData.ts -> file:///D:/xuhang/guan_dan/assets/scripts/manager/UIConfig.ts -> file:///D:/xuhang/guan_dan/assets/scripts/component/match/FreeMatchItem.ts -> file:///D:/xuhang/guan_dan/assets/scripts/manager/SoundManager.ts
[warning][[Build.Script.Rollup]] Circular dependency: file:///D:/xuhang/guan_dan/assets/scripts/manager/GlobalData.ts -> file:///D:/xuhang/guan_dan/assets/scripts/manager/UIConfig.ts -> file:///D:/xuhang/guan_dan/assets/scripts/component/match/FreeMatchItem.ts -> file:///D:/xuhang/guan_dan/assets/scripts/manager/GlobalData.ts
[warning][[Build.Script.Rollup]] Circular dependency: file:///D:/xuhang/guan_dan/assets/scripts/manager/SoundManager.ts -> file:///D:/xuhang/guan_dan/assets/scripts/AppGlobal.ts -> file:///D:/xuhang/guan_dan/assets/scripts/common/utils.ts -> file:///D:/xuhang/guan_dan/assets/scripts/manager/GlobalData.ts -> file:///D:/xuhang/guan_dan/assets/scripts/manager/UIConfig.ts -> file:///D:/xuhang/guan_dan/assets/scripts/component/match/AuditionMatchItem.ts -> file:///D:/xuhang/guan_dan/assets/scripts/manager/SoundManager.ts
[warning][[Build.Script.Rollup]] Circular dependency: file:///D:/xuhang/guan_dan/assets/scripts/manager/GlobalData.ts -> file:///D:/xuhang/guan_dan/assets/scripts/manager/UIConfig.ts -> file:///D:/xuhang/guan_dan/assets/scripts/component/match/AuditionMatchItem.ts -> file:///D:/xuhang/guan_dan/assets/scripts/manager/GlobalData.ts
[warning][[Build.Script.Rollup]] Circular dependency: file:///D:/xuhang/guan_dan/assets/scripts/manager/UIConfig.ts -> file:///D:/xuhang/guan_dan/assets/scripts/component/activity/signInViewItem.ts -> file:///D:/xuhang/guan_dan/assets/scripts/manager/UIConfig.ts
[warning][[Build.Script.Rollup]] Circular dependency: file:///D:/xuhang/guan_dan/assets/scripts/manager/GlobalData.ts -> file:///D:/xuhang/guan_dan/assets/scripts/manager/UIConfig.ts -> file:///D:/xuhang/guan_dan/assets/scripts/component/activity/shareViewItem.ts -> file:///D:/xuhang/guan_dan/assets/scripts/manager/GlobalData.ts
[warning][[Build.Script.Rollup]] Circular dependency: file:///D:/xuhang/guan_dan/assets/scripts/manager/UIConfig.ts -> file:///D:/xuhang/guan_dan/assets/scripts/component/activity/shareViewItem.ts -> file:///D:/xuhang/guan_dan/assets/scripts/manager/UIConfig.ts
[warning][[Build.Script.Rollup]] Circular dependency: file:///D:/xuhang/guan_dan/assets/scripts/manager/GlobalData.ts -> file:///D:/xuhang/guan_dan/assets/scripts/manager/UIConfig.ts -> file:///D:/xuhang/guan_dan/assets/scripts/component/GetItem.ts -> file:///D:/xuhang/guan_dan/assets/scripts/manager/GlobalData.ts
[warning][[Build.Script.Rollup]] Circular dependency: file:///D:/xuhang/guan_dan/assets/scripts/common/utils.ts -> file:///D:/xuhang/guan_dan/assets/scripts/manager/GlobalData.ts -> file:///D:/xuhang/guan_dan/assets/scripts/manager/UIConfig.ts -> file:///D:/xuhang/guan_dan/assets/scripts/component/GetItem.ts -> file:///D:/xuhang/guan_dan/assets/scripts/common/utils.ts
[warning][[Build.Script.Rollup]] Circular dependency: file:///D:/xuhang/guan_dan/assets/scripts/manager/UIConfig.ts -> file:///D:/xuhang/guan_dan/assets/scripts/component/activity/exchangeViewItem.ts -> file:///D:/xuhang/guan_dan/assets/scripts/manager/UIConfig.ts
[warning][[Build.Script.Rollup]] Circular dependency: file:///D:/xuhang/guan_dan/assets/scripts/manager/GlobalData.ts -> file:///D:/xuhang/guan_dan/assets/scripts/manager/UIConfig.ts -> file:///D:/xuhang/guan_dan/assets/scripts/component/activity/exchangeViewItem.ts -> file:///D:/xuhang/guan_dan/assets/scripts/manager/GlobalData.ts
[warning][[Build.Script.Rollup]] Circular dependency: file:///D:/xuhang/guan_dan/assets/scripts/common/utils.ts -> file:///D:/xuhang/guan_dan/assets/scripts/manager/GlobalData.ts -> file:///D:/xuhang/guan_dan/assets/scripts/manager/UIConfig.ts -> file:///D:/xuhang/guan_dan/assets/scripts/component/activity/exchangeViewItem.ts -> file:///D:/xuhang/guan_dan/assets/scripts/common/utils.ts
[warning][[Build.Script.Rollup]] Circular dependency: file:///D:/xuhang/guan_dan/assets/scripts/manager/GlobalData.ts -> file:///D:/xuhang/guan_dan/assets/scripts/manager/UIConfig.ts -> file:///D:/xuhang/guan_dan/assets/scripts/component/activity/exchangeRecordViewItem.ts -> file:///D:/xuhang/guan_dan/assets/scripts/manager/GlobalData.ts
[warning][[Build.Script.Rollup]] Circular dependency: file:///D:/xuhang/guan_dan/assets/scripts/manager/GlobalData.ts -> file:///D:/xuhang/guan_dan/assets/scripts/manager/UIConfig.ts -> file:///D:/xuhang/guan_dan/assets/scripts/component/activity/shareRecordViewItem.ts -> file:///D:/xuhang/guan_dan/assets/scripts/manager/GlobalData.ts
[warning][[Build.Script.Rollup]] Circular dependency: file:///D:/xuhang/guan_dan/assets/scripts/common/utils.ts -> file:///D:/xuhang/guan_dan/assets/scripts/manager/GlobalData.ts -> file:///D:/xuhang/guan_dan/assets/scripts/manager/UIConfig.ts -> file:///D:/xuhang/guan_dan/assets/scripts/component/activity/shareRecordViewItem.ts -> file:///D:/xuhang/guan_dan/assets/scripts/common/utils.ts
[warning][[Build.Script.Rollup]] Circular dependency: file:///D:/xuhang/guan_dan/assets/scripts/component/activity/activityViewItem.ts -> file:///D:/xuhang/guan_dan/assets/scripts/manager/SoundManager.ts -> file:///D:/xuhang/guan_dan/assets/scripts/AppGlobal.ts -> file:///D:/xuhang/guan_dan/assets/scripts/common/utils.ts -> file:///D:/xuhang/guan_dan/assets/scripts/manager/GlobalData.ts -> file:///D:/xuhang/guan_dan/assets/scripts/manager/UIConfig.ts -> file:///D:/xuhang/guan_dan/assets/scripts/component/activity/activityViewItem.ts
[warning][[Build.Script.Rollup]] Circular dependency: file:///D:/xuhang/guan_dan/assets/scripts/manager/SoundManager.ts -> file:///D:/xuhang/guan_dan/assets/scripts/AppGlobal.ts -> file:///D:/xuhang/guan_dan/assets/scripts/platform/platform.ts -> file:///D:/xuhang/guan_dan/assets/scripts/manager/SoundManager.ts
  
[warning][[Build.Script.Rollup]] Circular dependency: file:///D:/xuhang/guan_dan/assets/scripts/manager/SoundManager.ts -> file:///D:/xuhang/guan_dan/assets/scripts/AppGlobal.ts -> file:///D:/xuhang/guan_dan/assets/scripts/common/utils.ts -> file:///D:/xuhang/guan_dan/assets/scripts/manager/GlobalData.ts -> file:///D:/xuhang/guan_dan/assets/scripts/manager/UIConfig.ts -> file:///D:/xuhang/guan_dan/assets/scripts/component/match/AuditionMatchItem.ts -> file:///D:/xuhang/guan_dan/assets/scripts/manager/SoundManager.ts  
[warning][[Build.Script.Rollup]] Circular dependency: file:///D:/xuhang/guan_dan/assets/scripts/manager/GlobalData.ts -> file:///D:/xuhang/guan_dan/assets/scripts/manager/UIConfig.ts -> file:///D:/xuhang/guan_dan/assets/scripts/component/match/AuditionMatchItem.ts -> file:///D:/xuhang/guan_dan/assets/scripts/manager/GlobalData.ts  
[warning][[Build.Script.Rollup]] Circular dependency: file:///D:/xuhang/guan_dan/assets/scripts/manager/UIConfig.ts -> file:///D:/xuhang/guan_dan/assets/scripts/component/activity/signInViewItem.ts -> file:///D:/xuhang/guan_dan/assets/scripts/manager/UIConfig.ts  
[warning][[Build.Script.Rollup]] Circular dependency: file:///D:/xuhang/guan_dan/assets/scripts/manager/GlobalData.ts -> file:///D:/xuhang/guan_dan/assets/scripts/manager/UIConfig.ts -> file:///D:/xuhang/guan_dan/assets/scripts/component/activity/shareViewItem.ts -> file:///D:/xuhang/guan_dan/assets/scripts/manager/GlobalData.ts  
[warning][[Build.Script.Rollup]] Circular dependency: file:///D:/xuhang/guan_dan/assets/scripts/manager/UIConfig.ts -> file:///D:/xuhang/guan_dan/assets/scripts/component/activity/shareViewItem.ts -> file:///D:/xuhang/guan_dan/assets/scripts/manager/UIConfig.ts  
[warning][[Build.Script.Rollup]] Circular dependency: file:///D:/xuhang/guan_dan/assets/scripts/manager/GlobalData.ts -> file:///D:/xuhang/guan_dan/assets/scripts/manager/UIConfig.ts -> file:///D:/xuhang/guan_dan/assets/scripts/component/GetItem.ts -> file:///D:/xuhang/guan_dan/assets/scripts/manager/GlobalData.ts  
[warning][[Build.Script.Rollup]] Circular dependency: file:///D:/xuhang/guan_dan/assets/scripts/common/utils.ts -> file:///D:/xuhang/guan_dan/assets/scripts/manager/GlobalData.ts -> file:///D:/xuhang/guan_dan/assets/scripts/manager/UIConfig.ts -> file:///D:/xuhang/guan_dan/assets/scripts/component/GetItem.ts -> file:///D:/xuhang/guan_dan/assets/scripts/common/utils.ts  
[warning][[Build.Script.Rollup]] Circular dependency: file:///D:/xuhang/guan_dan/assets/scripts/manager/UIConfig.ts -> file:///D:/xuhang/guan_dan/assets/scripts/component/activity/exchangeViewItem.ts -> file:///D:/xuhang/guan_dan/assets/scripts/manager/UIConfig.ts  
[warning][[Build.Script.Rollup]] Circular dependency: file:///D:/xuhang/guan_dan/assets/scripts/manager/GlobalData.ts -> file:///D:/xuhang/guan_dan/assets/scripts/manager/UIConfig.ts -> file:///D:/xuhang/guan_dan/assets/scripts/component/activity/exchangeViewItem.ts -> file:///D:/xuhang/guan_dan/assets/scripts/manager/GlobalData.ts  
[warning][[Build.Script.Rollup]] Circular dependency: file:///D:/xuhang/guan_dan/assets/scripts/common/utils.ts -> file:///D:/xuhang/guan_dan/assets/scripts/manager/GlobalData.ts -> file:///D:/xuhang/guan_dan/assets/scripts/manager/UIConfig.ts -> file:///D:/xuhang/guan_dan/assets/scripts/component/activity/exchangeViewItem.ts -> file:///D:/xuhang/guan_dan/assets/scripts/common/utils.ts  
[warning][[Build.Script.Rollup]] Circular dependency: file:///D:/xuhang/guan_dan/assets/scripts/manager/GlobalData.ts -> file:///D:/xuhang/guan_dan/assets/scripts/manager/UIConfig.ts -> file:///D:/xuhang/guan_dan/assets/scripts/component/activity/exchangeRecordViewItem.ts -> file:///D:/xuhang/guan_dan/assets/scripts/manager/GlobalData.ts  
[warning][[Build.Script.Rollup]] Circular dependency: file:///D:/xuhang/guan_dan/assets/scripts/manager/GlobalData.ts -> file:///D:/xuhang/guan_dan/assets/scripts/manager/UIConfig.ts -> file:///D:/xuhang/guan_dan/assets/scripts/component/activity/shareRecordViewItem.ts -> file:///D:/xuhang/guan_dan/assets/scripts/manager/GlobalData.ts  
[warning][[Build.Script.Rollup]] Circular dependency: file:///D:/xuhang/guan_dan/assets/scripts/common/utils.ts -> file:///D:/xuhang/guan_dan/assets/scripts/manager/GlobalData.ts -> file:///D:/xuhang/guan_dan/assets/scripts/manager/UIConfig.ts -> file:///D:/xuhang/guan_dan/assets/scripts/component/activity/shareRecordViewItem.ts -> file:///D:/xuhang/guan_dan/assets/scripts/common/utils.ts  
[warning][[Build.Script.Rollup]] Circular dependency: file:///D:/xuhang/guan_dan/assets/scripts/component/activity/activityViewItem.ts -> file:///D:/xuhang/guan_dan/assets/scripts/manager/SoundManager.ts -> file:///D:/xuhang/guan_dan/assets/scripts/AppGlobal.ts -> file:///D:/xuhang/guan_dan/assets/scripts/common/utils.ts -> file:///D:/xuhang/guan_dan/assets/scripts/manager/GlobalData.ts -> file:///D:/xuhang/guan_dan/assets/scripts/manager/UIConfig.ts -> file:///D:/xuhang/guan_dan/assets/scripts/component/activity/activityViewItem.ts  
[warning][[Build.Script.Rollup]] Circular dependency: file:///D:/xuhang/guan_dan/assets/scripts/manager/SoundManager.ts -> file:///D:/xuhang/guan_dan/assets/scripts/AppGlobal.ts -> file:///D:/xuhang/guan_dan/assets/scripts/platform/platform.ts -> file:///D:/xuhang/guan_dan/assets/scripts/manager/SoundManager.ts  
  
at Object.encode (C:\ProgramData\cocos\editors\Creator\3.6.0\resources\app.asar\node_modules\@base\electron-worker\node_modules\v-stacks\index.js:14:17)  
at Logger._logHandler (C:\ProgramData\cocos\editors\Creator\3.6.0\resources\app.asar\node_modules\@base\electron-worker\static\script.ccc:1:531)  
at Logger.record (C:\ProgramData\cocos\editors\Creator\3.6.0\resources\app.asar\node_modules\@base\electron-logger\lib\renderer.ccc:1:458)  
at Object.warn (C:\ProgramData\cocos\editors\Creator\3.6.0\resources\app.asar\node_modules\@base\electron-logger\lib\renderer.ccc:1:1260)  
at NewConsole.warn (C:\ProgramData\cocos\editors\Creator\3.6.0\resources\app.asar\builtin\builder\dist\worker\console.ccc:1:1306)  
at Socket.<anonymous> (C:\ProgramData\cocos\editors\Creator\3.6.0\resources\app.asar\builtin\builder\dist\worker\worker-pools\sub-process-manager.ccc:1:2640)  
at Socket.emit (events.js:315:20)  
at addChunk (internal/streams/readable.js:309:12)  
at readableAddChunk (internal/streams/readable.js:284:9)  
at Socket.Readable.push (internal/streams/readable.js:223:10)
2025-08-30T05:45:06.330Z - warn: [Build] [build-script]Browserslist: caniuse-lite is outdated. Please run:
npx browserslist@latest --update-db

Why you should do it regularly:
https://github.com/browserslist/browserslist#browsers-data-updating
[Build] [build-script]Browserslist: caniuse-lite is outdated. Please run:
npx browserslist@latest --update-db

Why you should do it regularly:
https://github.com/browserslist/browserslist#browsers-data-updating
  
  
at Object.encode (C:\ProgramData\cocos\editors\Creator\3.6.0\resources\app.asar\node_modules\@base\electron-worker\node_modules\v-stacks\index.js:14:17)  
at Logger._logHandler (C:\ProgramData\cocos\editors\Creator\3.6.0\resources\app.asar\node_modules\@base\electron-worker\static\script.ccc:1:531)  
at Logger.record (C:\ProgramData\cocos\editors\Creator\3.6.0\resources\app.asar\node_modules\@base\electron-logger\lib\renderer.ccc:1:458)  
at Object.warn (C:\ProgramData\cocos\editors\Creator\3.6.0\resources\app.asar\node_modules\@base\electron-logger\lib\renderer.ccc:1:1260)  
at NewConsole.warn (C:\ProgramData\cocos\editors\Creator\3.6.0\resources\app.asar\builtin\builder\dist\worker\console.ccc:1:1306)  
at Socket.<anonymous> (C:\ProgramData\cocos\editors\Creator\3.6.0\resources\app.asar\builtin\builder\dist\worker\worker-pools\sub-process-manager.ccc:1:2640)  
at Socket.emit (events.js:315:20)  
at addChunk (internal/streams/readable.js:309:12)  
at readableAddChunk (internal/streams/readable.js:284:9)  
at Socket.Readable.push (internal/streams/readable.js:223:10)
2025-08-30T05:45:09.834Z - warn: [Build] [build-script]Unexpected: entry chunk name gameMsg.mjs_cjs=&original= is not in list.
[warning]Unexpected: entry chunk name long.mjs_cjs=&original= is not in list.
[Build] [build-script]Unexpected: entry chunk name gameMsg.mjs_cjs=&original= is not in list.
[warning]Unexpected: entry chunk name long.mjs_cjs=&original= is not in list.
  
at Logger.record (C:\ProgramData\cocos\editors\Creator\3.6.0\resources\app.asar\node_modules\@base\electron-logger\lib\renderer.ccc:1:458)  
at Object.warn (C:\ProgramData\cocos\editors\Creator\3.6.0\resources\app.asar\node_modules\@base\electron-logger\lib\renderer.ccc:1:1260)  
at NewConsole.warn (C:\ProgramData\cocos\editors\Creator\3.6.0\resources\app.asar\builtin\builder\dist\worker\console.ccc:1:1306)  
at Socket.<anonymous> (C:\ProgramData\cocos\editors\Creator\3.6.0\resources\app.asar\builtin\builder\dist\worker\worker-pools\sub-process-manager.ccc:1:2640)  
at Socket.emit (events.js:315:20)  
at addChunk (internal/streams/readable.js:309:12)  
at readableAddChunk (internal/streams/readable.js:284:9)  
at Socket.Readable.push (internal/streams/readable.js:223:10)
2025-08-30T05:45:10.311Z - warn: [Build] 资源 {asset(db://assets/resources/texture/big/bg.jpg)} 与资源 {asset(db://assets/resources/texture/big/bg.png)} 的动态加载 URL 相同(texture/big/bg)，请调整目录结构来避免动态加载资源时出现异常。[Build] 资源 {asset(db://assets/resources/texture/big/bg.jpg)} 与资源 {asset(db://assets/resources/texture/big/bg.png)} 的动态加载 URL 相同(texture/big/bg)，请调整目录结构来避免动态加载资源时出现异常。  
at NewConsole.warn (C:\ProgramData\cocos\editors\Creator\3.6.0\resources\app.asar\builtin\builder\dist\worker\console.ccc:1:1306)  
at o (C:\ProgramData\cocos\editors\Creator\3.6.0\resources\app.asar\builtin\builder\dist\worker\builder\setting-task\group.ccc:1:497)  
at C:\ProgramData\cocos\editors\Creator\3.6.0\resources\app.asar\builtin\builder\dist\worker\builder\setting-task\group.ccc:1:735  
at Array.forEach (<anonymous>)  
at BuildTask.handle (C:\ProgramData\cocos\editors\Creator\3.6.0\resources\app.asar\builtin\builder\dist\worker\builder\setting-task\group.ccc:1:618)  
at BuildTask.runBuildTask (C:\ProgramData\cocos\editors\Creator\3.6.0\resources\app.asar\builtin\builder\dist\worker\builder\index.ccc:1:7308)
2025-08-30T05:45:10.313Z - warn: [Build] 资源 {asset(db://assets/resources/texture/big/bg.jpg/texture)} 与资源 {asset(db://assets/resources/texture/big/bg.png/texture)} 的动态加载 URL 相同(texture/big/bg/texture)，请调整目录结构来避免动态加载资源时出现异常。[Build] 资源 {asset(db://assets/resources/texture/big/bg.jpg/texture)} 与资源 {asset(db://assets/resources/texture/big/bg.png/texture)} 的动态加载 URL 相同(texture/big/bg/texture)，请调整目录结构来避免动态加载资源时出现异常。  
at NewConsole.warn (C:\ProgramData\cocos\editors\Creator\3.6.0\resources\app.asar\builtin\builder\dist\worker\console.ccc:1:1306)  
at o (C:\ProgramData\cocos\editors\Creator\3.6.0\resources\app.asar\builtin\builder\dist\worker\builder\setting-task\group.ccc:1:497)  
at C:\ProgramData\cocos\editors\Creator\3.6.0\resources\app.asar\builtin\builder\dist\worker\builder\setting-task\group.ccc:1:735  
at Array.forEach (<anonymous>)  
at BuildTask.handle (C:\ProgramData\cocos\editors\Creator\3.6.0\resources\app.asar\builtin\builder\dist\worker\builder\setting-task\group.ccc:1:618)  
at BuildTask.runBuildTask (C:\ProgramData\cocos\editors\Creator\3.6.0\resources\app.asar\builtin\builder\dist\worker\builder\index.ccc:1:7308)
2025-08-30T05:45:10.313Z - warn: [Build] 资源 {asset(db://assets/resources/texture/big/bg.jpg/spriteFrame)} 与资源 {asset(db://assets/resources/texture/big/bg.png/spriteFrame)} 的动态加载 URL 相同(texture/big/bg/spriteFrame)，请调整目录结构来避免动态加载资源时出现异常。[Build] 资源 {asset(db://assets/resources/texture/big/bg.jpg/spriteFrame)} 与资源 {asset(db://assets/resources/texture/big/bg.png/spriteFrame)} 的动态加载 URL 相同(texture/big/bg/spriteFrame)，请调整目录结构来避免动态加载资源时出现异常。  
at NewConsole.warn (C:\ProgramData\cocos\editors\Creator\3.6.0\resources\app.asar\builtin\builder\dist\worker\console.ccc:1:1306)  
at o (C:\ProgramData\cocos\editors\Creator\3.6.0\resources\app.asar\builtin\builder\dist\worker\builder\setting-task\group.ccc:1:497)  
at C:\ProgramData\cocos\editors\Creator\3.6.0\resources\app.asar\builtin\builder\dist\worker\builder\setting-task\group.ccc:1:735  
at Array.forEach (<anonymous>)  
at BuildTask.handle (C:\ProgramData\cocos\editors\Creator\3.6.0\resources\app.asar\builtin\builder\dist\worker\builder\setting-task\group.ccc:1:618)  
at BuildTask.runBuildTask (C:\ProgramData\cocos\editors\Creator\3.6.0\resources\app.asar\builtin\builder\dist\worker\builder\index.ccc:1:7308)
2025-08-30T05:45:10.359Z - warn: [Build] Browserslist: caniuse-lite is outdated. Please run:
npx browserslist@latest --update-db

Why you should do it regularly:
https://github.com/browserslist/browserslist#browsers-data-updating[Build] Browserslist: caniuse-lite is outdated. Please run:
npx browserslist@latest --update-db

Why you should do it regularly:
https://github.com/browserslist/browserslist#browsers-data-updating  
at Object.encode (C:\ProgramData\cocos\editors\Creator\3.6.0\resources\app.asar\node_modules\@base\electron-worker\node_modules\v-stacks\index.js:14:17)  
at Logger._logHandler (C:\ProgramData\cocos\editors\Creator\3.6.0\resources\app.asar\node_modules\@base\electron-worker\static\script.ccc:1:531)  
at Logger.record (C:\ProgramData\cocos\editors\Creator\3.6.0\resources\app.asar\node_modules\@base\electron-logger\lib\renderer.ccc:1:458)  
at Object.warn (C:\ProgramData\cocos\editors\Creator\3.6.0\resources\app.asar\node_modules\@base\electron-logger\lib\renderer.ccc:1:1260)  
at NewConsole.warn (C:\ProgramData\cocos\editors\Creator\3.6.0\resources\app.asar\builtin\builder\dist\worker\console.ccc:1:1306)  
at Object.oldDataWarning (C:\ProgramData\cocos\editors\Creator\3.6.0\resources\app.asar\node_modules\@babel\helper-compilation-targets\node_modules\browserslist\node.js:373:15)  
at browserslist (C:\ProgramData\cocos\editors\Creator\3.6.0\resources\app.asar\node_modules\@babel\helper-compilation-targets\node_modules\browserslist\index.js:432:7)  
at resolveTargets (C:\ProgramData\cocos\editors\Creator\3.6.0\resources\app.asar\node_modules\@babel\helper-compilation-targets\lib\index.js:174:20)  
at getTargets (C:\ProgramData\cocos\editors\Creator\3.6.0\resources\app.asar\node_modules\@babel\helper-compilation-targets\lib\index.js:214:27)  
at resolveTargets (C:\ProgramData\cocos\editors\Creator\3.6.0\resources\app.asar\node_modules\@babel\core\lib\config\resolve-targets.js:58:50)
2025-08-30T05:58:07.573Z - error: [Scene] {hidden(::SceneExecutorImportExceptionHandler::)} ReferenceError: protobuf is not defined
    at factory (file:///D:/xuhang/guan_dan/temp/programming/packer-driver/targets/editor/chunks/8a/file:/D:/xuhang/guan_dan/assets/scripts/proto/gameMsg.js:5335:5)
    at CjsLoader._load (file:///D:/xuhang/guan_dan/temp/programming/packer-driver/targets/editor/chunks/e2/cce:/internal/ml/cjs-loader.mjs:78:9)
    at CjsLoader._tryModuleLoad (file:///D:/xuhang/guan_dan/temp/programming/packer-driver/targets/editor/chunks/e2/cce:/internal/ml/cjs-loader.mjs:63:18)
    at CjsLoader._require (file:///D:/xuhang/guan_dan/temp/programming/packer-driver/targets/editor/chunks/e2/cce:/internal/ml/cjs-loader.mjs:42:14)
    at CjsLoader.require (file:///D:/xuhang/guan_dan/temp/programming/packer-driver/targets/editor/chunks/e2/cce:/internal/ml/cjs-loader.mjs:27:21)
    at Object.execute (file:///D:/xuhang/guan_dan/temp/programming/packer-driver/targets/editor/chunks/ee/file:/D:/xuhang/guan_dan/assets/scripts/proto/gameMsg.mjs?cjs=&original=.js:7:8)
    at doExec (C:\ProgramData\cocos\editors\Creator\3.6.0\resources\app.asar\node_modules\@editor\lib-programming\static\executor\systemjs-bridge\out\index.js:517:30)
    at postOrderExec (C:\ProgramData\cocos\editors\Creator\3.6.0\resources\app.asar\node_modules\@editor\lib-programming\static\executor\systemjs-bridge\out\index.js:508:21)
    at C:\ProgramData\cocos\editors\Creator\3.6.0\resources\app.asar\node_modules\@editor\lib-programming\static\executor\systemjs-bridge\out\index.js:440:12
    at file:///D:/xuhang/guan_dan/temp/programming/packer-driver/targets/editor/chunks/04/cce:/internal/x/prerequisite-imports:8:13Error: [Scene] {hidden(::SceneExecutorImportExceptionHandler::)} ReferenceError: protobuf is not defined
    at CjsLoader._require (file:///D:/xuhang/guan_dan/temp/programming/packer-driver/targets/editor/chunks/e2/cce:/internal/ml/cjs-loader.mjs:42:14)
    at CjsLoader.require (file:///D:/xuhang/guan_dan/temp/programming/packer-driver/targets/editor/chunks/e2/cce:/internal/ml/cjs-loader.mjs:27:21)
    at Object.execute (file:///D:/xuhang/guan_dan/temp/programming/packer-driver/targets/editor/chunks/ee/file:/D:/xuhang/guan_dan/assets/scripts/proto/gameMsg.mjs?cjs=&original=.js:7:8)
    at doExec (C:\ProgramData\cocos\editors\Creator\3.6.0\resources\app.asar\node_modules\@editor\lib-programming\static\executor\systemjs-bridge\out\index.js:517:30)
    at postOrderExec (C:\ProgramData\cocos\editors\Creator\3.6.0\resources\app.asar\node_modules\@editor\lib-programming\static\executor\systemjs-bridge\out\index.js:508:21)
    at C:\ProgramData\cocos\editors\Creator\3.6.0\resources\app.asar\node_modules\@editor\lib-programming\static\executor\systemjs-bridge\out\index.js:440:12
    at file:///D:/xuhang/guan_dan/temp/programming/packer-driver/targets/editor/chunks/04/cce:/internal/x/prerequisite-imports:8:13
    at Logger._logHandler (C:\ProgramData\cocos\editors\Creator\3.6.0\resources\app.asar\builtin\scene\dist\script\3d\manager\startup\log.ccc:1:318)
    at Logger.record (C:\ProgramData\cocos\editors\Creator\3.6.0\resources\app.asar\node_modules\@base\electron-logger\lib\renderer.ccc:1:458)
    at console.error (C:\ProgramData\cocos\editors\Creator\3.6.0\resources\app.asar\node_modules\@base\electron-logger\lib\renderer.ccc:1:1414)
    at ScriptManager._handleImportException (C:\ProgramData\cocos\editors\Creator\3.6.0\resources\app.asar\builtin\scene\dist\script\3d\manager\scripts.ccc:1:5825)
    at Executor.importExceptionHandler [as _importExceptionHandler] (C:\ProgramData\cocos\editors\Creator\3.6.0\resources\app.asar\builtin\scene\dist\script\3d\manager\scripts.ccc:1:3509)
    at Executor._onModuleLoaded (C:\ProgramData\cocos\editors\Creator\3.6.0\resources\app.asar\node_modules\@editor\lib-programming\src\executor\index.ts:312:22)
    at SystemJS.onload (C:\ProgramData\cocos\editors\Creator\3.6.0\resources\app.asar\node_modules\@editor\lib-programming\src\executor\index.ts:73:18)
    at triggerOnload (C:\ProgramData\cocos\editors\Creator\3.6.0\resources\app.asar\node_modules\@editor\lib-programming\static\executor\systemjs-bridge\out\index.js:270:10)
    at doExec (C:\ProgramData\cocos\editors\Creator\3.6.0\resources\app.asar\node_modules\@editor\lib-programming\static\executor\systemjs-bridge\out\index.js:538:7)
    at postOrderExec (C:\ProgramData\cocos\editors\Creator\3.6.0\resources\app.asar\node_modules\@editor\lib-programming\static\executor\systemjs-bridge\out\index.js:508:21)
2025-08-30T05:58:30.819Z - info: [Window] Download the Vue Devtools extension for a better development experience:
https://github.com/vuejs/vue-devtools
2025-08-30T05:58:30.819Z - info: [Window] You are running Vue in development mode.
Make sure to turn on production mode when deploying for production.
See more tips at https://vuejs.org/guide/deployment.html
2025-08-30T05:58:36.643Z - warn: [Build] protobuf is not definedReferenceError: protobuf is not defined
    at factory (file:///D:/xuhang/guan_dan/temp/programming/packer-driver/targets/editor/chunks/8a/file:/D:/xuhang/guan_dan/assets/scripts/proto/gameMsg.js:5335:5)
    at CjsLoader._load (file:///D:/xuhang/guan_dan/temp/programming/packer-driver/targets/editor/chunks/e2/cce:/internal/ml/cjs-loader.mjs:78:9)
    at CjsLoader._tryModuleLoad (file:///D:/xuhang/guan_dan/temp/programming/packer-driver/targets/editor/chunks/e2/cce:/internal/ml/cjs-loader.mjs:63:18)
    at CjsLoader._require (file:///D:/xuhang/guan_dan/temp/programming/packer-driver/targets/editor/chunks/e2/cce:/internal/ml/cjs-loader.mjs:42:14)
    at CjsLoader.require (file:///D:/xuhang/guan_dan/temp/programming/packer-driver/targets/editor/chunks/e2/cce:/internal/ml/cjs-loader.mjs:27:21)
    at Object.execute (file:///D:/xuhang/guan_dan/temp/programming/packer-driver/targets/editor/chunks/ee/file:/D:/xuhang/guan_dan/assets/scripts/proto/gameMsg.mjs?cjs=&original=.js:7:8)
    at doExec (C:\ProgramData\cocos\editors\Creator\3.6.0\resources\app.asar\node_modules\@editor\lib-programming\static\executor\systemjs-bridge\out\index.js:517:30)
    at postOrderExec (C:\ProgramData\cocos\editors\Creator\3.6.0\resources\app.asar\node_modules\@editor\lib-programming\static\executor\systemjs-bridge\out\index.js:508:21)
    at C:\ProgramData\cocos\editors\Creator\3.6.0\resources\app.asar\node_modules\@editor\lib-programming\static\executor\systemjs-bridge\out\index.js:440:12
    at file:///D:/xuhang/guan_dan/temp/programming/packer-driver/targets/editor/chunks/04/cce:/internal/x/prerequisite-imports:8:13
2025-08-30T05:58:37.147Z - warn: [Build] The SpriteFrame used by component "cc.Sprite" is missing. Detailed information:
Node path: "Canvas/nodeCenter/btnCleanOut"
Missing uuid: "f0d80fb8-d3d4-4723-ade7-20ba9e7ffd56@f9941"
[Build] The SpriteFrame used by component "cc.Sprite" is missing. Detailed information:
Node path: "Canvas/nodeCenter/btnCleanOut"
Missing uuid: "f0d80fb8-d3d4-4723-ade7-20ba9e7ffd56@f9941"
  
at Logger._logHandler (C:\ProgramData\cocos\editors\Creator\3.6.0\resources\app.asar\node_modules\@base\electron-worker\static\script.ccc:1:531)  
at Logger.record (C:\ProgramData\cocos\editors\Creator\3.6.0\resources\app.asar\node_modules\@base\electron-logger\lib\renderer.ccc:1:458)  
at Object.warn (C:\ProgramData\cocos\editors\Creator\3.6.0\resources\app.asar\node_modules\@base\electron-logger\lib\renderer.ccc:1:1260)  
at NewConsole.warn (C:\ProgramData\cocos\editors\Creator\3.6.0\resources\app.asar\builtin\builder\dist\worker\console.ccc:1:1306)  
at MissingObjectReporter.doReport (C:\ProgramData\cocos\editors\Creator\3.6.0\resources\app.asar\builtin\engine\dist\editor-extends\missing-reporter\missing-object-reporter.ccc:1:1304)  
at C:\ProgramData\cocos\editors\Creator\3.6.0\resources\app.asar\builtin\engine\dist\editor-extends\missing-reporter\missing-object-reporter.ccc:1:2190  
at ObjectWalkerBehavior.walk (C:\ProgramData\cocos\editors\Creator\3.6.0\resources\app.asar\builtin\engine\dist\editor-extends\missing-reporter\object-walker.ccc:1:2365)  
at ObjectWalkerBehavior.parseCCClass (C:\ProgramData\cocos\editors\Creator\3.6.0\resources\app.asar\builtin\engine\dist\editor-extends\missing-reporter\object-walker.ccc:1:650)  
at ObjectWalkerBehavior.parseObject (C:\ProgramData\cocos\editors\Creator\3.6.0\resources\app.asar\builtin\engine\dist\editor-extends\missing-reporter\object-walker.ccc:1:460)
2025-08-30T05:58:37.147Z - warn: [Build] The SpriteFrame used by component "cc.Button" is missing. Detailed information:
Node path: "Canvas/nodeCenter/btnCleanOut"
Missing uuid: "f0d80fb8-d3d4-4723-ade7-20ba9e7ffd56@f9941"
[Build] The SpriteFrame used by component "cc.Button" is missing. Detailed information:
Node path: "Canvas/nodeCenter/btnCleanOut"
Missing uuid: "f0d80fb8-d3d4-4723-ade7-20ba9e7ffd56@f9941"
  
at Logger._logHandler (C:\ProgramData\cocos\editors\Creator\3.6.0\resources\app.asar\node_modules\@base\electron-worker\static\script.ccc:1:531)  
at Logger.record (C:\ProgramData\cocos\editors\Creator\3.6.0\resources\app.asar\node_modules\@base\electron-logger\lib\renderer.ccc:1:458)  
at Object.warn (C:\ProgramData\cocos\editors\Creator\3.6.0\resources\app.asar\node_modules\@base\electron-logger\lib\renderer.ccc:1:1260)  
at NewConsole.warn (C:\ProgramData\cocos\editors\Creator\3.6.0\resources\app.asar\builtin\builder\dist\worker\console.ccc:1:1306)  
at MissingObjectReporter.doReport (C:\ProgramData\cocos\editors\Creator\3.6.0\resources\app.asar\builtin\engine\dist\editor-extends\missing-reporter\missing-object-reporter.ccc:1:1304)  
at C:\ProgramData\cocos\editors\Creator\3.6.0\resources\app.asar\builtin\engine\dist\editor-extends\missing-reporter\missing-object-reporter.ccc:1:2190  
at ObjectWalkerBehavior.walk (C:\ProgramData\cocos\editors\Creator\3.6.0\resources\app.asar\builtin\engine\dist\editor-extends\missing-reporter\object-walker.ccc:1:2365)  
at ObjectWalkerBehavior.parseCCClass (C:\ProgramData\cocos\editors\Creator\3.6.0\resources\app.asar\builtin\engine\dist\editor-extends\missing-reporter\object-walker.ccc:1:650)  
at ObjectWalkerBehavior.parseObject (C:\ProgramData\cocos\editors\Creator\3.6.0\resources\app.asar\builtin\engine\dist\editor-extends\missing-reporter\object-walker.ccc:1:460)
2025-08-30T05:58:37.175Z - warn: [Build] The SpriteFrame used by component "cc.Sprite" is missing. Detailed information:
Node path: "Canvas/nodeBottom"
Missing uuid: "a85f8c78-4576-48c4-bead-f844201d7dd2@f9941"
[Build] The SpriteFrame used by component "cc.Sprite" is missing. Detailed information:
Node path: "Canvas/nodeBottom"
Missing uuid: "a85f8c78-4576-48c4-bead-f844201d7dd2@f9941"
  
at Logger._logHandler (C:\ProgramData\cocos\editors\Creator\3.6.0\resources\app.asar\node_modules\@base\electron-worker\static\script.ccc:1:531)  
at Logger.record (C:\ProgramData\cocos\editors\Creator\3.6.0\resources\app.asar\node_modules\@base\electron-logger\lib\renderer.ccc:1:458)  
at Object.warn (C:\ProgramData\cocos\editors\Creator\3.6.0\resources\app.asar\node_modules\@base\electron-logger\lib\renderer.ccc:1:1260)  
at NewConsole.warn (C:\ProgramData\cocos\editors\Creator\3.6.0\resources\app.asar\builtin\builder\dist\worker\console.ccc:1:1306)  
at MissingObjectReporter.doReport (C:\ProgramData\cocos\editors\Creator\3.6.0\resources\app.asar\builtin\engine\dist\editor-extends\missing-reporter\missing-object-reporter.ccc:1:1304)  
at C:\ProgramData\cocos\editors\Creator\3.6.0\resources\app.asar\builtin\engine\dist\editor-extends\missing-reporter\missing-object-reporter.ccc:1:2190  
at ObjectWalkerBehavior.walk (C:\ProgramData\cocos\editors\Creator\3.6.0\resources\app.asar\builtin\engine\dist\editor-extends\missing-reporter\object-walker.ccc:1:2365)  
at ObjectWalkerBehavior.parseCCClass (C:\ProgramData\cocos\editors\Creator\3.6.0\resources\app.asar\builtin\engine\dist\editor-extends\missing-reporter\object-walker.ccc:1:650)  
at ObjectWalkerBehavior.parseObject (C:\ProgramData\cocos\editors\Creator\3.6.0\resources\app.asar\builtin\engine\dist\editor-extends\missing-reporter\object-walker.ccc:1:460)
2025-08-30T05:58:37.176Z - warn: [Build] The SpriteAtlas used by component "cc.Sprite" is missing. Detailed information:
Node path: "Canvas/nodeTop/btnBack"
Missing uuid: "54d24d99-428f-49ed-ae73-d6bf6be983b1"
[Build] The SpriteAtlas used by component "cc.Sprite" is missing. Detailed information:
Node path: "Canvas/nodeTop/btnBack"
Missing uuid: "54d24d99-428f-49ed-ae73-d6bf6be983b1"
  
at Logger._logHandler (C:\ProgramData\cocos\editors\Creator\3.6.0\resources\app.asar\node_modules\@base\electron-worker\static\script.ccc:1:531)  
at Logger.record (C:\ProgramData\cocos\editors\Creator\3.6.0\resources\app.asar\node_modules\@base\electron-logger\lib\renderer.ccc:1:458)  
at Object.warn (C:\ProgramData\cocos\editors\Creator\3.6.0\resources\app.asar\node_modules\@base\electron-logger\lib\renderer.ccc:1:1260)  
at NewConsole.warn (C:\ProgramData\cocos\editors\Creator\3.6.0\resources\app.asar\builtin\builder\dist\worker\console.ccc:1:1306)  
at MissingObjectReporter.doReport (C:\ProgramData\cocos\editors\Creator\3.6.0\resources\app.asar\builtin\engine\dist\editor-extends\missing-reporter\missing-object-reporter.ccc:1:1304)  
at C:\ProgramData\cocos\editors\Creator\3.6.0\resources\app.asar\builtin\engine\dist\editor-extends\missing-reporter\missing-object-reporter.ccc:1:2190  
at ObjectWalkerBehavior.walk (C:\ProgramData\cocos\editors\Creator\3.6.0\resources\app.asar\builtin\engine\dist\editor-extends\missing-reporter\object-walker.ccc:1:2365)  
at ObjectWalkerBehavior.parseCCClass (C:\ProgramData\cocos\editors\Creator\3.6.0\resources\app.asar\builtin\engine\dist\editor-extends\missing-reporter\object-walker.ccc:1:650)  
at ObjectWalkerBehavior.parseObject (C:\ProgramData\cocos\editors\Creator\3.6.0\resources\app.asar\builtin\engine\dist\editor-extends\missing-reporter\object-walker.ccc:1:460)
2025-08-30T05:58:37.177Z - warn: [Build] The SpriteAtlas used by component "cc.Sprite" is missing. Detailed information:
Node path: "Canvas/nodeTop/btnSet"
Missing uuid: "54d24d99-428f-49ed-ae73-d6bf6be983b1"
[Build] The SpriteAtlas used by component "cc.Sprite" is missing. Detailed information:
Node path: "Canvas/nodeTop/btnSet"
Missing uuid: "54d24d99-428f-49ed-ae73-d6bf6be983b1"
  
at Logger._logHandler (C:\ProgramData\cocos\editors\Creator\3.6.0\resources\app.asar\node_modules\@base\electron-worker\static\script.ccc:1:531)  
at Logger.record (C:\ProgramData\cocos\editors\Creator\3.6.0\resources\app.asar\node_modules\@base\electron-logger\lib\renderer.ccc:1:458)  
at Object.warn (C:\ProgramData\cocos\editors\Creator\3.6.0\resources\app.asar\node_modules\@base\electron-logger\lib\renderer.ccc:1:1260)  
at NewConsole.warn (C:\ProgramData\cocos\editors\Creator\3.6.0\resources\app.asar\builtin\builder\dist\worker\console.ccc:1:1306)  
at MissingObjectReporter.doReport (C:\ProgramData\cocos\editors\Creator\3.6.0\resources\app.asar\builtin\engine\dist\editor-extends\missing-reporter\missing-object-reporter.ccc:1:1304)  
at C:\ProgramData\cocos\editors\Creator\3.6.0\resources\app.asar\builtin\engine\dist\editor-extends\missing-reporter\missing-object-reporter.ccc:1:2190  
at ObjectWalkerBehavior.walk (C:\ProgramData\cocos\editors\Creator\3.6.0\resources\app.asar\builtin\engine\dist\editor-extends\missing-reporter\object-walker.ccc:1:2365)  
at ObjectWalkerBehavior.parseCCClass (C:\ProgramData\cocos\editors\Creator\3.6.0\resources\app.asar\builtin\engine\dist\editor-extends\missing-reporter\object-walker.ccc:1:650)  
at ObjectWalkerBehavior.parseObject (C:\ProgramData\cocos\editors\Creator\3.6.0\resources\app.asar\builtin\engine\dist\editor-extends\missing-reporter\object-walker.ccc:1:460)
2025-08-30T05:58:37.177Z - warn: [Build] The SpriteAtlas used by component "cc.Sprite" is missing. Detailed information:
Node path: "Canvas/nodeTop/btnRule"
Missing uuid: "54d24d99-428f-49ed-ae73-d6bf6be983b1"
[Build] The SpriteAtlas used by component "cc.Sprite" is missing. Detailed information:
Node path: "Canvas/nodeTop/btnRule"
Missing uuid: "54d24d99-428f-49ed-ae73-d6bf6be983b1"
  
at Logger._logHandler (C:\ProgramData\cocos\editors\Creator\3.6.0\resources\app.asar\node_modules\@base\electron-worker\static\script.ccc:1:531)  
at Logger.record (C:\ProgramData\cocos\editors\Creator\3.6.0\resources\app.asar\node_modules\@base\electron-logger\lib\renderer.ccc:1:458)  
at Object.warn (C:\ProgramData\cocos\editors\Creator\3.6.0\resources\app.asar\node_modules\@base\electron-logger\lib\renderer.ccc:1:1260)  
at NewConsole.warn (C:\ProgramData\cocos\editors\Creator\3.6.0\resources\app.asar\builtin\builder\dist\worker\console.ccc:1:1306)  
at MissingObjectReporter.doReport (C:\ProgramData\cocos\editors\Creator\3.6.0\resources\app.asar\builtin\engine\dist\editor-extends\missing-reporter\missing-object-reporter.ccc:1:1304)  
at C:\ProgramData\cocos\editors\Creator\3.6.0\resources\app.asar\builtin\engine\dist\editor-extends\missing-reporter\missing-object-reporter.ccc:1:2190  
at ObjectWalkerBehavior.walk (C:\ProgramData\cocos\editors\Creator\3.6.0\resources\app.asar\builtin\engine\dist\editor-extends\missing-reporter\object-walker.ccc:1:2365)  
at ObjectWalkerBehavior.parseCCClass (C:\ProgramData\cocos\editors\Creator\3.6.0\resources\app.asar\builtin\engine\dist\editor-extends\missing-reporter\object-walker.ccc:1:650)  
at ObjectWalkerBehavior.parseObject (C:\ProgramData\cocos\editors\Creator\3.6.0\resources\app.asar\builtin\engine\dist\editor-extends\missing-reporter\object-walker.ccc:1:460)
2025-08-30T05:58:40.246Z - warn: [Build] The SpriteFrame used by component "cc.Sprite" is missing. Detailed information:
Node path: "Canvas/nodeCenter/btnCleanOut"
Missing uuid: "f0d80fb8-d3d4-4723-ade7-20ba9e7ffd56@f9941"
[Build] The SpriteFrame used by component "cc.Sprite" is missing. Detailed information:
Node path: "Canvas/nodeCenter/btnCleanOut"
Missing uuid: "f0d80fb8-d3d4-4723-ade7-20ba9e7ffd56@f9941"
  
at Logger._logHandler (C:\ProgramData\cocos\editors\Creator\3.6.0\resources\app.asar\node_modules\@base\electron-worker\static\script.ccc:1:531)  
at Logger.record (C:\ProgramData\cocos\editors\Creator\3.6.0\resources\app.asar\node_modules\@base\electron-logger\lib\renderer.ccc:1:458)  
at Object.warn (C:\ProgramData\cocos\editors\Creator\3.6.0\resources\app.asar\node_modules\@base\electron-logger\lib\renderer.ccc:1:1260)  
at NewConsole.warn (C:\ProgramData\cocos\editors\Creator\3.6.0\resources\app.asar\builtin\builder\dist\worker\console.ccc:1:1306)  
at MissingObjectReporter.doReport (C:\ProgramData\cocos\editors\Creator\3.6.0\resources\app.asar\builtin\engine\dist\editor-extends\missing-reporter\missing-object-reporter.ccc:1:1304)  
at C:\ProgramData\cocos\editors\Creator\3.6.0\resources\app.asar\builtin\engine\dist\editor-extends\missing-reporter\missing-object-reporter.ccc:1:2190  
at ObjectWalkerBehavior.walk (C:\ProgramData\cocos\editors\Creator\3.6.0\resources\app.asar\builtin\engine\dist\editor-extends\missing-reporter\object-walker.ccc:1:2365)  
at ObjectWalkerBehavior.parseCCClass (C:\ProgramData\cocos\editors\Creator\3.6.0\resources\app.asar\builtin\engine\dist\editor-extends\missing-reporter\object-walker.ccc:1:650)  
at ObjectWalkerBehavior.parseObject (C:\ProgramData\cocos\editors\Creator\3.6.0\resources\app.asar\builtin\engine\dist\editor-extends\missing-reporter\object-walker.ccc:1:460)
2025-08-30T05:58:40.247Z - warn: [Build] The SpriteFrame used by component "cc.Button" is missing. Detailed information:
Node path: "Canvas/nodeCenter/btnCleanOut"
Missing uuid: "f0d80fb8-d3d4-4723-ade7-20ba9e7ffd56@f9941"
[Build] The SpriteFrame used by component "cc.Button" is missing. Detailed information:
Node path: "Canvas/nodeCenter/btnCleanOut"
Missing uuid: "f0d80fb8-d3d4-4723-ade7-20ba9e7ffd56@f9941"
  
at Logger._logHandler (C:\ProgramData\cocos\editors\Creator\3.6.0\resources\app.asar\node_modules\@base\electron-worker\static\script.ccc:1:531)  
at Logger.record (C:\ProgramData\cocos\editors\Creator\3.6.0\resources\app.asar\node_modules\@base\electron-logger\lib\renderer.ccc:1:458)  
at Object.warn (C:\ProgramData\cocos\editors\Creator\3.6.0\resources\app.asar\node_modules\@base\electron-logger\lib\renderer.ccc:1:1260)  
at NewConsole.warn (C:\ProgramData\cocos\editors\Creator\3.6.0\resources\app.asar\builtin\builder\dist\worker\console.ccc:1:1306)  
at MissingObjectReporter.doReport (C:\ProgramData\cocos\editors\Creator\3.6.0\resources\app.asar\builtin\engine\dist\editor-extends\missing-reporter\missing-object-reporter.ccc:1:1304)  
at C:\ProgramData\cocos\editors\Creator\3.6.0\resources\app.asar\builtin\engine\dist\editor-extends\missing-reporter\missing-object-reporter.ccc:1:2190  
at ObjectWalkerBehavior.walk (C:\ProgramData\cocos\editors\Creator\3.6.0\resources\app.asar\builtin\engine\dist\editor-extends\missing-reporter\object-walker.ccc:1:2365)  
at ObjectWalkerBehavior.parseCCClass (C:\ProgramData\cocos\editors\Creator\3.6.0\resources\app.asar\builtin\engine\dist\editor-extends\missing-reporter\object-walker.ccc:1:650)  
at ObjectWalkerBehavior.parseObject (C:\ProgramData\cocos\editors\Creator\3.6.0\resources\app.asar\builtin\engine\dist\editor-extends\missing-reporter\object-walker.ccc:1:460)
2025-08-30T05:58:40.292Z - warn: [Build] The SpriteFrame used by component "cc.Sprite" is missing. Detailed information:
Node path: "Canvas/nodeBottom"
Missing uuid: "a85f8c78-4576-48c4-bead-f844201d7dd2@f9941"
[Build] The SpriteFrame used by component "cc.Sprite" is missing. Detailed information:
Node path: "Canvas/nodeBottom"
Missing uuid: "a85f8c78-4576-48c4-bead-f844201d7dd2@f9941"
  
at Logger._logHandler (C:\ProgramData\cocos\editors\Creator\3.6.0\resources\app.asar\node_modules\@base\electron-worker\static\script.ccc:1:531)  
at Logger.record (C:\ProgramData\cocos\editors\Creator\3.6.0\resources\app.asar\node_modules\@base\electron-logger\lib\renderer.ccc:1:458)  
at Object.warn (C:\ProgramData\cocos\editors\Creator\3.6.0\resources\app.asar\node_modules\@base\electron-logger\lib\renderer.ccc:1:1260)  
at NewConsole.warn (C:\ProgramData\cocos\editors\Creator\3.6.0\resources\app.asar\builtin\builder\dist\worker\console.ccc:1:1306)  
at MissingObjectReporter.doReport (C:\ProgramData\cocos\editors\Creator\3.6.0\resources\app.asar\builtin\engine\dist\editor-extends\missing-reporter\missing-object-reporter.ccc:1:1304)  
at C:\ProgramData\cocos\editors\Creator\3.6.0\resources\app.asar\builtin\engine\dist\editor-extends\missing-reporter\missing-object-reporter.ccc:1:2190  
at ObjectWalkerBehavior.walk (C:\ProgramData\cocos\editors\Creator\3.6.0\resources\app.asar\builtin\engine\dist\editor-extends\missing-reporter\object-walker.ccc:1:2365)  
at ObjectWalkerBehavior.parseCCClass (C:\ProgramData\cocos\editors\Creator\3.6.0\resources\app.asar\builtin\engine\dist\editor-extends\missing-reporter\object-walker.ccc:1:650)  
at ObjectWalkerBehavior.parseObject (C:\ProgramData\cocos\editors\Creator\3.6.0\resources\app.asar\builtin\engine\dist\editor-extends\missing-reporter\object-walker.ccc:1:460)
2025-08-30T05:58:40.294Z - warn: [Build] The SpriteAtlas used by component "cc.Sprite" is missing. Detailed information:
Node path: "Canvas/nodeTop/btnBack"
Missing uuid: "54d24d99-428f-49ed-ae73-d6bf6be983b1"
[Build] The SpriteAtlas used by component "cc.Sprite" is missing. Detailed information:
Node path: "Canvas/nodeTop/btnBack"
Missing uuid: "54d24d99-428f-49ed-ae73-d6bf6be983b1"
  
at Logger._logHandler (C:\ProgramData\cocos\editors\Creator\3.6.0\resources\app.asar\node_modules\@base\electron-worker\static\script.ccc:1:531)  
at Logger.record (C:\ProgramData\cocos\editors\Creator\3.6.0\resources\app.asar\node_modules\@base\electron-logger\lib\renderer.ccc:1:458)  
at Object.warn (C:\ProgramData\cocos\editors\Creator\3.6.0\resources\app.asar\node_modules\@base\electron-logger\lib\renderer.ccc:1:1260)  
at NewConsole.warn (C:\ProgramData\cocos\editors\Creator\3.6.0\resources\app.asar\builtin\builder\dist\worker\console.ccc:1:1306)  
at MissingObjectReporter.doReport (C:\ProgramData\cocos\editors\Creator\3.6.0\resources\app.asar\builtin\engine\dist\editor-extends\missing-reporter\missing-object-reporter.ccc:1:1304)  
at C:\ProgramData\cocos\editors\Creator\3.6.0\resources\app.asar\builtin\engine\dist\editor-extends\missing-reporter\missing-object-reporter.ccc:1:2190  
at ObjectWalkerBehavior.walk (C:\ProgramData\cocos\editors\Creator\3.6.0\resources\app.asar\builtin\engine\dist\editor-extends\missing-reporter\object-walker.ccc:1:2365)  
at ObjectWalkerBehavior.parseCCClass (C:\ProgramData\cocos\editors\Creator\3.6.0\resources\app.asar\builtin\engine\dist\editor-extends\missing-reporter\object-walker.ccc:1:650)  
at ObjectWalkerBehavior.parseObject (C:\ProgramData\cocos\editors\Creator\3.6.0\resources\app.asar\builtin\engine\dist\editor-extends\missing-reporter\object-walker.ccc:1:460)
2025-08-30T05:58:40.295Z - warn: [Build] The SpriteAtlas used by component "cc.Sprite" is missing. Detailed information:
Node path: "Canvas/nodeTop/btnSet"
Missing uuid: "54d24d99-428f-49ed-ae73-d6bf6be983b1"
[Build] The SpriteAtlas used by component "cc.Sprite" is missing. Detailed information:
Node path: "Canvas/nodeTop/btnSet"
Missing uuid: "54d24d99-428f-49ed-ae73-d6bf6be983b1"
  
at Logger._logHandler (C:\ProgramData\cocos\editors\Creator\3.6.0\resources\app.asar\node_modules\@base\electron-worker\static\script.ccc:1:531)  
at Logger.record (C:\ProgramData\cocos\editors\Creator\3.6.0\resources\app.asar\node_modules\@base\electron-logger\lib\renderer.ccc:1:458)  
at Object.warn (C:\ProgramData\cocos\editors\Creator\3.6.0\resources\app.asar\node_modules\@base\electron-logger\lib\renderer.ccc:1:1260)  
at NewConsole.warn (C:\ProgramData\cocos\editors\Creator\3.6.0\resources\app.asar\builtin\builder\dist\worker\console.ccc:1:1306)  
at MissingObjectReporter.doReport (C:\ProgramData\cocos\editors\Creator\3.6.0\resources\app.asar\builtin\engine\dist\editor-extends\missing-reporter\missing-object-reporter.ccc:1:1304)  
at C:\ProgramData\cocos\editors\Creator\3.6.0\resources\app.asar\builtin\engine\dist\editor-extends\missing-reporter\missing-object-reporter.ccc:1:2190  
at ObjectWalkerBehavior.walk (C:\ProgramData\cocos\editors\Creator\3.6.0\resources\app.asar\builtin\engine\dist\editor-extends\missing-reporter\object-walker.ccc:1:2365)  
at ObjectWalkerBehavior.parseCCClass (C:\ProgramData\cocos\editors\Creator\3.6.0\resources\app.asar\builtin\engine\dist\editor-extends\missing-reporter\object-walker.ccc:1:650)  
at ObjectWalkerBehavior.parseObject (C:\ProgramData\cocos\editors\Creator\3.6.0\resources\app.asar\builtin\engine\dist\editor-extends\missing-reporter\object-walker.ccc:1:460)
2025-08-30T05:58:40.296Z - warn: [Build] The SpriteAtlas used by component "cc.Sprite" is missing. Detailed information:
Node path: "Canvas/nodeTop/btnRule"
Missing uuid: "54d24d99-428f-49ed-ae73-d6bf6be983b1"
[Build] The SpriteAtlas used by component "cc.Sprite" is missing. Detailed information:
Node path: "Canvas/nodeTop/btnRule"
Missing uuid: "54d24d99-428f-49ed-ae73-d6bf6be983b1"
  
at Logger._logHandler (C:\ProgramData\cocos\editors\Creator\3.6.0\resources\app.asar\node_modules\@base\electron-worker\static\script.ccc:1:531)  
at Logger.record (C:\ProgramData\cocos\editors\Creator\3.6.0\resources\app.asar\node_modules\@base\electron-logger\lib\renderer.ccc:1:458)  
at Object.warn (C:\ProgramData\cocos\editors\Creator\3.6.0\resources\app.asar\node_modules\@base\electron-logger\lib\renderer.ccc:1:1260)  
at NewConsole.warn (C:\ProgramData\cocos\editors\Creator\3.6.0\resources\app.asar\builtin\builder\dist\worker\console.ccc:1:1306)  
at MissingObjectReporter.doReport (C:\ProgramData\cocos\editors\Creator\3.6.0\resources\app.asar\builtin\engine\dist\editor-extends\missing-reporter\missing-object-reporter.ccc:1:1304)  
at C:\ProgramData\cocos\editors\Creator\3.6.0\resources\app.asar\builtin\engine\dist\editor-extends\missing-reporter\missing-object-reporter.ccc:1:2190  
at ObjectWalkerBehavior.walk (C:\ProgramData\cocos\editors\Creator\3.6.0\resources\app.asar\builtin\engine\dist\editor-extends\missing-reporter\object-walker.ccc:1:2365)  
at ObjectWalkerBehavior.parseCCClass (C:\ProgramData\cocos\editors\Creator\3.6.0\resources\app.asar\builtin\engine\dist\editor-extends\missing-reporter\object-walker.ccc:1:650)  
at ObjectWalkerBehavior.parseObject (C:\ProgramData\cocos\editors\Creator\3.6.0\resources\app.asar\builtin\engine\dist\editor-extends\missing-reporter\object-walker.ccc:1:460)
2025-08-30T05:58:44.520Z - warn: [Build] [build-script][[Build.Script.Rollup]] Circular dependency: file:///D:/xuhang/guan_dan/assets/scripts/manager/SoundManager.ts -> file:///D:/xuhang/guan_dan/assets/scripts/AppGlobal.ts -> file:///D:/xuhang/guan_dan/assets/scripts/common/utils.ts -> file:///D:/xuhang/guan_dan/assets/scripts/manager/SoundManager.ts
[warning][[Build.Script.Rollup]] Circular dependency: file:///D:/xuhang/guan_dan/assets/scripts/common/utils.ts -> file:///D:/xuhang/guan_dan/assets/scripts/manager/GlobalData.ts -> file:///D:/xuhang/guan_dan/assets/scripts/common/utils.ts
[warning][[Build.Script.Rollup]] Circular dependency: file:///D:/xuhang/guan_dan/assets/scripts/manager/GlobalData.ts -> file:///D:/xuhang/guan_dan/assets/scripts/component/raceAudition/RaceAuditionLineItem.ts -> file:///D:/xuhang/guan_dan/assets/scripts/manager/GlobalData.ts
[warning][[Build.Script.Rollup]] Circular dependency: file:///D:/xuhang/guan_dan/assets/scripts/manager/SoundManager.ts -> file:///D:/xuhang/guan_dan/assets/scripts/AppGlobal.ts -> file:///D:/xuhang/guan_dan/assets/scripts/common/utils.ts -> file:///D:/xuhang/guan_dan/assets/scripts/manager/GlobalData.ts -> file:///D:/xuhang/guan_dan/assets/scripts/component/raceAudition/RaceAuditionLineItem.ts -> file:///D:/xuhang/guan_dan/assets/scripts/manager/SoundManager.ts
[warning][[Build.Script.Rollup]] Circular dependency: file:///D:/xuhang/guan_dan/assets/scripts/common/utils.ts -> file:///D:/xuhang/guan_dan/assets/scripts/manager/GlobalData.ts -> file:///D:/xuhang/guan_dan/assets/scripts/component/raceAudition/RaceAuditionLineItem.ts -> file:///D:/xuhang/guan_dan/assets/scripts/common/utils.ts
[warning][[Build.Script.Rollup]] Circular dependency: file:///D:/xuhang/guan_dan/assets/scripts/manager/GlobalData.ts -> file:///D:/xuhang/guan_dan/assets/scripts/component/raceScore/RaceScoreLineItem.ts -> file:///D:/xuhang/guan_dan/assets/scripts/manager/GlobalData.ts
[warning][[Build.Script.Rollup]] Circular dependency: file:///D:/xuhang/guan_dan/assets/scripts/manager/SoundManager.ts -> file:///D:/xuhang/guan_dan/assets/scripts/AppGlobal.ts -> file:///D:/xuhang/guan_dan/assets/scripts/common/utils.ts -> file:///D:/xuhang/guan_dan/assets/scripts/manager/GlobalData.ts -> file:///D:/xuhang/guan_dan/assets/scripts/component/raceScore/RaceScoreLineItem.ts -> file:///D:/xuhang/guan_dan/assets/scripts/manager/SoundManager.ts
[warning][[Build.Script.Rollup]] Circular dependency: file:///D:/xuhang/guan_dan/assets/scripts/common/utils.ts -> file:///D:/xuhang/guan_dan/assets/scripts/manager/GlobalData.ts -> file:///D:/xuhang/guan_dan/assets/scripts/component/raceScore/RaceScoreLineItem.ts -> file:///D:/xuhang/guan_dan/assets/scripts/common/utils.ts
[warning][[Build.Script.Rollup]] Circular dependency: file:///D:/xuhang/guan_dan/assets/scripts/manager/SoundManager.ts -> file:///D:/xuhang/guan_dan/assets/scripts/AppGlobal.ts -> file:///D:/xuhang/guan_dan/assets/scripts/common/utils.ts -> file:///D:/xuhang/guan_dan/assets/scripts/manager/GlobalData.ts -> file:///D:/xuhang/guan_dan/assets/scripts/manager/UIConfig.ts -> file:///D:/xuhang/guan_dan/assets/scripts/component/MessageBoxCommon.ts -> file:///D:/xuhang/guan_dan/assets/scripts/manager/SoundManager.ts
[warning][[Build.Script.Rollup]] Circular dependency: file:///D:/xuhang/guan_dan/assets/scripts/common/utils.ts -> file:///D:/xuhang/guan_dan/assets/scripts/manager/GlobalData.ts -> file:///D:/xuhang/guan_dan/assets/scripts/manager/UIConfig.ts -> file:///D:/xuhang/guan_dan/assets/scripts/component/SetingItem.ts -> file:///D:/xuhang/guan_dan/assets/scripts/common/utils.ts
[warning][[Build.Script.Rollup]] Circular dependency: file:///D:/xuhang/guan_dan/assets/scripts/manager/SoundManager.ts -> file:///D:/xuhang/guan_dan/assets/scripts/AppGlobal.ts -> file:///D:/xuhang/guan_dan/assets/scripts/common/utils.ts -> file:///D:/xuhang/guan_dan/assets/scripts/manager/GlobalData.ts -> file:///D:/xuhang/guan_dan/assets/scripts/manager/UIConfig.ts -> file:///D:/xuhang/guan_dan/assets/scripts/component/SetingItem.ts -> file:///D:/xuhang/guan_dan/assets/scripts/manager/SoundManager.ts
[warning][[Build.Script.Rollup]] Circular dependency: file:///D:/xuhang/guan_dan/assets/scripts/common/utils.ts -> file:///D:/xuhang/guan_dan/assets/scripts/manager/GlobalData.ts -> file:///D:/xuhang/guan_dan/assets/scripts/manager/UIConfig.ts -> file:///D:/xuhang/guan_dan/assets/scripts/component/SetingItem.ts -> file:///D:/xuhang/guan_dan/assets/scripts/manager/UIManager.ts -> file:///D:/xuhang/guan_dan/assets/scripts/common/utils.ts
[Build] [build-script][[Build.Script.Rollup]] Circular dependency: file:///D:/xuhang/guan_dan/assets/scripts/manager/SoundManager.ts -> file:///D:/xuhang/guan_dan/assets/scripts/AppGlobal.ts -> file:///D:/xuhang/guan_dan/assets/scripts/common/utils.ts -> file:///D:/xuhang/guan_dan/assets/scripts/manager/SoundManager.ts
[warning][[Build.Script.Rollup]] Circular dependency: file:///D:/xuhang/guan_dan/assets/scripts/common/utils.ts -> file:///D:/xuhang/guan_dan/assets/scripts/manager/GlobalData.ts -> file:///D:/xuhang/guan_dan/assets/scripts/common/utils.ts
[warning][[Build.Script.Rollup]] Circular dependency: file:///D:/xuhang/guan_dan/assets/scripts/manager/GlobalData.ts -> file:///D:/xuhang/guan_dan/assets/scripts/component/raceAudition/RaceAuditionLineItem.ts -> file:///D:/xuhang/guan_dan/assets/scripts/manager/GlobalData.ts
[warning][[Build.Script.Rollup]] Circular dependency: file:///D:/xuhang/guan_dan/assets/scripts/manager/SoundManager.ts -> file:///D:/xuhang/guan_dan/assets/scripts/AppGlobal.ts -> file:///D:/xuhang/guan_dan/assets/scripts/common/utils.ts -> file:///D:/xuhang/guan_dan/assets/scripts/manager/GlobalData.ts -> file:///D:/xuhang/guan_dan/assets/scripts/component/raceAudition/RaceAuditionLineItem.ts -> file:///D:/xuhang/guan_dan/assets/scripts/manager/SoundManager.ts
[warning][[Build.Script.Rollup]] Circular dependency: file:///D:/xuhang/guan_dan/assets/scripts/common/utils.ts -> file:///D:/xuhang/guan_dan/assets/scripts/manager/GlobalData.ts -> file:///D:/xuhang/guan_dan/assets/scripts/component/raceAudition/RaceAuditionLineItem.ts -> file:///D:/xuhang/guan_dan/assets/scripts/common/utils.ts
[warning][[Build.Script.Rollup]] Circular dependency: file:///D:/xuhang/guan_dan/assets/scripts/manager/GlobalData.ts -> file:///D:/xuhang/guan_dan/assets/scripts/component/raceScore/RaceScoreLineItem.ts -> file:///D:/xuhang/guan_dan/assets/scripts/manager/GlobalData.ts
[warning][[Build.Script.Rollup]] Circular dependency: file:///D:/xuhang/guan_dan/assets/scripts/manager/SoundManager.ts -> file:///D:/xuhang/guan_dan/assets/scripts/AppGlobal.ts -> file:///D:/xuhang/guan_dan/assets/scripts/common/utils.ts -> file:///D:/xuhang/guan_dan/assets/scripts/manager/GlobalData.ts -> file:///D:/xuhang/guan_dan/assets/scripts/component/raceScore/RaceScoreLineItem.ts -> file:///D:/xuhang/guan_dan/assets/scripts/manager/SoundManager.ts
[warning][[Build.Script.Rollup]] Circular dependency: file:///D:/xuhang/guan_dan/assets/scripts/common/utils.ts -> file:///D:/xuhang/guan_dan/assets/scripts/manager/GlobalData.ts -> file:///D:/xuhang/guan_dan/assets/scripts/component/raceScore/RaceScoreLineItem.ts -> file:///D:/xuhang/guan_dan/assets/scripts/common/utils.ts
[warning][[Build.Script.Rollup]] Circular dependency: file:///D:/xuhang/guan_dan/assets/scripts/manager/SoundManager.ts -> file:///D:/xuhang/guan_dan/assets/scripts/AppGlobal.ts -> file:///D:/xuhang/guan_dan/assets/scripts/common/utils.ts -> file:///D:/xuhang/guan_dan/assets/scripts/manager/GlobalData.ts -> file:///D:/xuhang/guan_dan/assets/scripts/manager/UIConfig.ts -> file:///D:/xuhang/guan_dan/assets/scripts/component/MessageBoxCommon.ts -> file:///D:/xuhang/guan_dan/assets/scripts/manager/SoundManager.ts
[warning][[Build.Script.Rollup]] Circular dependency: file:///D:/xuhang/guan_dan/assets/scripts/common/utils.ts -> file:///D:/xuhang/guan_dan/assets/scripts/manager/GlobalData.ts -> file:///D:/xuhang/guan_dan/assets/scripts/manager/UIConfig.ts -> file:///D:/xuhang/guan_dan/assets/scripts/component/SetingItem.ts -> file:///D:/xuhang/guan_dan/assets/scripts/common/utils.ts
[warning][[Build.Script.Rollup]] Circular dependency: file:///D:/xuhang/guan_dan/assets/scripts/manager/SoundManager.ts -> file:///D:/xuhang/guan_dan/assets/scripts/AppGlobal.ts -> file:///D:/xuhang/guan_dan/assets/scripts/common/utils.ts -> file:///D:/xuhang/guan_dan/assets/scripts/manager/GlobalData.ts -> file:///D:/xuhang/guan_dan/assets/scripts/manager/UIConfig.ts -> file:///D:/xuhang/guan_dan/assets/scripts/component/SetingItem.ts -> file:///D:/xuhang/guan_dan/assets/scripts/manager/SoundManager.ts
[warning][[Build.Script.Rollup]] Circular dependency: file:///D:/xuhang/guan_dan/assets/scripts/common/utils.ts -> file:///D:/xuhang/guan_dan/assets/scripts/manager/GlobalData.ts -> file:///D:/xuhang/guan_dan/assets/scripts/manager/UIConfig.ts -> file:///D:/xuhang/guan_dan/assets/scripts/component/SetingItem.ts -> file:///D:/xuhang/guan_dan/assets/scripts/manager/UIManager.ts -> file:///D:/xuhang/guan_dan/assets/scripts/common/utils.ts
  
[warning][[Build.Script.Rollup]] Circular dependency: file:///D:/xuhang/guan_dan/assets/scripts/manager/GlobalData.ts -> file:///D:/xuhang/guan_dan/assets/scripts/component/raceScore/RaceScoreLineItem.ts -> file:///D:/xuhang/guan_dan/assets/scripts/manager/GlobalData.ts  
[warning][[Build.Script.Rollup]] Circular dependency: file:///D:/xuhang/guan_dan/assets/scripts/manager/SoundManager.ts -> file:///D:/xuhang/guan_dan/assets/scripts/AppGlobal.ts -> file:///D:/xuhang/guan_dan/assets/scripts/common/utils.ts -> file:///D:/xuhang/guan_dan/assets/scripts/manager/GlobalData.ts -> file:///D:/xuhang/guan_dan/assets/scripts/component/raceScore/RaceScoreLineItem.ts -> file:///D:/xuhang/guan_dan/assets/scripts/manager/SoundManager.ts  
[warning][[Build.Script.Rollup]] Circular dependency: file:///D:/xuhang/guan_dan/assets/scripts/common/utils.ts -> file:///D:/xuhang/guan_dan/assets/scripts/manager/GlobalData.ts -> file:///D:/xuhang/guan_dan/assets/scripts/component/raceScore/RaceScoreLineItem.ts -> file:///D:/xuhang/guan_dan/assets/scripts/common/utils.ts  
[warning][[Build.Script.Rollup]] Circular dependency: file:///D:/xuhang/guan_dan/assets/scripts/manager/SoundManager.ts -> file:///D:/xuhang/guan_dan/assets/scripts/AppGlobal.ts -> file:///D:/xuhang/guan_dan/assets/scripts/common/utils.ts -> file:///D:/xuhang/guan_dan/assets/scripts/manager/GlobalData.ts -> file:///D:/xuhang/guan_dan/assets/scripts/manager/UIConfig.ts -> file:///D:/xuhang/guan_dan/assets/scripts/component/MessageBoxCommon.ts -> file:///D:/xuhang/guan_dan/assets/scripts/manager/SoundManager.ts  
[warning][[Build.Script.Rollup]] Circular dependency: file:///D:/xuhang/guan_dan/assets/scripts/common/utils.ts -> file:///D:/xuhang/guan_dan/assets/scripts/manager/GlobalData.ts -> file:///D:/xuhang/guan_dan/assets/scripts/manager/UIConfig.ts -> file:///D:/xuhang/guan_dan/assets/scripts/component/SetingItem.ts -> file:///D:/xuhang/guan_dan/assets/scripts/common/utils.ts  
[warning][[Build.Script.Rollup]] Circular dependency: file:///D:/xuhang/guan_dan/assets/scripts/manager/SoundManager.ts -> file:///D:/xuhang/guan_dan/assets/scripts/AppGlobal.ts -> file:///D:/xuhang/guan_dan/assets/scripts/common/utils.ts -> file:///D:/xuhang/guan_dan/assets/scripts/manager/GlobalData.ts -> file:///D:/xuhang/guan_dan/assets/scripts/manager/UIConfig.ts -> file:///D:/xuhang/guan_dan/assets/scripts/component/SetingItem.ts -> file:///D:/xuhang/guan_dan/assets/scripts/manager/SoundManager.ts  
[warning][[Build.Script.Rollup]] Circular dependency: file:///D:/xuhang/guan_dan/assets/scripts/common/utils.ts -> file:///D:/xuhang/guan_dan/assets/scripts/manager/GlobalData.ts -> file:///D:/xuhang/guan_dan/assets/scripts/manager/UIConfig.ts -> file:///D:/xuhang/guan_dan/assets/scripts/component/SetingItem.ts -> file:///D:/xuhang/guan_dan/assets/scripts/manager/UIManager.ts -> file:///D:/xuhang/guan_dan/assets/scripts/common/utils.ts  
  
at Object.encode (C:\ProgramData\cocos\editors\Creator\3.6.0\resources\app.asar\node_modules\@base\electron-worker\node_modules\v-stacks\index.js:14:17)  
at Logger._logHandler (C:\ProgramData\cocos\editors\Creator\3.6.0\resources\app.asar\node_modules\@base\electron-worker\static\script.ccc:1:531)  
at Logger.record (C:\ProgramData\cocos\editors\Creator\3.6.0\resources\app.asar\node_modules\@base\electron-logger\lib\renderer.ccc:1:458)  
at Object.warn (C:\ProgramData\cocos\editors\Creator\3.6.0\resources\app.asar\node_modules\@base\electron-logger\lib\renderer.ccc:1:1260)  
at NewConsole.warn (C:\ProgramData\cocos\editors\Creator\3.6.0\resources\app.asar\builtin\builder\dist\worker\console.ccc:1:1306)  
at Socket.<anonymous> (C:\ProgramData\cocos\editors\Creator\3.6.0\resources\app.asar\builtin\builder\dist\worker\worker-pools\sub-process-manager.ccc:1:2640)  
at Socket.emit (events.js:315:20)  
at addChunk (internal/streams/readable.js:309:12)  
at readableAddChunk (internal/streams/readable.js:284:9)  
at Socket.Readable.push (internal/streams/readable.js:223:10)
2025-08-30T05:58:44.521Z - warn: [Build] [build-script][[Build.Script.Rollup]] Circular dependency: file:///D:/xuhang/guan_dan/assets/scripts/manager/UIConfig.ts -> file:///D:/xuhang/guan_dan/assets/scripts/component/SetingItem.ts -> file:///D:/xuhang/guan_dan/assets/scripts/manager/UIManager.ts -> file:///D:/xuhang/guan_dan/assets/scripts/manager/UIConfig.ts
[warning][[Build.Script.Rollup]] Circular dependency: file:///D:/xuhang/guan_dan/assets/scripts/manager/UIConfig.ts -> file:///D:/xuhang/guan_dan/assets/scripts/component/SetingItem.ts -> file:///D:/xuhang/guan_dan/assets/scripts/manager/UIConfig.ts
[warning][[Build.Script.Rollup]] Circular dependency: file:///D:/xuhang/guan_dan/assets/scripts/manager/GlobalData.ts -> file:///D:/xuhang/guan_dan/assets/scripts/manager/UIConfig.ts -> file:///D:/xuhang/guan_dan/assets/scripts/component/SetingItem.ts -> file:///D:/xuhang/guan_dan/assets/scripts/manager/GlobalData.ts
[warning][[Build.Script.Rollup]] Circular dependency: file:///D:/xuhang/guan_dan/assets/scripts/manager/SoundManager.ts -> file:///D:/xuhang/guan_dan/assets/scripts/AppGlobal.ts -> file:///D:/xuhang/guan_dan/assets/scripts/common/utils.ts -> file:///D:/xuhang/guan_dan/assets/scripts/manager/GlobalData.ts -> file:///D:/xuhang/guan_dan/assets/scripts/manager/UIConfig.ts -> file:///D:/xuhang/guan_dan/assets/scripts/component/RuleItem.ts -> file:///D:/xuhang/guan_dan/assets/scripts/manager/SoundManager.ts
[warning][[Build.Script.Rollup]] Circular dependency: file:///D:/xuhang/guan_dan/assets/scripts/manager/GlobalData.ts -> file:///D:/xuhang/guan_dan/assets/scripts/manager/UIConfig.ts -> file:///D:/xuhang/guan_dan/assets/scripts/component/team/TeamItem.ts -> file:///D:/xuhang/guan_dan/assets/scripts/manager/GlobalData.ts
[warning][[Build.Script.Rollup]] Circular dependency: file:///D:/xuhang/guan_dan/assets/scripts/manager/UIConfig.ts -> file:///D:/xuhang/guan_dan/assets/scripts/component/room/KeyBoardItem.ts -> file:///D:/xuhang/guan_dan/assets/scripts/manager/UIConfig.ts
[warning][[Build.Script.Rollup]] Circular dependency: file:///D:/xuhang/guan_dan/assets/scripts/manager/SoundManager.ts -> file:///D:/xuhang/guan_dan/assets/scripts/AppGlobal.ts -> file:///D:/xuhang/guan_dan/assets/scripts/common/utils.ts -> file:///D:/xuhang/guan_dan/assets/scripts/manager/GlobalData.ts -> file:///D:/xuhang/guan_dan/assets/scripts/manager/UIConfig.ts -> file:///D:/xuhang/guan_dan/assets/scripts/component/room/CreateRoomItem.ts -> file:///D:/xuhang/guan_dan/assets/scripts/manager/SoundManager.ts
[warning][[Build.Script.Rollup]] Circular dependency: file:///D:/xuhang/guan_dan/assets/scripts/manager/GlobalData.ts -> file:///D:/xuhang/guan_dan/assets/scripts/manager/UIConfig.ts -> file:///D:/xuhang/guan_dan/assets/scripts/component/room/CreateRoomItem.ts -> file:///D:/xuhang/guan_dan/assets/scripts/manager/GlobalData.ts
[warning][[Build.Script.Rollup]] Circular dependency: file:///D:/xuhang/guan_dan/assets/scripts/manager/SoundManager.ts -> file:///D:/xuhang/guan_dan/assets/scripts/AppGlobal.ts -> file:///D:/xuhang/guan_dan/assets/scripts/common/utils.ts -> file:///D:/xuhang/guan_dan/assets/scripts/manager/GlobalData.ts -> file:///D:/xuhang/guan_dan/assets/scripts/manager/UIConfig.ts -> file:///D:/xuhang/guan_dan/assets/scripts/component/gameEndFree/GameEndFreeItem.ts -> file:///D:/xuhang/guan_dan/assets/scripts/manager/SoundManager.ts
[warning][[Build.Script.Rollup]] Circular dependency: file:///D:/xuhang/guan_dan/assets/scripts/common/utils.ts -> file:///D:/xuhang/guan_dan/assets/scripts/manager/GlobalData.ts -> file:///D:/xuhang/guan_dan/assets/scripts/manager/UIConfig.ts -> file:///D:/xuhang/guan_dan/assets/scripts/component/gameEndFree/GameEndFreeItem.ts -> file:///D:/xuhang/guan_dan/assets/scripts/component/gameEndFree/GameEndFreeHeadItem.ts -> file:///D:/xuhang/guan_dan/assets/scripts/common/utils.ts
[warning][[Build.Script.Rollup]] Circular dependency: file:///D:/xuhang/guan_dan/assets/scripts/manager/GlobalData.ts -> file:///D:/xuhang/guan_dan/assets/scripts/manager/UIConfig.ts -> file:///D:/xuhang/guan_dan/assets/scripts/component/gameEndFree/GameEndFreeItem.ts -> file:///D:/xuhang/guan_dan/assets/scripts/component/gameEndFree/GameEndFreeHeadItem.ts -> file:///D:/xuhang/guan_dan/assets/scripts/manager/GlobalData.ts
[warning][[Build.Script.Rollup]] Circular dependency: file:///D:/xuhang/guan_dan/assets/scripts/common/utils.ts -> file:///D:/xuhang/guan_dan/assets/scripts/manager/GlobalData.ts -> file:///D:/xuhang/guan_dan/assets/scripts/manager/UIConfig.ts -> file:///D:/xuhang/guan_dan/assets/scripts/component/gameEndFree/GameEndFreeItem.ts -> file:///D:/xuhang/guan_dan/assets/scripts/common/utils.ts
[warning][[Build.Script.Rollup]] Circular dependency: file:///D:/xuhang/guan_dan/assets/scripts/common/utils.ts -> file:///D:/xuhang/guan_dan/assets/scripts/manager/GlobalData.ts -> file:///D:/xuhang/guan_dan/assets/scripts/manager/UIConfig.ts -> file:///D:/xuhang/guan_dan/assets/scripts/component/gameEndFree/GameEndFreeItem.ts -> file:///D:/xuhang/guan_dan/assets/scripts/component/game/GameLogic.ts -> file:///D:/xuhang/guan_dan/assets/scripts/common/utils.ts
[warning][[Build.Script.Rollup]] Circular dependency: file:///D:/xuhang/guan_dan/assets/scripts/manager/GlobalData.ts -> file:///D:/xuhang/guan_dan/assets/scripts/manager/UIConfig.ts -> file:///D:/xuhang/guan_dan/assets/scripts/component/gameEndFree/GameEndFreeItem.ts -> file:///D:/xuhang/guan_dan/assets/scripts/component/game/GameLogic.ts -> file:///D:/xuhang/guan_dan/assets/scripts/manager/GlobalData.ts
[warning][[Build.Script.Rollup]] Circular dependency: file:///D:/xuhang/guan_dan/assets/scripts/manager/SoundManager.ts -> file:///D:/xuhang/guan_dan/assets/scripts/AppGlobal.ts -> file:///D:/xuhang/guan_dan/assets/scripts/common/utils.ts -> file:///D:/xuhang/guan_dan/assets/scripts/manager/GlobalData.ts -> file:///D:/xuhang/guan_dan/assets/scripts/manager/UIConfig.ts -> file:///D:/xuhang/guan_dan/assets/scripts/component/gameEndFree/GameEndFreeItem.ts -> file:///D:/xuhang/guan_dan/assets/scripts/component/game/GameLogic.ts -> file:///D:/xuhang/guan_dan/assets/scripts/manager/SoundManager.ts
[warning][[Build.Script.Rollup]] Circular dependency: file:///D:/xuhang/guan_dan/assets/scripts/manager/UIConfig.ts -> file:///D:/xuhang/guan_dan/assets/scripts/component/gameEndFree/GameEndFreeItem.ts -> file:///D:/xuhang/guan_dan/assets/scripts/manager/UIConfig.ts
[warning][[Build.Script.Rollup]] Circular dependency: file:///D:/xuhang/guan_dan/assets/scripts/manager/GlobalData.ts -> file:///D:/xuhang/guan_dan/assets/scripts/manager/UIConfig.ts -> file:///D:/xuhang/guan_dan/assets/scripts/component/gameEndFree/GameEndFreeItem.ts -> file:///D:/xuhang/guan_dan/assets/scripts/manager/GlobalData.ts
[warning][[Build.Script.Rollup]] Circular dependency: file:///D:/xuhang/guan_dan/assets/scripts/common/utils.ts -> file:///D:/xuhang/guan_dan/assets/scripts/manager/GlobalData.ts -> file:///D:/xuhang/guan_dan/assets/scripts/manager/UIConfig.ts -> file:///D:/xuhang/guan_dan/assets/scripts/component/gameEndFree/GameEndFreeItem.ts -> file:///D:/xuhang/guan_dan/assets/scripts/manager/GameSocket.ts -> file:///D:/xuhang/guan_dan/assets/scripts/common/utils.ts
[warning][[Build.Script.Rollup]] Circular dependency: file:///D:/xuhang/guan_dan/assets/scripts/common/utils.ts -> file:///D:/xuhang/guan_dan/assets/scripts/manager/GlobalData.ts -> file:///D:/xuhang/guan_dan/assets/scripts/manager/UIConfig.ts -> file:///D:/xuhang/guan_dan/assets/scripts/component/gameEndFree/GameEndFreeItem.ts -> file:///D:/xuhang/guan_dan/assets/scripts/manager/GameSocket.ts -> file:///D:/xuhang/guan_dan/assets/scripts/common/websocket.ts -> file:///D:/xuhang/guan_dan/assets/scripts/common/utils.ts
[warning][[Build.Script.Rollup]] Circular dependency: file:///D:/xuhang/guan_dan/assets/scripts/manager/GlobalData.ts -> file:///D:/xuhang/guan_dan/assets/scripts/manager/UIConfig.ts -> file:///D:/xuhang/guan_dan/assets/scripts/component/gameEndFree/GameEndFreeItem.ts -> file:///D:/xuhang/guan_dan/assets/scripts/manager/GameSocket.ts -> file:///D:/xuhang/guan_dan/assets/scripts/manager/GlobalData.ts
[warning][[Build.Script.Rollup]] Circular dependency: file:///D:/xuhang/guan_dan/assets/scripts/manager/UIConfig.ts -> file:///D:/xuhang/guan_dan/assets/scripts/component/gameEndFree/GameEndFreeItem.ts -> file:///D:/xuhang/guan_dan/assets/scripts/manager/GameSocket.ts -> file:///D:/xuhang/guan_dan/assets/scripts/manager/UIConfig.ts
[warning][[Build.Script.Rollup]] Circular dependency: file:///D:/xuhang/guan_dan/assets/scripts/manager/SoundManager.ts -> file:///D:/xuhang/guan_dan/assets/scripts/AppGlobal.ts -> file:///D:/xuhang/guan_dan/assets/scripts/common/utils.ts -> file:///D:/xuhang/guan_dan/assets/scripts/manager/GlobalData.ts -> file:///D:/xuhang/guan_dan/assets/scripts/manager/UIConfig.ts -> file:///D:/xuhang/guan_dan/assets/scripts/component/gameEndScoreRank/GameEndScoreRankItem.ts -> file:///D:/xuhang/guan_dan/assets/scripts/component/rank/RankScore.ts -> file:///D:/xuhang/guan_dan/assets/scripts/manager/SoundManager.ts
[warning][[Build.Script.Rollup]] Circular dependency: file:///D:/xuhang/guan_dan/assets/scripts/manager/GlobalData.ts -> file:///D:/xuhang/guan_dan/assets/scripts/manager/UIConfig.ts -> file:///D:/xuhang/guan_dan/assets/scripts/component/gameEndScoreRank/GameEndScoreRankItem.ts -> file:///D:/xuhang/guan_dan/assets/scripts/component/rank/RankScore.ts -> file:///D:/xuhang/guan_dan/assets/scripts/component/rank/RankScorePerson.ts -> file:///D:/xuhang/guan_dan/assets/scripts/manager/GlobalData.ts
[warning][[Build.Script.Rollup]] Circular dependency: file:///D:/xuhang/guan_dan/assets/scripts/common/utils.ts -> file:///D:/xuhang/guan_dan/assets/scripts/manager/GlobalData.ts -> file:///D:/xuhang/guan_dan/assets/scripts/manager/UIConfig.ts -> file:///D:/xuhang/guan_dan/assets/scripts/component/gameEndScoreRank/GameEndScoreRankItem.ts -> file:///D:/xuhang/guan_dan/assets/scripts/component/rank/RankScore.ts -> file:///D:/xuhang/guan_dan/assets/scripts/component/rank/RankScorePerson.ts -> file:///D:/xuhang/guan_dan/assets/scripts/component/rank/RankScorePersonSelfLine.ts -> file:///D:/xuhang/guan_dan/assets/scripts/component/LobbyUserHeadItem.ts -> file:///D:/xuhang/guan_dan/assets/scripts/common/utils.ts
[warning][[Build.Script.Rollup]] Circular dependency: file:///D:/xuhang/guan_dan/assets/scripts/manager/GlobalData.ts -> file:///D:/xuhang/guan_dan/assets/scripts/manager/UIConfig.ts -> file:///D:/xuhang/guan_dan/assets/scripts/component/gameEndScoreRank/GameEndScoreRankItem.ts -> file:///D:/xuhang/guan_dan/assets/scripts/component/rank/RankScore.ts -> file:///D:/xuhang/guan_dan/assets/scripts/component/rank/RankScorePerson.ts -> file:///D:/xuhang/guan_dan/assets/scripts/component/rank/RankScorePersonSelfLine.ts -> file:///D:/xuhang/guan_dan/assets/scripts/component/LobbyUserHeadItem.ts -> file:///D:/xuhang/guan_dan/assets/scripts/manager/GlobalData.ts
[warning][[Build.Script.Rollup]] Circular dependency: file:///D:/xuhang/guan_dan/assets/scripts/manager/GlobalData.ts -> file:///D:/xuhang/guan_dan/assets/scripts/manager/UIConfig.ts -> file:///D:/xuhang/guan_dan/assets/scripts/component/gameEndScoreRank/GameEndScoreRankItem.ts -> file:///D:/xuhang/guan_dan/assets/scripts/component/rank/RankScore.ts -> file:///D:/xuhang/guan_dan/assets/scripts/component/rank/RankScoreTeam.ts -> file:///D:/xuhang/guan_dan/assets/scripts/manager/GlobalData.ts
[warning][[Build.Script.Rollup]] Circular dependency: file:///D:/xuhang/guan_dan/assets/scripts/manager/SoundManager.ts -> file:///D:/xuhang/guan_dan/assets/scripts/AppGlobal.ts -> file:///D:/xuhang/guan_dan/assets/scripts/common/utils.ts -> file:///D:/xuhang/guan_dan/assets/scripts/manager/GlobalData.ts -> file:///D:/xuhang/guan_dan/assets/scripts/manager/UIConfig.ts -> file:///D:/xuhang/guan_dan/assets/scripts/component/gameEndScoreRank/GameEndScoreRankItem.ts -> file:///D:/xuhang/guan_dan/assets/scripts/manager/SoundManager.ts
[warning][[Build.Script.Rollup]] Circular dependency: file:///D:/xuhang/guan_dan/assets/scripts/manager/GlobalData.ts -> file:///D:/xuhang/guan_dan/assets/scripts/manager/UIConfig.ts -> file:///D:/xuhang/guan_dan/assets/scripts/component/gameEndScoreRank/GameEndScoreRankItem.ts -> file:///D:/xuhang/guan_dan/assets/scripts/component/gameEndScoreRank/GameEndScoreRankPerson.ts -> file:///D:/xuhang/guan_dan/assets/scripts/manager/GlobalData.ts
[warning][[Build.Script.Rollup]] Circular dependency: file:///D:/xuhang/guan_dan/assets/scripts/manager/GlobalData.ts -> file:///D:/xuhang/guan_dan/assets/scripts/manager/UIConfig.ts -> file:///D:/xuhang/guan_dan/assets/scripts/component/gameEndScoreRank/GameEndScoreRankItem.ts -> file:///D:/xuhang/guan_dan/assets/scripts/component/gameEndScoreRank/GameEndScoreRankTeam.ts -> file:///D:/xuhang/guan_dan/assets/scripts/manager/GlobalData.ts
[warning][[Build.Script.Rollup]] Circular dependency: file:///D:/xuhang/guan_dan/assets/scripts/common/utils.ts -> file:///D:/xuhang/guan_dan/assets/scripts/manager/GlobalData.ts -> file:///D:/xuhang/guan_dan/assets/scripts/manager/UIConfig.ts -> file:///D:/xuhang/guan_dan/assets/scripts/component/gameEndScoreRank/GameEndScoreRankItem.ts -> file:///D:/xuhang/guan_dan/assets/scripts/common/utils.ts
[warning][[Build.Script.Rollup]] Circular dependency: file:///D:/xuhang/guan_dan/assets/scripts/manager/GlobalData.ts -> file:///D:/xuhang/guan_dan/assets/scripts/manager/UIConfig.ts -> file:///D:/xuhang/guan_dan/assets/scripts/component/gameEndScoreRank/GameEndScoreRankItem.ts -> file:///D:/xuhang/guan_dan/assets/scripts/manager/GlobalData.ts
[warning][[Build.Script.Rollup]] Circular dependency: file:///D:/xuhang/guan_dan/assets/scripts/manager/UIConfig.ts -> file:///D:/xuhang/guan_dan/assets/scripts/component/gameEndScoreRank/GameEndScoreRankItem.ts -> file:///D:/xuhang/guan_dan/assets/scripts/manager/UIConfig.ts
[warning][[Build.Script.Rollup]] Circular dependency: file:///D:/xuhang/guan_dan/assets/scripts/manager/SoundManager.ts -> file:///D:/xuhang/guan_dan/assets/scripts/AppGlobal.ts -> file:///D:/xuhang/guan_dan/assets/scripts/common/utils.ts -> file:///D:/xuhang/guan_dan/assets/scripts/manager/GlobalData.ts -> file:///D:/xuhang/guan_dan/assets/scripts/manager/UIConfig.ts -> file:///D:/xuhang/guan_dan/assets/scripts/component/gameEndScore/GameEndScoreItem.ts -> file:///D:/xuhang/guan_dan/assets/scripts/manager/SoundManager.ts
[warning][[Build.Script.Rollup]] Circular dependency: file:///D:/xuhang/guan_dan/assets/scripts/manager/GlobalData.ts -> file:///D:/xuhang/guan_dan/assets/scripts/manager/UIConfig.ts -> file:///D:/xuhang/guan_dan/assets/scripts/component/gameEndScore/GameEndScoreItem.ts -> file:///D:/xuhang/guan_dan/assets/scripts/manager/GlobalData.ts
[warning][[Build.Script.Rollup]] Circular dependency: file:///D:/xuhang/guan_dan/assets/scripts/manager/SoundManager.ts -> file:///D:/xuhang/guan_dan/assets/scripts/AppGlobal.ts -> file:///D:/xuhang/guan_dan/assets/scripts/common/utils.ts -> file:///D:/xuhang/guan_dan/assets/scripts/manager/GlobalData.ts -> file:///D:/xuhang/guan_dan/assets/scripts/manager/UIConfig.ts -> file:///D:/xuhang/guan_dan/assets/scripts/component/gameEndKick/GameEndKickItem.ts -> file:///D:/xuhang/guan_dan/assets/scripts/manager/SoundManager.ts
[warning][[Build.Script.Rollup]] Circular dependency: file:///D:/xuhang/guan_dan/assets/scripts/common/utils.ts -> file:///D:/xuhang/guan_dan/assets/scripts/manager/GlobalData.ts -> file:///D:/xuhang/guan_dan/assets/scripts/manager/UIConfig.ts -> file:///D:/xuhang/guan_dan/assets/scripts/component/gameEndKick/GameEndKickItem.ts -> file:///D:/xuhang/guan_dan/assets/scripts/component/gameEndKick/GameEndKickHeadItem.ts -> file:///D:/xuhang/guan_dan/assets/scripts/common/utils.ts
[warning][[Build.Script.Rollup]] Circular dependency: file:///D:/xuhang/guan_dan/assets/scripts/manager/GlobalData.ts -> file:///D:/xuhang/guan_dan/assets/scripts/manager/UIConfig.ts -> file:///D:/xuhang/guan_dan/assets/scripts/component/gameEndKick/GameEndKickItem.ts -> file:///D:/xuhang/guan_dan/assets/scripts/manager/GlobalData.ts
[warning][[Build.Script.Rollup]] Circular dependency: file:///D:/xuhang/guan_dan/assets/scripts/manager/UIConfig.ts -> file:///D:/xuhang/guan_dan/assets/scripts/component/gameEndKick/GameEndKickItem.ts -> file:///D:/xuhang/guan_dan/assets/scripts/manager/UIConfig.ts
[warning][[Build.Script.Rollup]] Circular dependency: file:///D:/xuhang/guan_dan/assets/scripts/manager/SoundManager.ts -> file:///D:/xuhang/guan_dan/assets/scripts/AppGlobal.ts -> file:///D:/xuhang/guan_dan/assets/scripts/common/utils.ts -> file:///D:/xuhang/guan_dan/assets/scripts/manager/GlobalData.ts -> file:///D:/xuhang/guan_dan/assets/scripts/manager/UIConfig.ts -> file:///D:/xuhang/guan_dan/assets/scripts/component/gameEndKickUp/GameEndKickUpItem.ts -> file:///D:/xuhang/guan_dan/assets/scripts/manager/SoundManager.ts
[warning][[Build.Script.Rollup]] Circular dependency: file:///D:/xuhang/guan_dan/assets/scripts/manager/GlobalData.ts -> file:///D:/xuhang/guan_dan/assets/scripts/manager/UIConfig.ts -> file:///D:/xuhang/guan_dan/assets/scripts/component/gameEndKickUp/GameEndKickUpItem.ts -> file:///D:/xuhang/guan_dan/assets/scripts/manager/GlobalData.ts
[warning][[Build.Script.Rollup]] Circular dependency: file:///D:/xuhang/guan_dan/assets/scripts/manager/UIConfig.ts -> file:///D:/xuhang/guan_dan/assets/scripts/component/gameEndKickUp/GameEndKickUpItem.ts -> file:///D:/xuhang/guan_dan/assets/scripts/manager/UIConfig.ts
[warning][[Build.Script.Rollup]] Circular dependency: file:///D:/xuhang/guan_dan/assets/scripts/common/utils.ts -> file:///D:/xuhang/guan_dan/assets/scripts/manager/GlobalData.ts -> file:///D:/xuhang/guan_dan/assets/scripts/manager/UIConfig.ts -> file:///D:/xuhang/guan_dan/assets/scripts/component/gameEndKickUp/GameEndKickUpItem.ts -> file:///D:/xuhang/guan_dan/assets/scripts/common/utils.ts
[warning][[Build.Script.Rollup]] Circular dependency: file:///D:/xuhang/guan_dan/assets/scripts/manager/SoundManager.ts -> file:///D:/xuhang/guan_dan/assets/scripts/AppGlobal.ts -> file:///D:/xuhang/guan_dan/assets/scripts/common/utils.ts -> file:///D:/xuhang/guan_dan/assets/scripts/manager/GlobalData.ts -> file:///D:/xuhang/guan_dan/assets/scripts/manager/UIConfig.ts -> file:///D:/xuhang/guan_dan/assets/scripts/component/teamUp/TeamUpItem.ts -> file:///D:/xuhang/guan_dan/assets/scripts/manager/SoundManager.ts
[warning][[Build.Script.Rollup]] Circular dependency: file:///D:/xuhang/guan_dan/assets/scripts/common/utils.ts -> file:///D:/xuhang/guan_dan/assets/scripts/manager/GlobalData.ts -> file:///D:/xuhang/guan_dan/assets/scripts/manager/UIConfig.ts -> file:///D:/xuhang/guan_dan/assets/scripts/component/teamUp/TeamUpItem.ts -> file:///D:/xuhang/guan_dan/assets/scripts/common/utils.ts
[warning][[Build.Script.Rollup]] Circular dependency: file:///D:/xuhang/guan_dan/assets/scripts/manager/GlobalData.ts -> file:///D:/xuhang/guan_dan/assets/scripts/manager/UIConfig.ts -> file:///D:/xuhang/guan_dan/assets/scripts/component/teamUp/TeamUpItem.ts -> file:///D:/xuhang/guan_dan/assets/scripts/manager/GlobalData.ts
[warning][[Build.Script.Rollup]] Circular dependency: file:///D:/xuhang/guan_dan/assets/scripts/AppGlobal.ts -> file:///D:/xuhang/guan_dan/assets/scripts/common/utils.ts -> file:///D:/xuhang/guan_dan/assets/scripts/manager/GlobalData.ts -> file:///D:/xuhang/guan_dan/assets/scripts/manager/UIConfig.ts -> file:///D:/xuhang/guan_dan/assets/scripts/component/teamUp/TeamUpItem.ts -> file:///D:/xuhang/guan_dan/assets/scripts/AppGlobal.ts
[warning][[Build.Script.Rollup]] Circular dependency: file:///D:/xuhang/guan_dan/assets/scripts/manager/GlobalData.ts -> file:///D:/xuhang/guan_dan/assets/scripts/manager/UIConfig.ts -> file:///D:/xuhang/guan_dan/assets/scripts/component/raceScore/RaceScoreItem.ts -> file:///D:/xuhang/guan_dan/assets/scripts/manager/GlobalData.ts
[warning][[Build.Script.Rollup]] Circular dependency: file:///D:/xuhang/guan_dan/assets/scripts/manager/SoundManager.ts -> file:///D:/xuhang/guan_dan/assets/scripts/AppGlobal.ts -> file:///D:/xuhang/guan_dan/assets/scripts/common/utils.ts -> file:///D:/xuhang/guan_dan/assets/scripts/manager/GlobalData.ts -> file:///D:/xuhang/guan_dan/assets/scripts/manager/UIConfig.ts -> file:///D:/xuhang/guan_dan/assets/scripts/component/raceScore/RaceScoreItem.ts -> file:///D:/xuhang/guan_dan/assets/scripts/manager/SoundManager.ts
[warning][[Build.Script.Rollup]] Circular dependency: file:///D:/xuhang/guan_dan/assets/scripts/common/utils.ts -> file:///D:/xuhang/guan_dan/assets/scripts/manager/GlobalData.ts -> file:///D:/xuhang/guan_dan/assets/scripts/manager/UIConfig.ts -> file:///D:/xuhang/guan_dan/assets/scripts/component/raceScore/RaceScoreItem.ts -> file:///D:/xuhang/guan_dan/assets/scripts/common/utils.ts
[warning][[Build.Script.Rollup]] Circular dependency: file:///D:/xuhang/guan_dan/assets/scripts/manager/UIConfig.ts -> file:///D:/xuhang/guan_dan/assets/scripts/component/raceScore/RaceScoreItem.ts -> file:///D:/xuhang/guan_dan/assets/scripts/manager/UIConfig.ts
[warning][[Build.Script.Rollup]] Circular dependency: file:///D:/xuhang/guan_dan/assets/scripts/manager/GlobalData.ts -> file:///D:/xuhang/guan_dan/assets/scripts/manager/UIConfig.ts -> file:///D:/xuhang/guan_dan/assets/scripts/component/raceKick/RaceKickItem.ts -> file:///D:/xuhang/guan_dan/assets/scripts/manager/GlobalData.ts
[warning][[Build.Script.Rollup]] Circular dependency: file:///D:/xuhang/guan_dan/assets/scripts/manager/SoundManager.ts -> file:///D:/xuhang/guan_dan/assets/scripts/AppGlobal.ts -> file:///D:/xuhang/guan_dan/assets/scripts/common/utils.ts -> file:///D:/xuhang/guan_dan/assets/scripts/manager/GlobalData.ts -> file:///D:/xuhang/guan_dan/assets/scripts/manager/UIConfig.ts -> file:///D:/xuhang/guan_dan/assets/scripts/component/raceKick/RaceKickItem.ts -> file:///D:/xuhang/guan_dan/assets/scripts/manager/SoundManager.ts
[warning][[Build.Script.Rollup]] Circular dependency: file:///D:/xuhang/guan_dan/assets/scripts/common/utils.ts -> file:///D:/xuhang/guan_dan/assets/scripts/manager/GlobalData.ts -> file:///D:/xuhang/guan_dan/assets/scripts/manager/UIConfig.ts -> file:///D:/xuhang/guan_dan/assets/scripts/component/raceKick/RaceKickItem.ts -> file:///D:/xuhang/guan_dan/assets/scripts/common/utils.ts
[warning][[Build.Script.Rollup]] Circular dependency: file:///D:/xuhang/guan_dan/assets/scripts/manager/GlobalData.ts -> file:///D:/xuhang/guan_dan/assets/scripts/manager/UIConfig.ts -> file:///D:/xuhang/guan_dan/assets/scripts/component/raceKick/RaceKickItem.ts -> file:///D:/xuhang/guan_dan/assets/scripts/component/raceKick/RaceKickLineItem.ts -> file:///D:/xuhang/guan_dan/assets/scripts/manager/GlobalData.ts
[warning][[Build.Script.Rollup]] Circular dependency: file:///D:/xuhang/guan_dan/assets/scripts/manager/SoundManager.ts -> file:///D:/xuhang/guan_dan/assets/scripts/AppGlobal.ts -> file:///D:/xuhang/guan_dan/assets/scripts/common/utils.ts -> file:///D:/xuhang/guan_dan/assets/scripts/manager/GlobalData.ts -> file:///D:/xuhang/guan_dan/assets/scripts/manager/UIConfig.ts -> file:///D:/xuhang/guan_dan/assets/scripts/component/raceKick/RaceKickItem.ts -> file:///D:/xuhang/guan_dan/assets/scripts/component/raceKick/RaceKickLineItem.ts -> file:///D:/xuhang/guan_dan/assets/scripts/manager/SoundManager.ts
[warning][[Build.Script.Rollup]] Circular dependency: file:///D:/xuhang/guan_dan/assets/scripts/common/utils.ts -> file:///D:/xuhang/guan_dan/assets/scripts/manager/GlobalData.ts -> file:///D:/xuhang/guan_dan/assets/scripts/manager/UIConfig.ts -> file:///D:/xuhang/guan_dan/assets/scripts/component/raceKick/RaceKickItem.ts -> file:///D:/xuhang/guan_dan/assets/scripts/component/raceKick/RaceKickLineItem.ts -> file:///D:/xuhang/guan_dan/assets/scripts/common/utils.ts
[warning][[Build.Script.Rollup]] Circular dependency: file:///D:/xuhang/guan_dan/assets/scripts/manager/UIConfig.ts -> file:///D:/xuhang/guan_dan/assets/scripts/component/raceKick/RaceKickItem.ts -> file:///D:/xuhang/guan_dan/assets/scripts/manager/UIConfig.ts
[warning][[Build.Script.Rollup]] Circular dependency: file:///D:/xuhang/guan_dan/assets/scripts/manager/SoundManager.ts -> file:///D:/xuhang/guan_dan/assets/scripts/AppGlobal.ts -> file:///D:/xuhang/guan_dan/assets/scripts/common/utils.ts -> file:///D:/xuhang/guan_dan/assets/scripts/manager/GlobalData.ts -> file:///D:/xuhang/guan_dan/assets/scripts/manager/UIConfig.ts -> file:///D:/xuhang/guan_dan/assets/scripts/component/MessageBoxCommonTest.ts -> file:///D:/xuhang/guan_dan/assets/scripts/manager/SoundManager.ts
[warning][[Build.Script.Rollup]] Circular dependency: file:///D:/xuhang/guan_dan/assets/scripts/manager/SoundManager.ts -> file:///D:/xuhang/guan_dan/assets/scripts/AppGlobal.ts -> file:///D:/xuhang/guan_dan/assets/scripts/common/utils.ts -> file:///D:/xuhang/guan_dan/assets/scripts/manager/GlobalData.ts -> file:///D:/xuhang/guan_dan/assets/scripts/manager/UIConfig.ts -> file:///D:/xuhang/guan_dan/assets/scripts/component/CreateTeamItem.ts -> file:///D:/xuhang/guan_dan/assets/scripts/manager/SoundManager.ts
[warning][[Build.Script.Rollup]] Circular dependency: file:///D:/xuhang/guan_dan/assets/scripts/manager/SoundManager.ts -> file:///D:/xuhang/guan_dan/assets/scripts/AppGlobal.ts -> file:///D:/xuhang/guan_dan/assets/scripts/common/utils.ts -> file:///D:/xuhang/guan_dan/assets/scripts/manager/GlobalData.ts -> file:///D:/xuhang/guan_dan/assets/scripts/manager/UIConfig.ts -> file:///D:/xuhang/guan_dan/assets/scripts/component/gameStartNotice/GameStartNotice.ts -> file:///D:/xuhang/guan_dan/assets/scripts/manager/SoundManager.ts
[warning][[Build.Script.Rollup]] Circular dependency: file:///D:/xuhang/guan_dan/assets/scripts/common/utils.ts -> file:///D:/xuhang/guan_dan/assets/scripts/manager/GlobalData.ts -> file:///D:/xuhang/guan_dan/assets/scripts/manager/UIConfig.ts -> file:///D:/xuhang/guan_dan/assets/scripts/component/gameStartNotice/GameStartNotice.ts -> file:///D:/xuhang/guan_dan/assets/scripts/common/utils.ts
[warning][[Build.Script.Rollup]] Circular dependency: file:///D:/xuhang/guan_dan/assets/scripts/manager/SoundManager.ts -> file:///D:/xuhang/guan_dan/assets/scripts/AppGlobal.ts -> file:///D:/xuhang/guan_dan/assets/scripts/common/utils.ts -> file:///D:/xuhang/guan_dan/assets/scripts/manager/GlobalData.ts -> file:///D:/xuhang/guan_dan/assets/scripts/manager/UIConfig.ts -> file:///D:/xuhang/guan_dan/assets/scripts/component/gameStartNotice/FreeUpItem.ts -> file:///D:/xuhang/guan_dan/assets/scripts/manager/SoundManager.ts
[warning][[Build.Script.Rollup]] Circular dependency: file:///D:/xuhang/guan_dan/assets/scripts/manager/GlobalData.ts -> file:///D:/xuhang/guan_dan/assets/scripts/manager/UIConfig.ts -> file:///D:/xuhang/guan_dan/assets/scripts/component/gameStartNotice/FreeUpItem.ts -> file:///D:/xuhang/guan_dan/assets/scripts/manager/GlobalData.ts
[warning][[Build.Script.Rollup]] Circular dependency: file:///D:/xuhang/guan_dan/assets/scripts/manager/SoundManager.ts -> file:///D:/xuhang/guan_dan/assets/scripts/AppGlobal.ts -> file:///D:/xuhang/guan_dan/assets/scripts/common/utils.ts -> file:///D:/xuhang/guan_dan/assets/scripts/manager/GlobalData.ts -> file:///D:/xuhang/guan_dan/assets/scripts/manager/UIConfig.ts -> file:///D:/xuhang/guan_dan/assets/scripts/component/rankRace/RankRaceItem.ts -> file:///D:/xuhang/guan_dan/assets/scripts/manager/SoundManager.ts
[warning][[Build.Script.Rollup]] Circular dependency: file:///D:/xuhang/guan_dan/assets/scripts/manager/GlobalData.ts -> file:///D:/xuhang/guan_dan/assets/scripts/manager/UIConfig.ts -> file:///D:/xuhang/guan_dan/assets/scripts/component/rankRace/RankRaceItem.ts -> file:///D:/xuhang/guan_dan/assets/scripts/component/rankRace/RankRaceKickItem.ts -> file:///D:/xuhang/guan_dan/assets/scripts/manager/GlobalData.ts
[warning][[Build.Script.Rollup]] Circular dependency: file:///D:/xuhang/guan_dan/assets/scripts/manager/GlobalData.ts -> file:///D:/xuhang/guan_dan/assets/scripts/manager/UIConfig.ts -> file:///D:/xuhang/guan_dan/assets/scripts/component/rankRace/RankRaceItem.ts -> file:///D:/xuhang/guan_dan/assets/scripts/component/rankRace/RankRaceScoreItem.ts -> file:///D:/xuhang/guan_dan/assets/scripts/manager/GlobalData.ts
[warning][[Build.Script.Rollup]] Circular dependency: file:///D:/xuhang/guan_dan/assets/scripts/manager/GlobalData.ts -> file:///D:/xuhang/guan_dan/assets/scripts/manager/UIConfig.ts -> file:///D:/xuhang/guan_dan/assets/scripts/component/rankRace/RankRaceItem.ts -> file:///D:/xuhang/guan_dan/assets/scripts/component/rankRace/RankRaceAuditionItem.ts -> file:///D:/xuhang/guan_dan/assets/scripts/manager/GlobalData.ts
[warning][[Build.Script.Rollup]] Circular dependency: file:///D:/xuhang/guan_dan/assets/scripts/manager/GlobalData.ts -> file:///D:/xuhang/guan_dan/assets/scripts/manager/UIConfig.ts -> file:///D:/xuhang/guan_dan/assets/scripts/component/rank/RankKick.ts -> file:///D:/xuhang/guan_dan/assets/scripts/manager/GlobalData.ts
[warning][[Build.Script.Rollup]] Circular dependency: file:///D:/xuhang/guan_dan/assets/scripts/manager/SoundManager.ts -> file:///D:/xuhang/guan_dan/assets/scripts/AppGlobal.ts -> file:///D:/xuhang/guan_dan/assets/scripts/common/utils.ts -> file:///D:/xuhang/guan_dan/assets/scripts/manager/GlobalData.ts -> file:///D:/xuhang/guan_dan/assets/scripts/manager/UIConfig.ts -> file:///D:/xuhang/guan_dan/assets/scripts/component/rank/RankKick.ts -> file:///D:/xuhang/guan_dan/assets/scripts/manager/SoundManager.ts
[warning][[Build.Script.Rollup]] Circular dependency: file:///D:/xuhang/guan_dan/assets/scripts/manager/GlobalData.ts -> file:///D:/xuhang/guan_dan/assets/scripts/manager/UIConfig.ts -> file:///D:/xuhang/guan_dan/assets/scripts/component/raceAudition/RaceAuditionItem.ts -> file:///D:/xuhang/guan_dan/assets/scripts/manager/GlobalData.ts
[warning][[Build.Script.Rollup]] Circular dependency: file:///D:/xuhang/guan_dan/assets/scripts/manager/SoundManager.ts -> file:///D:/xuhang/guan_dan/assets/scripts/AppGlobal.ts -> file:///D:/xuhang/guan_dan/assets/scripts/common/utils.ts -> file:///D:/xuhang/guan_dan/assets/scripts/manager/GlobalData.ts -> file:///D:/xuhang/guan_dan/assets/scripts/manager/UIConfig.ts -> file:///D:/xuhang/guan_dan/assets/scripts/component/raceAudition/RaceAuditionItem.ts -> file:///D:/xuhang/guan_dan/assets/scripts/manager/SoundManager.ts
[warning][[Build.Script.Rollup]] Circular dependency: file:///D:/xuhang/guan_dan/assets/scripts/common/utils.ts -> file:///D:/xuhang/guan_dan/assets/scripts/manager/GlobalData.ts -> file:///D:/xuhang/guan_dan/assets/scripts/manager/UIConfig.ts -> file:///D:/xuhang/guan_dan/assets/scripts/component/raceAudition/RaceAuditionItem.ts -> file:///D:/xuhang/guan_dan/assets/scripts/common/utils.ts
[warning][[Build.Script.Rollup]] Circular dependency: file:///D:/xuhang/guan_dan/assets/scripts/manager/GlobalData.ts -> file:///D:/xuhang/guan_dan/assets/scripts/manager/UIConfig.ts -> file:///D:/xuhang/guan_dan/assets/scripts/component/rank/RankAuditionItem.ts -> file:///D:/xuhang/guan_dan/assets/scripts/manager/GlobalData.ts
[warning][[Build.Script.Rollup]] Circular dependency: file:///D:/xuhang/guan_dan/assets/scripts/manager/SoundManager.ts -> file:///D:/xuhang/guan_dan/assets/scripts/AppGlobal.ts -> file:///D:/xuhang/guan_dan/assets/scripts/common/utils.ts -> file:///D:/xuhang/guan_dan/assets/scripts/manager/GlobalData.ts -> file:///D:/xuhang/guan_dan/assets/scripts/manager/UIConfig.ts -> file:///D:/xuhang/guan_dan/assets/scripts/component/rank/RankAuditionItem.ts -> file:///D:/xuhang/guan_dan/assets/scripts/manager/SoundManager.ts
[warning][[Build.Script.Rollup]] Circular dependency: file:///D:/xuhang/guan_dan/assets/scripts/manager/SoundManager.ts -> file:///D:/xuhang/guan_dan/assets/scripts/AppGlobal.ts -> file:///D:/xuhang/guan_dan/assets/scripts/common/utils.ts -> file:///D:/xuhang/guan_dan/assets/scripts/manager/GlobalData.ts -> file:///D:/xuhang/guan_dan/assets/scripts/manager/UIConfig.ts -> file:///D:/xuhang/guan_dan/assets/scripts/component/gameEndAudition/GameEndAuditionItem.ts -> file:///D:/xuhang/guan_dan/assets/scripts/manager/SoundManager.ts
[warning][[Build.Script.Rollup]] Circular dependency: file:///D:/xuhang/guan_dan/assets/scripts/common/utils.ts -> file:///D:/xuhang/guan_dan/assets/scripts/manager/GlobalData.ts -> file:///D:/xuhang/guan_dan/assets/scripts/manager/UIConfig.ts -> file:///D:/xuhang/guan_dan/assets/scripts/component/gameEndAudition/GameEndAuditionItem.ts -> file:///D:/xuhang/guan_dan/assets/scripts/common/utils.ts
[warning][[Build.Script.Rollup]] Circular dependency: file:///D:/xuhang/guan_dan/assets/scripts/manager/UIConfig.ts -> file:///D:/xuhang/guan_dan/assets/scripts/component/gameEndAudition/GameEndAuditionItem.ts -> file:///D:/xuhang/guan_dan/assets/scripts/manager/UIConfig.ts
[warning][[Build.Script.Rollup]] Circular dependency: file:///D:/xuhang/guan_dan/assets/scripts/manager/GlobalData.ts -> file:///D:/xuhang/guan_dan/assets/scripts/manager/UIConfig.ts -> file:///D:/xuhang/guan_dan/assets/scripts/component/gameEndAudition/GameEndAuditionItem.ts -> file:///D:/xuhang/guan_dan/assets/scripts/manager/GlobalData.ts
[warning][[Build.Script.Rollup]] Circular dependency: file:///D:/xuhang/guan_dan/assets/scripts/common/utils.ts -> file:///D:/xuhang/guan_dan/assets/scripts/manager/GlobalData.ts -> file:///D:/xuhang/guan_dan/assets/scripts/manager/UIConfig.ts -> file:///D:/xuhang/guan_dan/assets/scripts/component/gameEndAudition/GameEndAuditionItem.ts -> file:///D:/xuhang/guan_dan/assets/scripts/component/gameEndAudition/GameEndAuditionHeadItem.ts -> file:///D:/xuhang/guan_dan/assets/scripts/common/utils.ts
[warning][[Build.Script.Rollup]] Circular dependency: file:///D:/xuhang/guan_dan/assets/scripts/manager/SoundManager.ts -> file:///D:/xuhang/guan_dan/assets/scripts/AppGlobal.ts -> file:///D:/xuhang/guan_dan/assets/scripts/common/utils.ts -> file:///D:/xuhang/guan_dan/assets/scripts/manager/GlobalData.ts -> file:///D:/xuhang/guan_dan/assets/scripts/manager/UIConfig.ts -> file:///D:/xuhang/guan_dan/assets/scripts/component/match/FreeMatchItem.ts -> file:///D:/xuhang/guan_dan/assets/scripts/manager/SoundManager.ts
[warning][[Build.Script.Rollup]] Circular dependency: file:///D:/xuhang/guan_dan/assets/scripts/manager/GlobalData.ts -> file:///D:/xuhang/guan_dan/assets/scripts/manager/UIConfig.ts -> file:///D:/xuhang/guan_dan/assets/scripts/component/match/FreeMatchItem.ts -> file:///D:/xuhang/guan_dan/assets/scripts/manager/GlobalData.ts
[warning][[Build.Script.Rollup]] Circular dependency: file:///D:/xuhang/guan_dan/assets/scripts/manager/SoundManager.ts -> file:///D:/xuhang/guan_dan/assets/scripts/AppGlobal.ts -> file:///D:/xuhang/guan_dan/assets/scripts/common/utils.ts -> file:///D:/xuhang/guan_dan/assets/scripts/manager/GlobalData.ts -> file:///D:/xuhang/guan_dan/assets/scripts/manager/UIConfig.ts -> file:///D:/xuhang/guan_dan/assets/scripts/component/match/AuditionMatchItem.ts -> file:///D:/xuhang/guan_dan/assets/scripts/manager/SoundManager.ts
[warning][[Build.Script.Rollup]] Circular dependency: file:///D:/xuhang/guan_dan/assets/scripts/manager/GlobalData.ts -> file:///D:/xuhang/guan_dan/assets/scripts/manager/UIConfig.ts -> file:///D:/xuhang/guan_dan/assets/scripts/component/match/AuditionMatchItem.ts -> file:///D:/xuhang/guan_dan/assets/scripts/manager/GlobalData.ts
[warning][[Build.Script.Rollup]] Circular dependency: file:///D:/xuhang/guan_dan/assets/scripts/manager/UIConfig.ts -> file:///D:/xuhang/guan_dan/assets/scripts/component/activity/signInViewItem.ts -> file:///D:/xuhang/guan_dan/assets/scripts/manager/UIConfig.ts
[warning][[Build.Script.Rollup]] Circular dependency: file:///D:/xuhang/guan_dan/assets/scripts/manager/GlobalData.ts -> file:///D:/xuhang/guan_dan/assets/scripts/manager/UIConfig.ts -> file:///D:/xuhang/guan_dan/assets/scripts/component/activity/shareViewItem.ts -> file:///D:/xuhang/guan_dan/assets/scripts/manager/GlobalData.ts
[warning][[Build.Script.Rollup]] Circular dependency: file:///D:/xuhang/guan_dan/assets/scripts/manager/UIConfig.ts -> file:///D:/xuhang/guan_dan/assets/scripts/component/activity/shareViewItem.ts -> file:///D:/xuhang/guan_dan/assets/scripts/manager/UIConfig.ts
[warning][[Build.Script.Rollup]] Circular dependency: file:///D:/xuhang/guan_dan/assets/scripts/manager/GlobalData.ts -> file:///D:/xuhang/guan_dan/assets/scripts/manager/UIConfig.ts -> file:///D:/xuhang/guan_dan/assets/scripts/component/GetItem.ts -> file:///D:/xuhang/guan_dan/assets/scripts/manager/GlobalData.ts
[warning][[Build.Script.Rollup]] Circular dependency: file:///D:/xuhang/guan_dan/assets/scripts/common/utils.ts -> file:///D:/xuhang/guan_dan/assets/scripts/manager/GlobalData.ts -> file:///D:/xuhang/guan_dan/assets/scripts/manager/UIConfig.ts -> file:///D:/xuhang/guan_dan/assets/scripts/component/GetItem.ts -> file:///D:/xuhang/guan_dan/assets/scripts/common/utils.ts
[warning][[Build.Script.Rollup]] Circular dependency: file:///D:/xuhang/guan_dan/assets/scripts/manager/UIConfig.ts -> file:///D:/xuhang/guan_dan/assets/scripts/component/activity/exchangeViewItem.ts -> file:///D:/xuhang/guan_dan/assets/scripts/manager/UIConfig.ts
[warning][[Build.Script.Rollup]] Circular dependency: file:///D:/xuhang/guan_dan/assets/scripts/manager/GlobalData.ts -> file:///D:/xuhang/guan_dan/assets/scripts/manager/UIConfig.ts -> file:///D:/xuhang/guan_dan/assets/scripts/component/activity/exchangeViewItem.ts -> file:///D:/xuhang/guan_dan/assets/scripts/manager/GlobalData.ts
[warning][[Build.Script.Rollup]] Circular dependency: file:///D:/xuhang/guan_dan/assets/scripts/common/utils.ts -> file:///D:/xuhang/guan_dan/assets/scripts/manager/GlobalData.ts -> file:///D:/xuhang/guan_dan/assets/scripts/manager/UIConfig.ts -> file:///D:/xuhang/guan_dan/assets/scripts/component/activity/exchangeViewItem.ts -> file:///D:/xuhang/guan_dan/assets/scripts/common/utils.ts
[warning][[Build.Script.Rollup]] Circular dependency: file:///D:/xuhang/guan_dan/assets/scripts/manager/GlobalData.ts -> file:///D:/xuhang/guan_dan/assets/scripts/manager/UIConfig.ts -> file:///D:/xuhang/guan_dan/assets/scripts/component/activity/exchangeRecordViewItem.ts -> file:///D:/xuhang/guan_dan/assets/scripts/manager/GlobalData.ts
[warning][[Build.Script.Rollup]] Circular dependency: file:///D:/xuhang/guan_dan/assets/scripts/manager/GlobalData.ts -> file:///D:/xuhang/guan_dan/assets/scripts/manager/UIConfig.ts -> file:///D:/xuhang/guan_dan/assets/scripts/component/activity/shareRecordViewItem.ts -> file:///D:/xuhang/guan_dan/assets/scripts/manager/GlobalData.ts
[warning][[Build.Script.Rollup]] Circular dependency: file:///D:/xuhang/guan_dan/assets/scripts/common/utils.ts -> file:///D:/xuhang/guan_dan/assets/scripts/manager/GlobalData.ts -> file:///D:/xuhang/guan_dan/assets/scripts/manager/UIConfig.ts -> file:///D:/xuhang/guan_dan/assets/scripts/component/activity/shareRecordViewItem.ts -> file:///D:/xuhang/guan_dan/assets/scripts/common/utils.ts
[warning][[Build.Script.Rollup]] Circular dependency: file:///D:/xuhang/guan_dan/assets/scripts/component/activity/activityViewItem.ts -> file:///D:/xuhang/guan_dan/assets/scripts/manager/SoundManager.ts -> file:///D:/xuhang/guan_dan/assets/scripts/AppGlobal.ts -> file:///D:/xuhang/guan_dan/assets/scripts/common/utils.ts -> file:///D:/xuhang/guan_dan/assets/scripts/manager/GlobalData.ts -> file:///D:/xuhang/guan_dan/assets/scripts/manager/UIConfig.ts -> file:///D:/xuhang/guan_dan/assets/scripts/component/activity/activityViewItem.ts
[warning][[Build.Script.Rollup]] Circular dependency: file:///D:/xuhang/guan_dan/assets/scripts/manager/SoundManager.ts -> file:///D:/xuhang/guan_dan/assets/scripts/AppGlobal.ts -> file:///D:/xuhang/guan_dan/assets/scripts/platform/platform.ts -> file:///D:/xuhang/guan_dan/assets/scripts/manager/SoundManager.ts
[Build] [build-script][[Build.Script.Rollup]] Circular dependency: file:///D:/xuhang/guan_dan/assets/scripts/manager/UIConfig.ts -> file:///D:/xuhang/guan_dan/assets/scripts/component/SetingItem.ts -> file:///D:/xuhang/guan_dan/assets/scripts/manager/UIManager.ts -> file:///D:/xuhang/guan_dan/assets/scripts/manager/UIConfig.ts
[warning][[Build.Script.Rollup]] Circular dependency: file:///D:/xuhang/guan_dan/assets/scripts/manager/UIConfig.ts -> file:///D:/xuhang/guan_dan/assets/scripts/component/SetingItem.ts -> file:///D:/xuhang/guan_dan/assets/scripts/manager/UIConfig.ts
[warning][[Build.Script.Rollup]] Circular dependency: file:///D:/xuhang/guan_dan/assets/scripts/manager/GlobalData.ts -> file:///D:/xuhang/guan_dan/assets/scripts/manager/UIConfig.ts -> file:///D:/xuhang/guan_dan/assets/scripts/component/SetingItem.ts -> file:///D:/xuhang/guan_dan/assets/scripts/manager/GlobalData.ts
[warning][[Build.Script.Rollup]] Circular dependency: file:///D:/xuhang/guan_dan/assets/scripts/manager/SoundManager.ts -> file:///D:/xuhang/guan_dan/assets/scripts/AppGlobal.ts -> file:///D:/xuhang/guan_dan/assets/scripts/common/utils.ts -> file:///D:/xuhang/guan_dan/assets/scripts/manager/GlobalData.ts -> file:///D:/xuhang/guan_dan/assets/scripts/manager/UIConfig.ts -> file:///D:/xuhang/guan_dan/assets/scripts/component/RuleItem.ts -> file:///D:/xuhang/guan_dan/assets/scripts/manager/SoundManager.ts
[warning][[Build.Script.Rollup]] Circular dependency: file:///D:/xuhang/guan_dan/assets/scripts/manager/GlobalData.ts -> file:///D:/xuhang/guan_dan/assets/scripts/manager/UIConfig.ts -> file:///D:/xuhang/guan_dan/assets/scripts/component/team/TeamItem.ts -> file:///D:/xuhang/guan_dan/assets/scripts/manager/GlobalData.ts
[warning][[Build.Script.Rollup]] Circular dependency: file:///D:/xuhang/guan_dan/assets/scripts/manager/UIConfig.ts -> file:///D:/xuhang/guan_dan/assets/scripts/component/room/KeyBoardItem.ts -> file:///D:/xuhang/guan_dan/assets/scripts/manager/UIConfig.ts
[warning][[Build.Script.Rollup]] Circular dependency: file:///D:/xuhang/guan_dan/assets/scripts/manager/SoundManager.ts -> file:///D:/xuhang/guan_dan/assets/scripts/AppGlobal.ts -> file:///D:/xuhang/guan_dan/assets/scripts/common/utils.ts -> file:///D:/xuhang/guan_dan/assets/scripts/manager/GlobalData.ts -> file:///D:/xuhang/guan_dan/assets/scripts/manager/UIConfig.ts -> file:///D:/xuhang/guan_dan/assets/scripts/component/room/CreateRoomItem.ts -> file:///D:/xuhang/guan_dan/assets/scripts/manager/SoundManager.ts
[warning][[Build.Script.Rollup]] Circular dependency: file:///D:/xuhang/guan_dan/assets/scripts/manager/GlobalData.ts -> file:///D:/xuhang/guan_dan/assets/scripts/manager/UIConfig.ts -> file:///D:/xuhang/guan_dan/assets/scripts/component/room/CreateRoomItem.ts -> file:///D:/xuhang/guan_dan/assets/scripts/manager/GlobalData.ts
[warning][[Build.Script.Rollup]] Circular dependency: file:///D:/xuhang/guan_dan/assets/scripts/manager/SoundManager.ts -> file:///D:/xuhang/guan_dan/assets/scripts/AppGlobal.ts -> file:///D:/xuhang/guan_dan/assets/scripts/common/utils.ts -> file:///D:/xuhang/guan_dan/assets/scripts/manager/GlobalData.ts -> file:///D:/xuhang/guan_dan/assets/scripts/manager/UIConfig.ts -> file:///D:/xuhang/guan_dan/assets/scripts/component/gameEndFree/GameEndFreeItem.ts -> file:///D:/xuhang/guan_dan/assets/scripts/manager/SoundManager.ts
[warning][[Build.Script.Rollup]] Circular dependency: file:///D:/xuhang/guan_dan/assets/scripts/common/utils.ts -> file:///D:/xuhang/guan_dan/assets/scripts/manager/GlobalData.ts -> file:///D:/xuhang/guan_dan/assets/scripts/manager/UIConfig.ts -> file:///D:/xuhang/guan_dan/assets/scripts/component/gameEndFree/GameEndFreeItem.ts -> file:///D:/xuhang/guan_dan/assets/scripts/component/gameEndFree/GameEndFreeHeadItem.ts -> file:///D:/xuhang/guan_dan/assets/scripts/common/utils.ts
[warning][[Build.Script.Rollup]] Circular dependency: file:///D:/xuhang/guan_dan/assets/scripts/manager/GlobalData.ts -> file:///D:/xuhang/guan_dan/assets/scripts/manager/UIConfig.ts -> file:///D:/xuhang/guan_dan/assets/scripts/component/gameEndFree/GameEndFreeItem.ts -> file:///D:/xuhang/guan_dan/assets/scripts/component/gameEndFree/GameEndFreeHeadItem.ts -> file:///D:/xuhang/guan_dan/assets/scripts/manager/GlobalData.ts
[warning][[Build.Script.Rollup]] Circular dependency: file:///D:/xuhang/guan_dan/assets/scripts/common/utils.ts -> file:///D:/xuhang/guan_dan/assets/scripts/manager/GlobalData.ts -> file:///D:/xuhang/guan_dan/assets/scripts/manager/UIConfig.ts -> file:///D:/xuhang/guan_dan/assets/scripts/component/gameEndFree/GameEndFreeItem.ts -> file:///D:/xuhang/guan_dan/assets/scripts/common/utils.ts
[warning][[Build.Script.Rollup]] Circular dependency: file:///D:/xuhang/guan_dan/assets/scripts/common/utils.ts -> file:///D:/xuhang/guan_dan/assets/scripts/manager/GlobalData.ts -> file:///D:/xuhang/guan_dan/assets/scripts/manager/UIConfig.ts -> file:///D:/xuhang/guan_dan/assets/scripts/component/gameEndFree/GameEndFreeItem.ts -> file:///D:/xuhang/guan_dan/assets/scripts/component/game/GameLogic.ts -> file:///D:/xuhang/guan_dan/assets/scripts/common/utils.ts
[warning][[Build.Script.Rollup]] Circular dependency: file:///D:/xuhang/guan_dan/assets/scripts/manager/GlobalData.ts -> file:///D:/xuhang/guan_dan/assets/scripts/manager/UIConfig.ts -> file:///D:/xuhang/guan_dan/assets/scripts/component/gameEndFree/GameEndFreeItem.ts -> file:///D:/xuhang/guan_dan/assets/scripts/component/game/GameLogic.ts -> file:///D:/xuhang/guan_dan/assets/scripts/manager/GlobalData.ts
[warning][[Build.Script.Rollup]] Circular dependency: file:///D:/xuhang/guan_dan/assets/scripts/manager/SoundManager.ts -> file:///D:/xuhang/guan_dan/assets/scripts/AppGlobal.ts -> file:///D:/xuhang/guan_dan/assets/scripts/common/utils.ts -> file:///D:/xuhang/guan_dan/assets/scripts/manager/GlobalData.ts -> file:///D:/xuhang/guan_dan/assets/scripts/manager/UIConfig.ts -> file:///D:/xuhang/guan_dan/assets/scripts/component/gameEndFree/GameEndFreeItem.ts -> file:///D:/xuhang/guan_dan/assets/scripts/component/game/GameLogic.ts -> file:///D:/xuhang/guan_dan/assets/scripts/manager/SoundManager.ts
[warning][[Build.Script.Rollup]] Circular dependency: file:///D:/xuhang/guan_dan/assets/scripts/manager/UIConfig.ts -> file:///D:/xuhang/guan_dan/assets/scripts/component/gameEndFree/GameEndFreeItem.ts -> file:///D:/xuhang/guan_dan/assets/scripts/manager/UIConfig.ts
[warning][[Build.Script.Rollup]] Circular dependency: file:///D:/xuhang/guan_dan/assets/scripts/manager/GlobalData.ts -> file:///D:/xuhang/guan_dan/assets/scripts/manager/UIConfig.ts -> file:///D:/xuhang/guan_dan/assets/scripts/component/gameEndFree/GameEndFreeItem.ts -> file:///D:/xuhang/guan_dan/assets/scripts/manager/GlobalData.ts
[warning][[Build.Script.Rollup]] Circular dependency: file:///D:/xuhang/guan_dan/assets/scripts/common/utils.ts -> file:///D:/xuhang/guan_dan/assets/scripts/manager/GlobalData.ts -> file:///D:/xuhang/guan_dan/assets/scripts/manager/UIConfig.ts -> file:///D:/xuhang/guan_dan/assets/scripts/component/gameEndFree/GameEndFreeItem.ts -> file:///D:/xuhang/guan_dan/assets/scripts/manager/GameSocket.ts -> file:///D:/xuhang/guan_dan/assets/scripts/common/utils.ts
[warning][[Build.Script.Rollup]] Circular dependency: file:///D:/xuhang/guan_dan/assets/scripts/common/utils.ts -> file:///D:/xuhang/guan_dan/assets/scripts/manager/GlobalData.ts -> file:///D:/xuhang/guan_dan/assets/scripts/manager/UIConfig.ts -> file:///D:/xuhang/guan_dan/assets/scripts/component/gameEndFree/GameEndFreeItem.ts -> file:///D:/xuhang/guan_dan/assets/scripts/manager/GameSocket.ts -> file:///D:/xuhang/guan_dan/assets/scripts/common/websocket.ts -> file:///D:/xuhang/guan_dan/assets/scripts/common/utils.ts
[warning][[Build.Script.Rollup]] Circular dependency: file:///D:/xuhang/guan_dan/assets/scripts/manager/GlobalData.ts -> file:///D:/xuhang/guan_dan/assets/scripts/manager/UIConfig.ts -> file:///D:/xuhang/guan_dan/assets/scripts/component/gameEndFree/GameEndFreeItem.ts -> file:///D:/xuhang/guan_dan/assets/scripts/manager/GameSocket.ts -> file:///D:/xuhang/guan_dan/assets/scripts/manager/GlobalData.ts
[warning][[Build.Script.Rollup]] Circular dependency: file:///D:/xuhang/guan_dan/assets/scripts/manager/UIConfig.ts -> file:///D:/xuhang/guan_dan/assets/scripts/component/gameEndFree/GameEndFreeItem.ts -> file:///D:/xuhang/guan_dan/assets/scripts/manager/GameSocket.ts -> file:///D:/xuhang/guan_dan/assets/scripts/manager/UIConfig.ts
[warning][[Build.Script.Rollup]] Circular dependency: file:///D:/xuhang/guan_dan/assets/scripts/manager/SoundManager.ts -> file:///D:/xuhang/guan_dan/assets/scripts/AppGlobal.ts -> file:///D:/xuhang/guan_dan/assets/scripts/common/utils.ts -> file:///D:/xuhang/guan_dan/assets/scripts/manager/GlobalData.ts -> file:///D:/xuhang/guan_dan/assets/scripts/manager/UIConfig.ts -> file:///D:/xuhang/guan_dan/assets/scripts/component/gameEndScoreRank/GameEndScoreRankItem.ts -> file:///D:/xuhang/guan_dan/assets/scripts/component/rank/RankScore.ts -> file:///D:/xuhang/guan_dan/assets/scripts/manager/SoundManager.ts
[warning][[Build.Script.Rollup]] Circular dependency: file:///D:/xuhang/guan_dan/assets/scripts/manager/GlobalData.ts -> file:///D:/xuhang/guan_dan/assets/scripts/manager/UIConfig.ts -> file:///D:/xuhang/guan_dan/assets/scripts/component/gameEndScoreRank/GameEndScoreRankItem.ts -> file:///D:/xuhang/guan_dan/assets/scripts/component/rank/RankScore.ts -> file:///D:/xuhang/guan_dan/assets/scripts/component/rank/RankScorePerson.ts -> file:///D:/xuhang/guan_dan/assets/scripts/manager/GlobalData.ts
[warning][[Build.Script.Rollup]] Circular dependency: file:///D:/xuhang/guan_dan/assets/scripts/common/utils.ts -> file:///D:/xuhang/guan_dan/assets/scripts/manager/GlobalData.ts -> file:///D:/xuhang/guan_dan/assets/scripts/manager/UIConfig.ts -> file:///D:/xuhang/guan_dan/assets/scripts/component/gameEndScoreRank/GameEndScoreRankItem.ts -> file:///D:/xuhang/guan_dan/assets/scripts/component/rank/RankScore.ts -> file:///D:/xuhang/guan_dan/assets/scripts/component/rank/RankScorePerson.ts -> file:///D:/xuhang/guan_dan/assets/scripts/component/rank/RankScorePersonSelfLine.ts -> file:///D:/xuhang/guan_dan/assets/scripts/component/LobbyUserHeadItem.ts -> file:///D:/xuhang/guan_dan/assets/scripts/common/utils.ts
[warning][[Build.Script.Rollup]] Circular dependency: file:///D:/xuhang/guan_dan/assets/scripts/manager/GlobalData.ts -> file:///D:/xuhang/guan_dan/assets/scripts/manager/UIConfig.ts -> file:///D:/xuhang/guan_dan/assets/scripts/component/gameEndScoreRank/GameEndScoreRankItem.ts -> file:///D:/xuhang/guan_dan/assets/scripts/component/rank/RankScore.ts -> file:///D:/xuhang/guan_dan/assets/scripts/component/rank/RankScorePerson.ts -> file:///D:/xuhang/guan_dan/assets/scripts/component/rank/RankScorePersonSelfLine.ts -> file:///D:/xuhang/guan_dan/assets/scripts/component/LobbyUserHeadItem.ts -> file:///D:/xuhang/guan_dan/assets/scripts/manager/GlobalData.ts
[warning][[Build.Script.Rollup]] Circular dependency: file:///D:/xuhang/guan_dan/assets/scripts/manager/GlobalData.ts -> file:///D:/xuhang/guan_dan/assets/scripts/manager/UIConfig.ts -> file:///D:/xuhang/guan_dan/assets/scripts/component/gameEndScoreRank/GameEndScoreRankItem.ts -> file:///D:/xuhang/guan_dan/assets/scripts/component/rank/RankScore.ts -> file:///D:/xuhang/guan_dan/assets/scripts/component/rank/RankScoreTeam.ts -> file:///D:/xuhang/guan_dan/assets/scripts/manager/GlobalData.ts
[warning][[Build.Script.Rollup]] Circular dependency: file:///D:/xuhang/guan_dan/assets/scripts/manager/SoundManager.ts -> file:///D:/xuhang/guan_dan/assets/scripts/AppGlobal.ts -> file:///D:/xuhang/guan_dan/assets/scripts/common/utils.ts -> file:///D:/xuhang/guan_dan/assets/scripts/manager/GlobalData.ts -> file:///D:/xuhang/guan_dan/assets/scripts/manager/UIConfig.ts -> file:///D:/xuhang/guan_dan/assets/scripts/component/gameEndScoreRank/GameEndScoreRankItem.ts -> file:///D:/xuhang/guan_dan/assets/scripts/manager/SoundManager.ts
[warning][[Build.Script.Rollup]] Circular dependency: file:///D:/xuhang/guan_dan/assets/scripts/manager/GlobalData.ts -> file:///D:/xuhang/guan_dan/assets/scripts/manager/UIConfig.ts -> file:///D:/xuhang/guan_dan/assets/scripts/component/gameEndScoreRank/GameEndScoreRankItem.ts -> file:///D:/xuhang/guan_dan/assets/scripts/component/gameEndScoreRank/GameEndScoreRankPerson.ts -> file:///D:/xuhang/guan_dan/assets/scripts/manager/GlobalData.ts
[warning][[Build.Script.Rollup]] Circular dependency: file:///D:/xuhang/guan_dan/assets/scripts/manager/GlobalData.ts -> file:///D:/xuhang/guan_dan/assets/scripts/manager/UIConfig.ts -> file:///D:/xuhang/guan_dan/assets/scripts/component/gameEndScoreRank/GameEndScoreRankItem.ts -> file:///D:/xuhang/guan_dan/assets/scripts/component/gameEndScoreRank/GameEndScoreRankTeam.ts -> file:///D:/xuhang/guan_dan/assets/scripts/manager/GlobalData.ts
[warning][[Build.Script.Rollup]] Circular dependency: file:///D:/xuhang/guan_dan/assets/scripts/common/utils.ts -> file:///D:/xuhang/guan_dan/assets/scripts/manager/GlobalData.ts -> file:///D:/xuhang/guan_dan/assets/scripts/manager/UIConfig.ts -> file:///D:/xuhang/guan_dan/assets/scripts/component/gameEndScoreRank/GameEndScoreRankItem.ts -> file:///D:/xuhang/guan_dan/assets/scripts/common/utils.ts
[warning][[Build.Script.Rollup]] Circular dependency: file:///D:/xuhang/guan_dan/assets/scripts/manager/GlobalData.ts -> file:///D:/xuhang/guan_dan/assets/scripts/manager/UIConfig.ts -> file:///D:/xuhang/guan_dan/assets/scripts/component/gameEndScoreRank/GameEndScoreRankItem.ts -> file:///D:/xuhang/guan_dan/assets/scripts/manager/GlobalData.ts
[warning][[Build.Script.Rollup]] Circular dependency: file:///D:/xuhang/guan_dan/assets/scripts/manager/UIConfig.ts -> file:///D:/xuhang/guan_dan/assets/scripts/component/gameEndScoreRank/GameEndScoreRankItem.ts -> file:///D:/xuhang/guan_dan/assets/scripts/manager/UIConfig.ts
[warning][[Build.Script.Rollup]] Circular dependency: file:///D:/xuhang/guan_dan/assets/scripts/manager/SoundManager.ts -> file:///D:/xuhang/guan_dan/assets/scripts/AppGlobal.ts -> file:///D:/xuhang/guan_dan/assets/scripts/common/utils.ts -> file:///D:/xuhang/guan_dan/assets/scripts/manager/GlobalData.ts -> file:///D:/xuhang/guan_dan/assets/scripts/manager/UIConfig.ts -> file:///D:/xuhang/guan_dan/assets/scripts/component/gameEndScore/GameEndScoreItem.ts -> file:///D:/xuhang/guan_dan/assets/scripts/manager/SoundManager.ts
[warning][[Build.Script.Rollup]] Circular dependency: file:///D:/xuhang/guan_dan/assets/scripts/manager/GlobalData.ts -> file:///D:/xuhang/guan_dan/assets/scripts/manager/UIConfig.ts -> file:///D:/xuhang/guan_dan/assets/scripts/component/gameEndScore/GameEndScoreItem.ts -> file:///D:/xuhang/guan_dan/assets/scripts/manager/GlobalData.ts
[warning][[Build.Script.Rollup]] Circular dependency: file:///D:/xuhang/guan_dan/assets/scripts/manager/SoundManager.ts -> file:///D:/xuhang/guan_dan/assets/scripts/AppGlobal.ts -> file:///D:/xuhang/guan_dan/assets/scripts/common/utils.ts -> file:///D:/xuhang/guan_dan/assets/scripts/manager/GlobalData.ts -> file:///D:/xuhang/guan_dan/assets/scripts/manager/UIConfig.ts -> file:///D:/xuhang/guan_dan/assets/scripts/component/gameEndKick/GameEndKickItem.ts -> file:///D:/xuhang/guan_dan/assets/scripts/manager/SoundManager.ts
[warning][[Build.Script.Rollup]] Circular dependency: file:///D:/xuhang/guan_dan/assets/scripts/common/utils.ts -> file:///D:/xuhang/guan_dan/assets/scripts/manager/GlobalData.ts -> file:///D:/xuhang/guan_dan/assets/scripts/manager/UIConfig.ts -> file:///D:/xuhang/guan_dan/assets/scripts/component/gameEndKick/GameEndKickItem.ts -> file:///D:/xuhang/guan_dan/assets/scripts/component/gameEndKick/GameEndKickHeadItem.ts -> file:///D:/xuhang/guan_dan/assets/scripts/common/utils.ts
[warning][[Build.Script.Rollup]] Circular dependency: file:///D:/xuhang/guan_dan/assets/scripts/manager/GlobalData.ts -> file:///D:/xuhang/guan_dan/assets/scripts/manager/UIConfig.ts -> file:///D:/xuhang/guan_dan/assets/scripts/component/gameEndKick/GameEndKickItem.ts -> file:///D:/xuhang/guan_dan/assets/scripts/manager/GlobalData.ts
[warning][[Build.Script.Rollup]] Circular dependency: file:///D:/xuhang/guan_dan/assets/scripts/manager/UIConfig.ts -> file:///D:/xuhang/guan_dan/assets/scripts/component/gameEndKick/GameEndKickItem.ts -> file:///D:/xuhang/guan_dan/assets/scripts/manager/UIConfig.ts
[warning][[Build.Script.Rollup]] Circular dependency: file:///D:/xuhang/guan_dan/assets/scripts/manager/SoundManager.ts -> file:///D:/xuhang/guan_dan/assets/scripts/AppGlobal.ts -> file:///D:/xuhang/guan_dan/assets/scripts/common/utils.ts -> file:///D:/xuhang/guan_dan/assets/scripts/manager/GlobalData.ts -> file:///D:/xuhang/guan_dan/assets/scripts/manager/UIConfig.ts -> file:///D:/xuhang/guan_dan/assets/scripts/component/gameEndKickUp/GameEndKickUpItem.ts -> file:///D:/xuhang/guan_dan/assets/scripts/manager/SoundManager.ts
[warning][[Build.Script.Rollup]] Circular dependency: file:///D:/xuhang/guan_dan/assets/scripts/manager/GlobalData.ts -> file:///D:/xuhang/guan_dan/assets/scripts/manager/UIConfig.ts -> file:///D:/xuhang/guan_dan/assets/scripts/component/gameEndKickUp/GameEndKickUpItem.ts -> file:///D:/xuhang/guan_dan/assets/scripts/manager/GlobalData.ts
[warning][[Build.Script.Rollup]] Circular dependency: file:///D:/xuhang/guan_dan/assets/scripts/manager/UIConfig.ts -> file:///D:/xuhang/guan_dan/assets/scripts/component/gameEndKickUp/GameEndKickUpItem.ts -> file:///D:/xuhang/guan_dan/assets/scripts/manager/UIConfig.ts
[warning][[Build.Script.Rollup]] Circular dependency: file:///D:/xuhang/guan_dan/assets/scripts/common/utils.ts -> file:///D:/xuhang/guan_dan/assets/scripts/manager/GlobalData.ts -> file:///D:/xuhang/guan_dan/assets/scripts/manager/UIConfig.ts -> file:///D:/xuhang/guan_dan/assets/scripts/component/gameEndKickUp/GameEndKickUpItem.ts -> file:///D:/xuhang/guan_dan/assets/scripts/common/utils.ts
[warning][[Build.Script.Rollup]] Circular dependency: file:///D:/xuhang/guan_dan/assets/scripts/manager/SoundManager.ts -> file:///D:/xuhang/guan_dan/assets/scripts/AppGlobal.ts -> file:///D:/xuhang/guan_dan/assets/scripts/common/utils.ts -> file:///D:/xuhang/guan_dan/assets/scripts/manager/GlobalData.ts -> file:///D:/xuhang/guan_dan/assets/scripts/manager/UIConfig.ts -> file:///D:/xuhang/guan_dan/assets/scripts/component/teamUp/TeamUpItem.ts -> file:///D:/xuhang/guan_dan/assets/scripts/manager/SoundManager.ts
[warning][[Build.Script.Rollup]] Circular dependency: file:///D:/xuhang/guan_dan/assets/scripts/common/utils.ts -> file:///D:/xuhang/guan_dan/assets/scripts/manager/GlobalData.ts -> file:///D:/xuhang/guan_dan/assets/scripts/manager/UIConfig.ts -> file:///D:/xuhang/guan_dan/assets/scripts/component/teamUp/TeamUpItem.ts -> file:///D:/xuhang/guan_dan/assets/scripts/common/utils.ts
[warning][[Build.Script.Rollup]] Circular dependency: file:///D:/xuhang/guan_dan/assets/scripts/manager/GlobalData.ts -> file:///D:/xuhang/guan_dan/assets/scripts/manager/UIConfig.ts -> file:///D:/xuhang/guan_dan/assets/scripts/component/teamUp/TeamUpItem.ts -> file:///D:/xuhang/guan_dan/assets/scripts/manager/GlobalData.ts
[warning][[Build.Script.Rollup]] Circular dependency: file:///D:/xuhang/guan_dan/assets/scripts/AppGlobal.ts -> file:///D:/xuhang/guan_dan/assets/scripts/common/utils.ts -> file:///D:/xuhang/guan_dan/assets/scripts/manager/GlobalData.ts -> file:///D:/xuhang/guan_dan/assets/scripts/manager/UIConfig.ts -> file:///D:/xuhang/guan_dan/assets/scripts/component/teamUp/TeamUpItem.ts -> file:///D:/xuhang/guan_dan/assets/scripts/AppGlobal.ts
[warning][[Build.Script.Rollup]] Circular dependency: file:///D:/xuhang/guan_dan/assets/scripts/manager/GlobalData.ts -> file:///D:/xuhang/guan_dan/assets/scripts/manager/UIConfig.ts -> file:///D:/xuhang/guan_dan/assets/scripts/component/raceScore/RaceScoreItem.ts -> file:///D:/xuhang/guan_dan/assets/scripts/manager/GlobalData.ts
[warning][[Build.Script.Rollup]] Circular dependency: file:///D:/xuhang/guan_dan/assets/scripts/manager/SoundManager.ts -> file:///D:/xuhang/guan_dan/assets/scripts/AppGlobal.ts -> file:///D:/xuhang/guan_dan/assets/scripts/common/utils.ts -> file:///D:/xuhang/guan_dan/assets/scripts/manager/GlobalData.ts -> file:///D:/xuhang/guan_dan/assets/scripts/manager/UIConfig.ts -> file:///D:/xuhang/guan_dan/assets/scripts/component/raceScore/RaceScoreItem.ts -> file:///D:/xuhang/guan_dan/assets/scripts/manager/SoundManager.ts
[warning][[Build.Script.Rollup]] Circular dependency: file:///D:/xuhang/guan_dan/assets/scripts/common/utils.ts -> file:///D:/xuhang/guan_dan/assets/scripts/manager/GlobalData.ts -> file:///D:/xuhang/guan_dan/assets/scripts/manager/UIConfig.ts -> file:///D:/xuhang/guan_dan/assets/scripts/component/raceScore/RaceScoreItem.ts -> file:///D:/xuhang/guan_dan/assets/scripts/common/utils.ts
[warning][[Build.Script.Rollup]] Circular dependency: file:///D:/xuhang/guan_dan/assets/scripts/manager/UIConfig.ts -> file:///D:/xuhang/guan_dan/assets/scripts/component/raceScore/RaceScoreItem.ts -> file:///D:/xuhang/guan_dan/assets/scripts/manager/UIConfig.ts
[warning][[Build.Script.Rollup]] Circular dependency: file:///D:/xuhang/guan_dan/assets/scripts/manager/GlobalData.ts -> file:///D:/xuhang/guan_dan/assets/scripts/manager/UIConfig.ts -> file:///D:/xuhang/guan_dan/assets/scripts/component/raceKick/RaceKickItem.ts -> file:///D:/xuhang/guan_dan/assets/scripts/manager/GlobalData.ts
[warning][[Build.Script.Rollup]] Circular dependency: file:///D:/xuhang/guan_dan/assets/scripts/manager/SoundManager.ts -> file:///D:/xuhang/guan_dan/assets/scripts/AppGlobal.ts -> file:///D:/xuhang/guan_dan/assets/scripts/common/utils.ts -> file:///D:/xuhang/guan_dan/assets/scripts/manager/GlobalData.ts -> file:///D:/xuhang/guan_dan/assets/scripts/manager/UIConfig.ts -> file:///D:/xuhang/guan_dan/assets/scripts/component/raceKick/RaceKickItem.ts -> file:///D:/xuhang/guan_dan/assets/scripts/manager/SoundManager.ts
[warning][[Build.Script.Rollup]] Circular dependency: file:///D:/xuhang/guan_dan/assets/scripts/common/utils.ts -> file:///D:/xuhang/guan_dan/assets/scripts/manager/GlobalData.ts -> file:///D:/xuhang/guan_dan/assets/scripts/manager/UIConfig.ts -> file:///D:/xuhang/guan_dan/assets/scripts/component/raceKick/RaceKickItem.ts -> file:///D:/xuhang/guan_dan/assets/scripts/common/utils.ts
[warning][[Build.Script.Rollup]] Circular dependency: file:///D:/xuhang/guan_dan/assets/scripts/manager/GlobalData.ts -> file:///D:/xuhang/guan_dan/assets/scripts/manager/UIConfig.ts -> file:///D:/xuhang/guan_dan/assets/scripts/component/raceKick/RaceKickItem.ts -> file:///D:/xuhang/guan_dan/assets/scripts/component/raceKick/RaceKickLineItem.ts -> file:///D:/xuhang/guan_dan/assets/scripts/manager/GlobalData.ts
[warning][[Build.Script.Rollup]] Circular dependency: file:///D:/xuhang/guan_dan/assets/scripts/manager/SoundManager.ts -> file:///D:/xuhang/guan_dan/assets/scripts/AppGlobal.ts -> file:///D:/xuhang/guan_dan/assets/scripts/common/utils.ts -> file:///D:/xuhang/guan_dan/assets/scripts/manager/GlobalData.ts -> file:///D:/xuhang/guan_dan/assets/scripts/manager/UIConfig.ts -> file:///D:/xuhang/guan_dan/assets/scripts/component/raceKick/RaceKickItem.ts -> file:///D:/xuhang/guan_dan/assets/scripts/component/raceKick/RaceKickLineItem.ts -> file:///D:/xuhang/guan_dan/assets/scripts/manager/SoundManager.ts
[warning][[Build.Script.Rollup]] Circular dependency: file:///D:/xuhang/guan_dan/assets/scripts/common/utils.ts -> file:///D:/xuhang/guan_dan/assets/scripts/manager/GlobalData.ts -> file:///D:/xuhang/guan_dan/assets/scripts/manager/UIConfig.ts -> file:///D:/xuhang/guan_dan/assets/scripts/component/raceKick/RaceKickItem.ts -> file:///D:/xuhang/guan_dan/assets/scripts/component/raceKick/RaceKickLineItem.ts -> file:///D:/xuhang/guan_dan/assets/scripts/common/utils.ts
[warning][[Build.Script.Rollup]] Circular dependency: file:///D:/xuhang/guan_dan/assets/scripts/manager/UIConfig.ts -> file:///D:/xuhang/guan_dan/assets/scripts/component/raceKick/RaceKickItem.ts -> file:///D:/xuhang/guan_dan/assets/scripts/manager/UIConfig.ts
[warning][[Build.Script.Rollup]] Circular dependency: file:///D:/xuhang/guan_dan/assets/scripts/manager/SoundManager.ts -> file:///D:/xuhang/guan_dan/assets/scripts/AppGlobal.ts -> file:///D:/xuhang/guan_dan/assets/scripts/common/utils.ts -> file:///D:/xuhang/guan_dan/assets/scripts/manager/GlobalData.ts -> file:///D:/xuhang/guan_dan/assets/scripts/manager/UIConfig.ts -> file:///D:/xuhang/guan_dan/assets/scripts/component/MessageBoxCommonTest.ts -> file:///D:/xuhang/guan_dan/assets/scripts/manager/SoundManager.ts
[warning][[Build.Script.Rollup]] Circular dependency: file:///D:/xuhang/guan_dan/assets/scripts/manager/SoundManager.ts -> file:///D:/xuhang/guan_dan/assets/scripts/AppGlobal.ts -> file:///D:/xuhang/guan_dan/assets/scripts/common/utils.ts -> file:///D:/xuhang/guan_dan/assets/scripts/manager/GlobalData.ts -> file:///D:/xuhang/guan_dan/assets/scripts/manager/UIConfig.ts -> file:///D:/xuhang/guan_dan/assets/scripts/component/CreateTeamItem.ts -> file:///D:/xuhang/guan_dan/assets/scripts/manager/SoundManager.ts
[warning][[Build.Script.Rollup]] Circular dependency: file:///D:/xuhang/guan_dan/assets/scripts/manager/SoundManager.ts -> file:///D:/xuhang/guan_dan/assets/scripts/AppGlobal.ts -> file:///D:/xuhang/guan_dan/assets/scripts/common/utils.ts -> file:///D:/xuhang/guan_dan/assets/scripts/manager/GlobalData.ts -> file:///D:/xuhang/guan_dan/assets/scripts/manager/UIConfig.ts -> file:///D:/xuhang/guan_dan/assets/scripts/component/gameStartNotice/GameStartNotice.ts -> file:///D:/xuhang/guan_dan/assets/scripts/manager/SoundManager.ts
[warning][[Build.Script.Rollup]] Circular dependency: file:///D:/xuhang/guan_dan/assets/scripts/common/utils.ts -> file:///D:/xuhang/guan_dan/assets/scripts/manager/GlobalData.ts -> file:///D:/xuhang/guan_dan/assets/scripts/manager/UIConfig.ts -> file:///D:/xuhang/guan_dan/assets/scripts/component/gameStartNotice/GameStartNotice.ts -> file:///D:/xuhang/guan_dan/assets/scripts/common/utils.ts
[warning][[Build.Script.Rollup]] Circular dependency: file:///D:/xuhang/guan_dan/assets/scripts/manager/SoundManager.ts -> file:///D:/xuhang/guan_dan/assets/scripts/AppGlobal.ts -> file:///D:/xuhang/guan_dan/assets/scripts/common/utils.ts -> file:///D:/xuhang/guan_dan/assets/scripts/manager/GlobalData.ts -> file:///D:/xuhang/guan_dan/assets/scripts/manager/UIConfig.ts -> file:///D:/xuhang/guan_dan/assets/scripts/component/gameStartNotice/FreeUpItem.ts -> file:///D:/xuhang/guan_dan/assets/scripts/manager/SoundManager.ts
[warning][[Build.Script.Rollup]] Circular dependency: file:///D:/xuhang/guan_dan/assets/scripts/manager/GlobalData.ts -> file:///D:/xuhang/guan_dan/assets/scripts/manager/UIConfig.ts -> file:///D:/xuhang/guan_dan/assets/scripts/component/gameStartNotice/FreeUpItem.ts -> file:///D:/xuhang/guan_dan/assets/scripts/manager/GlobalData.ts
[warning][[Build.Script.Rollup]] Circular dependency: file:///D:/xuhang/guan_dan/assets/scripts/manager/SoundManager.ts -> file:///D:/xuhang/guan_dan/assets/scripts/AppGlobal.ts -> file:///D:/xuhang/guan_dan/assets/scripts/common/utils.ts -> file:///D:/xuhang/guan_dan/assets/scripts/manager/GlobalData.ts -> file:///D:/xuhang/guan_dan/assets/scripts/manager/UIConfig.ts -> file:///D:/xuhang/guan_dan/assets/scripts/component/rankRace/RankRaceItem.ts -> file:///D:/xuhang/guan_dan/assets/scripts/manager/SoundManager.ts
[warning][[Build.Script.Rollup]] Circular dependency: file:///D:/xuhang/guan_dan/assets/scripts/manager/GlobalData.ts -> file:///D:/xuhang/guan_dan/assets/scripts/manager/UIConfig.ts -> file:///D:/xuhang/guan_dan/assets/scripts/component/rankRace/RankRaceItem.ts -> file:///D:/xuhang/guan_dan/assets/scripts/component/rankRace/RankRaceKickItem.ts -> file:///D:/xuhang/guan_dan/assets/scripts/manager/GlobalData.ts
[warning][[Build.Script.Rollup]] Circular dependency: file:///D:/xuhang/guan_dan/assets/scripts/manager/GlobalData.ts -> file:///D:/xuhang/guan_dan/assets/scripts/manager/UIConfig.ts -> file:///D:/xuhang/guan_dan/assets/scripts/component/rankRace/RankRaceItem.ts -> file:///D:/xuhang/guan_dan/assets/scripts/component/rankRace/RankRaceScoreItem.ts -> file:///D:/xuhang/guan_dan/assets/scripts/manager/GlobalData.ts
[warning][[Build.Script.Rollup]] Circular dependency: file:///D:/xuhang/guan_dan/assets/scripts/manager/GlobalData.ts -> file:///D:/xuhang/guan_dan/assets/scripts/manager/UIConfig.ts -> file:///D:/xuhang/guan_dan/assets/scripts/component/rankRace/RankRaceItem.ts -> file:///D:/xuhang/guan_dan/assets/scripts/component/rankRace/RankRaceAuditionItem.ts -> file:///D:/xuhang/guan_dan/assets/scripts/manager/GlobalData.ts
[warning][[Build.Script.Rollup]] Circular dependency: file:///D:/xuhang/guan_dan/assets/scripts/manager/GlobalData.ts -> file:///D:/xuhang/guan_dan/assets/scripts/manager/UIConfig.ts -> file:///D:/xuhang/guan_dan/assets/scripts/component/rank/RankKick.ts -> file:///D:/xuhang/guan_dan/assets/scripts/manager/GlobalData.ts
[warning][[Build.Script.Rollup]] Circular dependency: file:///D:/xuhang/guan_dan/assets/scripts/manager/SoundManager.ts -> file:///D:/xuhang/guan_dan/assets/scripts/AppGlobal.ts -> file:///D:/xuhang/guan_dan/assets/scripts/common/utils.ts -> file:///D:/xuhang/guan_dan/assets/scripts/manager/GlobalData.ts -> file:///D:/xuhang/guan_dan/assets/scripts/manager/UIConfig.ts -> file:///D:/xuhang/guan_dan/assets/scripts/component/rank/RankKick.ts -> file:///D:/xuhang/guan_dan/assets/scripts/manager/SoundManager.ts
[warning][[Build.Script.Rollup]] Circular dependency: file:///D:/xuhang/guan_dan/assets/scripts/manager/GlobalData.ts -> file:///D:/xuhang/guan_dan/assets/scripts/manager/UIConfig.ts -> file:///D:/xuhang/guan_dan/assets/scripts/component/raceAudition/RaceAuditionItem.ts -> file:///D:/xuhang/guan_dan/assets/scripts/manager/GlobalData.ts
[warning][[Build.Script.Rollup]] Circular dependency: file:///D:/xuhang/guan_dan/assets/scripts/manager/SoundManager.ts -> file:///D:/xuhang/guan_dan/assets/scripts/AppGlobal.ts -> file:///D:/xuhang/guan_dan/assets/scripts/common/utils.ts -> file:///D:/xuhang/guan_dan/assets/scripts/manager/GlobalData.ts -> file:///D:/xuhang/guan_dan/assets/scripts/manager/UIConfig.ts -> file:///D:/xuhang/guan_dan/assets/scripts/component/raceAudition/RaceAuditionItem.ts -> file:///D:/xuhang/guan_dan/assets/scripts/manager/SoundManager.ts
[warning][[Build.Script.Rollup]] Circular dependency: file:///D:/xuhang/guan_dan/assets/scripts/common/utils.ts -> file:///D:/xuhang/guan_dan/assets/scripts/manager/GlobalData.ts -> file:///D:/xuhang/guan_dan/assets/scripts/manager/UIConfig.ts -> file:///D:/xuhang/guan_dan/assets/scripts/component/raceAudition/RaceAuditionItem.ts -> file:///D:/xuhang/guan_dan/assets/scripts/common/utils.ts
[warning][[Build.Script.Rollup]] Circular dependency: file:///D:/xuhang/guan_dan/assets/scripts/manager/GlobalData.ts -> file:///D:/xuhang/guan_dan/assets/scripts/manager/UIConfig.ts -> file:///D:/xuhang/guan_dan/assets/scripts/component/rank/RankAuditionItem.ts -> file:///D:/xuhang/guan_dan/assets/scripts/manager/GlobalData.ts
[warning][[Build.Script.Rollup]] Circular dependency: file:///D:/xuhang/guan_dan/assets/scripts/manager/SoundManager.ts -> file:///D:/xuhang/guan_dan/assets/scripts/AppGlobal.ts -> file:///D:/xuhang/guan_dan/assets/scripts/common/utils.ts -> file:///D:/xuhang/guan_dan/assets/scripts/manager/GlobalData.ts -> file:///D:/xuhang/guan_dan/assets/scripts/manager/UIConfig.ts -> file:///D:/xuhang/guan_dan/assets/scripts/component/rank/RankAuditionItem.ts -> file:///D:/xuhang/guan_dan/assets/scripts/manager/SoundManager.ts
[warning][[Build.Script.Rollup]] Circular dependency: file:///D:/xuhang/guan_dan/assets/scripts/manager/SoundManager.ts -> file:///D:/xuhang/guan_dan/assets/scripts/AppGlobal.ts -> file:///D:/xuhang/guan_dan/assets/scripts/common/utils.ts -> file:///D:/xuhang/guan_dan/assets/scripts/manager/GlobalData.ts -> file:///D:/xuhang/guan_dan/assets/scripts/manager/UIConfig.ts -> file:///D:/xuhang/guan_dan/assets/scripts/component/gameEndAudition/GameEndAuditionItem.ts -> file:///D:/xuhang/guan_dan/assets/scripts/manager/SoundManager.ts
[warning][[Build.Script.Rollup]] Circular dependency: file:///D:/xuhang/guan_dan/assets/scripts/common/utils.ts -> file:///D:/xuhang/guan_dan/assets/scripts/manager/GlobalData.ts -> file:///D:/xuhang/guan_dan/assets/scripts/manager/UIConfig.ts -> file:///D:/xuhang/guan_dan/assets/scripts/component/gameEndAudition/GameEndAuditionItem.ts -> file:///D:/xuhang/guan_dan/assets/scripts/common/utils.ts
[warning][[Build.Script.Rollup]] Circular dependency: file:///D:/xuhang/guan_dan/assets/scripts/manager/UIConfig.ts -> file:///D:/xuhang/guan_dan/assets/scripts/component/gameEndAudition/GameEndAuditionItem.ts -> file:///D:/xuhang/guan_dan/assets/scripts/manager/UIConfig.ts
[warning][[Build.Script.Rollup]] Circular dependency: file:///D:/xuhang/guan_dan/assets/scripts/manager/GlobalData.ts -> file:///D:/xuhang/guan_dan/assets/scripts/manager/UIConfig.ts -> file:///D:/xuhang/guan_dan/assets/scripts/component/gameEndAudition/GameEndAuditionItem.ts -> file:///D:/xuhang/guan_dan/assets/scripts/manager/GlobalData.ts
[warning][[Build.Script.Rollup]] Circular dependency: file:///D:/xuhang/guan_dan/assets/scripts/common/utils.ts -> file:///D:/xuhang/guan_dan/assets/scripts/manager/GlobalData.ts -> file:///D:/xuhang/guan_dan/assets/scripts/manager/UIConfig.ts -> file:///D:/xuhang/guan_dan/assets/scripts/component/gameEndAudition/GameEndAuditionItem.ts -> file:///D:/xuhang/guan_dan/assets/scripts/component/gameEndAudition/GameEndAuditionHeadItem.ts -> file:///D:/xuhang/guan_dan/assets/scripts/common/utils.ts
[warning][[Build.Script.Rollup]] Circular dependency: file:///D:/xuhang/guan_dan/assets/scripts/manager/SoundManager.ts -> file:///D:/xuhang/guan_dan/assets/scripts/AppGlobal.ts -> file:///D:/xuhang/guan_dan/assets/scripts/common/utils.ts -> file:///D:/xuhang/guan_dan/assets/scripts/manager/GlobalData.ts -> file:///D:/xuhang/guan_dan/assets/scripts/manager/UIConfig.ts -> file:///D:/xuhang/guan_dan/assets/scripts/component/match/FreeMatchItem.ts -> file:///D:/xuhang/guan_dan/assets/scripts/manager/SoundManager.ts
[warning][[Build.Script.Rollup]] Circular dependency: file:///D:/xuhang/guan_dan/assets/scripts/manager/GlobalData.ts -> file:///D:/xuhang/guan_dan/assets/scripts/manager/UIConfig.ts -> file:///D:/xuhang/guan_dan/assets/scripts/component/match/FreeMatchItem.ts -> file:///D:/xuhang/guan_dan/assets/scripts/manager/GlobalData.ts
[warning][[Build.Script.Rollup]] Circular dependency: file:///D:/xuhang/guan_dan/assets/scripts/manager/SoundManager.ts -> file:///D:/xuhang/guan_dan/assets/scripts/AppGlobal.ts -> file:///D:/xuhang/guan_dan/assets/scripts/common/utils.ts -> file:///D:/xuhang/guan_dan/assets/scripts/manager/GlobalData.ts -> file:///D:/xuhang/guan_dan/assets/scripts/manager/UIConfig.ts -> file:///D:/xuhang/guan_dan/assets/scripts/component/match/AuditionMatchItem.ts -> file:///D:/xuhang/guan_dan/assets/scripts/manager/SoundManager.ts
[warning][[Build.Script.Rollup]] Circular dependency: file:///D:/xuhang/guan_dan/assets/scripts/manager/GlobalData.ts -> file:///D:/xuhang/guan_dan/assets/scripts/manager/UIConfig.ts -> file:///D:/xuhang/guan_dan/assets/scripts/component/match/AuditionMatchItem.ts -> file:///D:/xuhang/guan_dan/assets/scripts/manager/GlobalData.ts
[warning][[Build.Script.Rollup]] Circular dependency: file:///D:/xuhang/guan_dan/assets/scripts/manager/UIConfig.ts -> file:///D:/xuhang/guan_dan/assets/scripts/component/activity/signInViewItem.ts -> file:///D:/xuhang/guan_dan/assets/scripts/manager/UIConfig.ts
[warning][[Build.Script.Rollup]] Circular dependency: file:///D:/xuhang/guan_dan/assets/scripts/manager/GlobalData.ts -> file:///D:/xuhang/guan_dan/assets/scripts/manager/UIConfig.ts -> file:///D:/xuhang/guan_dan/assets/scripts/component/activity/shareViewItem.ts -> file:///D:/xuhang/guan_dan/assets/scripts/manager/GlobalData.ts
[warning][[Build.Script.Rollup]] Circular dependency: file:///D:/xuhang/guan_dan/assets/scripts/manager/UIConfig.ts -> file:///D:/xuhang/guan_dan/assets/scripts/component/activity/shareViewItem.ts -> file:///D:/xuhang/guan_dan/assets/scripts/manager/UIConfig.ts
[warning][[Build.Script.Rollup]] Circular dependency: file:///D:/xuhang/guan_dan/assets/scripts/manager/GlobalData.ts -> file:///D:/xuhang/guan_dan/assets/scripts/manager/UIConfig.ts -> file:///D:/xuhang/guan_dan/assets/scripts/component/GetItem.ts -> file:///D:/xuhang/guan_dan/assets/scripts/manager/GlobalData.ts
[warning][[Build.Script.Rollup]] Circular dependency: file:///D:/xuhang/guan_dan/assets/scripts/common/utils.ts -> file:///D:/xuhang/guan_dan/assets/scripts/manager/GlobalData.ts -> file:///D:/xuhang/guan_dan/assets/scripts/manager/UIConfig.ts -> file:///D:/xuhang/guan_dan/assets/scripts/component/GetItem.ts -> file:///D:/xuhang/guan_dan/assets/scripts/common/utils.ts
[warning][[Build.Script.Rollup]] Circular dependency: file:///D:/xuhang/guan_dan/assets/scripts/manager/UIConfig.ts -> file:///D:/xuhang/guan_dan/assets/scripts/component/activity/exchangeViewItem.ts -> file:///D:/xuhang/guan_dan/assets/scripts/manager/UIConfig.ts
[warning][[Build.Script.Rollup]] Circular dependency: file:///D:/xuhang/guan_dan/assets/scripts/manager/GlobalData.ts -> file:///D:/xuhang/guan_dan/assets/scripts/manager/UIConfig.ts -> file:///D:/xuhang/guan_dan/assets/scripts/component/activity/exchangeViewItem.ts -> file:///D:/xuhang/guan_dan/assets/scripts/manager/GlobalData.ts
[warning][[Build.Script.Rollup]] Circular dependency: file:///D:/xuhang/guan_dan/assets/scripts/common/utils.ts -> file:///D:/xuhang/guan_dan/assets/scripts/manager/GlobalData.ts -> file:///D:/xuhang/guan_dan/assets/scripts/manager/UIConfig.ts -> file:///D:/xuhang/guan_dan/assets/scripts/component/activity/exchangeViewItem.ts -> file:///D:/xuhang/guan_dan/assets/scripts/common/utils.ts
[warning][[Build.Script.Rollup]] Circular dependency: file:///D:/xuhang/guan_dan/assets/scripts/manager/GlobalData.ts -> file:///D:/xuhang/guan_dan/assets/scripts/manager/UIConfig.ts -> file:///D:/xuhang/guan_dan/assets/scripts/component/activity/exchangeRecordViewItem.ts -> file:///D:/xuhang/guan_dan/assets/scripts/manager/GlobalData.ts
[warning][[Build.Script.Rollup]] Circular dependency: file:///D:/xuhang/guan_dan/assets/scripts/manager/GlobalData.ts -> file:///D:/xuhang/guan_dan/assets/scripts/manager/UIConfig.ts -> file:///D:/xuhang/guan_dan/assets/scripts/component/activity/shareRecordViewItem.ts -> file:///D:/xuhang/guan_dan/assets/scripts/manager/GlobalData.ts
[warning][[Build.Script.Rollup]] Circular dependency: file:///D:/xuhang/guan_dan/assets/scripts/common/utils.ts -> file:///D:/xuhang/guan_dan/assets/scripts/manager/GlobalData.ts -> file:///D:/xuhang/guan_dan/assets/scripts/manager/UIConfig.ts -> file:///D:/xuhang/guan_dan/assets/scripts/component/activity/shareRecordViewItem.ts -> file:///D:/xuhang/guan_dan/assets/scripts/common/utils.ts
[warning][[Build.Script.Rollup]] Circular dependency: file:///D:/xuhang/guan_dan/assets/scripts/component/activity/activityViewItem.ts -> file:///D:/xuhang/guan_dan/assets/scripts/manager/SoundManager.ts -> file:///D:/xuhang/guan_dan/assets/scripts/AppGlobal.ts -> file:///D:/xuhang/guan_dan/assets/scripts/common/utils.ts -> file:///D:/xuhang/guan_dan/assets/scripts/manager/GlobalData.ts -> file:///D:/xuhang/guan_dan/assets/scripts/manager/UIConfig.ts -> file:///D:/xuhang/guan_dan/assets/scripts/component/activity/activityViewItem.ts
[warning][[Build.Script.Rollup]] Circular dependency: file:///D:/xuhang/guan_dan/assets/scripts/manager/SoundManager.ts -> file:///D:/xuhang/guan_dan/assets/scripts/AppGlobal.ts -> file:///D:/xuhang/guan_dan/assets/scripts/platform/platform.ts -> file:///D:/xuhang/guan_dan/assets/scripts/manager/SoundManager.ts
  
[warning][[Build.Script.Rollup]] Circular dependency: file:///D:/xuhang/guan_dan/assets/scripts/manager/UIConfig.ts -> file:///D:/xuhang/guan_dan/assets/scripts/component/room/KeyBoardItem.ts -> file:///D:/xuhang/guan_dan/assets/scripts/manager/UIConfig.ts  
[warning][[Build.Script.Rollup]] Circular dependency: file:///D:/xuhang/guan_dan/assets/scripts/manager/SoundManager.ts -> file:///D:/xuhang/guan_dan/assets/scripts/AppGlobal.ts -> file:///D:/xuhang/guan_dan/assets/scripts/common/utils.ts -> file:///D:/xuhang/guan_dan/assets/scripts/manager/GlobalData.ts -> file:///D:/xuhang/guan_dan/assets/scripts/manager/UIConfig.ts -> file:///D:/xuhang/guan_dan/assets/scripts/component/room/CreateRoomItem.ts -> file:///D:/xuhang/guan_dan/assets/scripts/manager/SoundManager.ts  
[warning][[Build.Script.Rollup]] Circular dependency: file:///D:/xuhang/guan_dan/assets/scripts/manager/GlobalData.ts -> file:///D:/xuhang/guan_dan/assets/scripts/manager/UIConfig.ts -> file:///D:/xuhang/guan_dan/assets/scripts/component/room/CreateRoomItem.ts -> file:///D:/xuhang/guan_dan/assets/scripts/manager/GlobalData.ts  
[warning][[Build.Script.Rollup]] Circular dependency: file:///D:/xuhang/guan_dan/assets/scripts/manager/SoundManager.ts -> file:///D:/xuhang/guan_dan/assets/scripts/AppGlobal.ts -> file:///D:/xuhang/guan_dan/assets/scripts/common/utils.ts -> file:///D:/xuhang/guan_dan/assets/scripts/manager/GlobalData.ts -> file:///D:/xuhang/guan_dan/assets/scripts/manager/UIConfig.ts -> file:///D:/xuhang/guan_dan/assets/scripts/component/gameEndFree/GameEndFreeItem.ts -> file:///D:/xuhang/guan_dan/assets/scripts/manager/SoundManager.ts  
[warning][[Build.Script.Rollup]] Circular dependency: file:///D:/xuhang/guan_dan/assets/scripts/common/utils.ts -> file:///D:/xuhang/guan_dan/assets/scripts/manager/GlobalData.ts -> file:///D:/xuhang/guan_dan/assets/scripts/manager/UIConfig.ts -> file:///D:/xuhang/guan_dan/assets/scripts/component/gameEndFree/GameEndFreeItem.ts -> file:///D:/xuhang/guan_dan/assets/scripts/component/gameEndFree/GameEndFreeHeadItem.ts -> file:///D:/xuhang/guan_dan/assets/scripts/common/utils.ts  
[warning][[Build.Script.Rollup]] Circular dependency: file:///D:/xuhang/guan_dan/assets/scripts/manager/GlobalData.ts -> file:///D:/xuhang/guan_dan/assets/scripts/manager/UIConfig.ts -> file:///D:/xuhang/guan_dan/assets/scripts/component/gameEndFree/GameEndFreeItem.ts -> file:///D:/xuhang/guan_dan/assets/scripts/component/gameEndFree/GameEndFreeHeadItem.ts -> file:///D:/xuhang/guan_dan/assets/scripts/manager/GlobalData.ts  
[warning][[Build.Script.Rollup]] Circular dependency: file:///D:/xuhang/guan_dan/assets/scripts/common/utils.ts -> file:///D:/xuhang/guan_dan/assets/scripts/manager/GlobalData.ts -> file:///D:/xuhang/guan_dan/assets/scripts/manager/UIConfig.ts -> file:///D:/xuhang/guan_dan/assets/scripts/component/gameEndFree/GameEndFreeItem.ts -> file:///D:/xuhang/guan_dan/assets/scripts/common/utils.ts  
[warning][[Build.Script.Rollup]] Circular dependency: file:///D:/xuhang/guan_dan/assets/scripts/common/utils.ts -> file:///D:/xuhang/guan_dan/assets/scripts/manager/GlobalData.ts -> file:///D:/xuhang/guan_dan/assets/scripts/manager/UIConfig.ts -> file:///D:/xuhang/guan_dan/assets/scripts/component/gameEndFree/GameEndFreeItem.ts -> file:///D:/xuhang/guan_dan/assets/scripts/component/game/GameLogic.ts -> file:///D:/xuhang/guan_dan/assets/scripts/common/utils.ts  
[warning][[Build.Script.Rollup]] Circular dependency: file:///D:/xuhang/guan_dan/assets/scripts/manager/GlobalData.ts -> file:///D:/xuhang/guan_dan/assets/scripts/manager/UIConfig.ts -> file:///D:/xuhang/guan_dan/assets/scripts/component/gameEndFree/GameEndFreeItem.ts -> file:///D:/xuhang/guan_dan/assets/scripts/component/game/GameLogic.ts -> file:///D:/xuhang/guan_dan/assets/scripts/manager/GlobalData.ts  
[warning][[Build.Script.Rollup]] Circular dependency: file:///D:/xuhang/guan_dan/assets/scripts/manager/SoundManager.ts -> file:///D:/xuhang/guan_dan/assets/scripts/AppGlobal.ts -> file:///D:/xuhang/guan_dan/assets/scripts/common/utils.ts -> file:///D:/xuhang/guan_dan/assets/scripts/manager/GlobalData.ts -> file:///D:/xuhang/guan_dan/assets/scripts/manager/UIConfig.ts -> file:///D:/xuhang/guan_dan/assets/scripts/component/gameEndFree/GameEndFreeItem.ts -> file:///D:/xuhang/guan_dan/assets/scripts/component/game/GameLogic.ts -> file:///D:/xuhang/guan_dan/assets/scripts/manager/SoundManager.ts  
[warning][[Build.Script.Rollup]] Circular dependency: file:///D:/xuhang/guan_dan/assets/scripts/manager/UIConfig.ts -> file:///D:/xuhang/guan_dan/assets/scripts/component/gameEndFree/GameEndFreeItem.ts -> file:///D:/xuhang/guan_dan/assets/scripts/manager/UIConfig.ts  
[warning][[Build.Script.Rollup]] Circular dependency: file:///D:/xuhang/guan_dan/assets/scripts/manager/GlobalData.ts -> file:///D:/xuhang/guan_dan/assets/scripts/manager/UIConfig.ts -> file:///D:/xuhang/guan_dan/assets/scripts/component/gameEndFree/GameEndFreeItem.ts -> file:///D:/xuhang/guan_dan/assets/scripts/manager/GlobalData.ts  
[warning][[Build.Script.Rollup]] Circular dependency: file:///D:/xuhang/guan_dan/assets/scripts/common/utils.ts -> file:///D:/xuhang/guan_dan/assets/scripts/manager/GlobalData.ts -> file:///D:/xuhang/guan_dan/assets/scripts/manager/UIConfig.ts -> file:///D:/xuhang/guan_dan/assets/scripts/component/gameEndFree/GameEndFreeItem.ts -> file:///D:/xuhang/guan_dan/assets/scripts/manager/GameSocket.ts -> file:///D:/xuhang/guan_dan/assets/scripts/common/utils.ts  
[warning][[Build.Script.Rollup]] Circular dependency: file:///D:/xuhang/guan_dan/assets/scripts/common/utils.ts -> file:///D:/xuhang/guan_dan/assets/scripts/manager/GlobalData.ts -> file:///D:/xuhang/guan_dan/assets/scripts/manager/UIConfig.ts -> file:///D:/xuhang/guan_dan/assets/scripts/component/gameEndFree/GameEndFreeItem.ts -> file:///D:/xuhang/guan_dan/assets/scripts/manager/GameSocket.ts -> file:///D:/xuhang/guan_dan/assets/scripts/common/websocket.ts -> file:///D:/xuhang/guan_dan/assets/scripts/common/utils.ts  
[warning][[Build.Script.Rollup]] Circular dependency: file:///D:/xuhang/guan_dan/assets/scripts/manager/GlobalData.ts -> file:///D:/xuhang/guan_dan/assets/scripts/manager/UIConfig.ts -> file:///D:/xuhang/guan_dan/assets/scripts/component/gameEndFree/GameEndFreeItem.ts -> file:///D:/xuhang/guan_dan/assets/scripts/manager/GameSocket.ts -> file:///D:/xuhang/guan_dan/assets/scripts/manager/GlobalData.ts  
[warning][[Build.Script.Rollup]] Circular dependency: file:///D:/xuhang/guan_dan/assets/scripts/manager/UIConfig.ts -> file:///D:/xuhang/guan_dan/assets/scripts/component/gameEndFree/GameEndFreeItem.ts -> file:///D:/xuhang/guan_dan/assets/scripts/manager/GameSocket.ts -> file:///D:/xuhang/guan_dan/assets/scripts/manager/UIConfig.ts  
[warning][[Build.Script.Rollup]] Circular dependency: file:///D:/xuhang/guan_dan/assets/scripts/manager/SoundManager.ts -> file:///D:/xuhang/guan_dan/assets/scripts/AppGlobal.ts -> file:///D:/xuhang/guan_dan/assets/scripts/common/utils.ts -> file:///D:/xuhang/guan_dan/assets/scripts/manager/GlobalData.ts -> file:///D:/xuhang/guan_dan/assets/scripts/manager/UIConfig.ts -> file:///D:/xuhang/guan_dan/assets/scripts/component/gameEndScoreRank/GameEndScoreRankItem.ts -> file:///D:/xuhang/guan_dan/assets/scripts/component/rank/RankScore.ts -> file:///D:/xuhang/guan_dan/assets/scripts/manager/SoundManager.ts  
[warning][[Build.Script.Rollup]] Circular dependency: file:///D:/xuhang/guan_dan/assets/scripts/manager/GlobalData.ts -> file:///D:/xuhang/guan_dan/assets/scripts/manager/UIConfig.ts -> file:///D:/xuhang/guan_dan/assets/scripts/component/gameEndScoreRank/GameEndScoreRankItem.ts -> file:///D:/xuhang/guan_dan/assets/scripts/component/rank/RankScore.ts -> file:///D:/xuhang/guan_dan/assets/scripts/component/rank/RankScorePerson.ts -> file:///D:/xuhang/guan_dan/assets/scripts/manager/GlobalData.ts  
[warning][[Build.Script.Rollup]] Circular dependency: file:///D:/xuhang/guan_dan/assets/scripts/common/utils.ts -> file:///D:/xuhang/guan_dan/assets/scripts/manager/GlobalData.ts -> file:///D:/xuhang/guan_dan/assets/scripts/manager/UIConfig.ts -> file:///D:/xuhang/guan_dan/assets/scripts/component/gameEndScoreRank/GameEndScoreRankItem.ts -> file:///D:/xuhang/guan_dan/assets/scripts/component/rank/RankScore.ts -> file:///D:/xuhang/guan_dan/assets/scripts/component/rank/RankScorePerson.ts -> file:///D:/xuhang/guan_dan/assets/scripts/component/rank/RankScorePersonSelfLine.ts -> file:///D:/xuhang/guan_dan/assets/scripts/component/LobbyUserHeadItem.ts -> file:///D:/xuhang/guan_dan/assets/scripts/common/utils.ts  
[warning][[Build.Script.Rollup]] Circular dependency: file:///D:/xuhang/guan_dan/assets/scripts/manager/GlobalData.ts -> file:///D:/xuhang/guan_dan/assets/scripts/manager/UIConfig.ts -> file:///D:/xuhang/guan_dan/assets/scripts/component/gameEndScoreRank/GameEndScoreRankItem.ts -> file:///D:/xuhang/guan_dan/assets/scripts/component/rank/RankScore.ts -> file:///D:/xuhang/guan_dan/assets/scripts/component/rank/RankScorePerson.ts -> file:///D:/xuhang/guan_dan/assets/scripts/component/rank/RankScorePersonSelfLine.ts -> file:///D:/xuhang/guan_dan/assets/scripts/component/LobbyUserHeadItem.ts -> file:///D:/xuhang/guan_dan/assets/scripts/manager/GlobalData.ts  
[warning][[Build.Script.Rollup]] Circular dependency: file:///D:/xuhang/guan_dan/assets/scripts/manager/GlobalData.ts -> file:///D:/xuhang/guan_dan/assets/scripts/manager/UIConfig.ts -> file:///D:/xuhang/guan_dan/assets/scripts/component/gameEndScoreRank/GameEndScoreRankItem.ts -> file:///D:/xuhang/guan_dan/assets/scripts/component/rank/RankScore.ts -> file:///D:/xuhang/guan_dan/assets/scripts/component/rank/RankScoreTeam.ts -> file:///D:/xuhang/guan_dan/assets/scripts/manager/GlobalData.ts  
[warning][[Build.Script.Rollup]] Circular dependency: file:///D:/xuhang/guan_dan/assets/scripts/manager/SoundManager.ts -> file:///D:/xuhang/guan_dan/assets/scripts/AppGlobal.ts -> file:///D:/xuhang/guan_dan/assets/scripts/common/utils.ts -> file:///D:/xuhang/guan_dan/assets/scripts/manager/GlobalData.ts -> file:///D:/xuhang/guan_dan/assets/scripts/manager/UIConfig.ts -> file:///D:/xuhang/guan_dan/assets/scripts/component/gameEndScoreRank/GameEndScoreRankItem.ts -> file:///D:/xuhang/guan_dan/assets/scripts/manager/SoundManager.ts  
[warning][[Build.Script.Rollup]] Circular dependency: file:///D:/xuhang/guan_dan/assets/scripts/manager/GlobalData.ts -> file:///D:/xuhang/guan_dan/assets/scripts/manager/UIConfig.ts -> file:///D:/xuhang/guan_dan/assets/scripts/component/gameEndScoreRank/GameEndScoreRankItem.ts -> file:///D:/xuhang/guan_dan/assets/scripts/component/gameEndScoreRank/GameEndScoreRankPerson.ts -> file:///D:/xuhang/guan_dan/assets/scripts/manager/GlobalData.ts  
[warning][[Build.Script.Rollup]] Circular dependency: file:///D:/xuhang/guan_dan/assets/scripts/manager/GlobalData.ts -> file:///D:/xuhang/guan_dan/assets/scripts/manager/UIConfig.ts -> file:///D:/xuhang/guan_dan/assets/scripts/component/gameEndScoreRank/GameEndScoreRankItem.ts -> file:///D:/xuhang/guan_dan/assets/scripts/component/gameEndScoreRank/GameEndScoreRankTeam.ts -> file:///D:/xuhang/guan_dan/assets/scripts/manager/GlobalData.ts  
[warning][[Build.Script.Rollup]] Circular dependency: file:///D:/xuhang/guan_dan/assets/scripts/common/utils.ts -> file:///D:/xuhang/guan_dan/assets/scripts/manager/GlobalData.ts -> file:///D:/xuhang/guan_dan/assets/scripts/manager/UIConfig.ts -> file:///D:/xuhang/guan_dan/assets/scripts/component/gameEndScoreRank/GameEndScoreRankItem.ts -> file:///D:/xuhang/guan_dan/assets/scripts/common/utils.ts  
[warning][[Build.Script.Rollup]] Circular dependency: file:///D:/xuhang/guan_dan/assets/scripts/manager/GlobalData.ts -> file:///D:/xuhang/guan_dan/assets/scripts/manager/UIConfig.ts -> file:///D:/xuhang/guan_dan/assets/scripts/component/gameEndScoreRank/GameEndScoreRankItem.ts -> file:///D:/xuhang/guan_dan/assets/scripts/manager/GlobalData.ts  
[warning][[Build.Script.Rollup]] Circular dependency: file:///D:/xuhang/guan_dan/assets/scripts/manager/UIConfig.ts -> file:///D:/xuhang/guan_dan/assets/scripts/component/gameEndScoreRank/GameEndScoreRankItem.ts -> file:///D:/xuhang/guan_dan/assets/scripts/manager/UIConfig.ts  
[warning][[Build.Script.Rollup]] Circular dependency: file:///D:/xuhang/guan_dan/assets/scripts/manager/SoundManager.ts -> file:///D:/xuhang/guan_dan/assets/scripts/AppGlobal.ts -> file:///D:/xuhang/guan_dan/assets/scripts/common/utils.ts -> file:///D:/xuhang/guan_dan/assets/scripts/manager/GlobalData.ts -> file:///D:/xuhang/guan_dan/assets/scripts/manager/UIConfig.ts -> file:///D:/xuhang/guan_dan/assets/scripts/component/gameEndScore/GameEndScoreItem.ts -> file:///D:/xuhang/guan_dan/assets/scripts/manager/SoundManager.ts  
[warning][[Build.Script.Rollup]] Circular dependency: file:///D:/xuhang/guan_dan/assets/scripts/manager/GlobalData.ts -> file:///D:/xuhang/guan_dan/assets/scripts/manager/UIConfig.ts -> file:///D:/xuhang/guan_dan/assets/scripts/component/gameEndScore/GameEndScoreItem.ts -> file:///D:/xuhang/guan_dan/assets/scripts/manager/GlobalData.ts  
[warning][[Build.Script.Rollup]] Circular dependency: file:///D:/xuhang/guan_dan/assets/scripts/manager/SoundManager.ts -> file:///D:/xuhang/guan_dan/assets/scripts/AppGlobal.ts -> file:///D:/xuhang/guan_dan/assets/scripts/common/utils.ts -> file:///D:/xuhang/guan_dan/assets/scripts/manager/GlobalData.ts -> file:///D:/xuhang/guan_dan/assets/scripts/manager/UIConfig.ts -> file:///D:/xuhang/guan_dan/assets/scripts/component/gameEndKick/GameEndKickItem.ts -> file:///D:/xuhang/guan_dan/assets/scripts/manager/SoundManager.ts  
[warning][[Build.Script.Rollup]] Circular dependency: file:///D:/xuhang/guan_dan/assets/scripts/common/utils.ts -> file:///D:/xuhang/guan_dan/assets/scripts/manager/GlobalData.ts -> file:///D:/xuhang/guan_dan/assets/scripts/manager/UIConfig.ts -> file:///D:/xuhang/guan_dan/assets/scripts/component/gameEndKick/GameEndKickItem.ts -> file:///D:/xuhang/guan_dan/assets/scripts/component/gameEndKick/GameEndKickHeadItem.ts -> file:///D:/xuhang/guan_dan/assets/scripts/common/utils.ts  
[warning][[Build.Script.Rollup]] Circular dependency: file:///D:/xuhang/guan_dan/assets/scripts/manager/GlobalData.ts -> file:///D:/xuhang/guan_dan/assets/scripts/manager/UIConfig.ts -> file:///D:/xuhang/guan_dan/assets/scripts/component/gameEndKick/GameEndKickItem.ts -> file:///D:/xuhang/guan_dan/assets/scripts/manager/GlobalData.ts  
[warning][[Build.Script.Rollup]] Circular dependency: file:///D:/xuhang/guan_dan/assets/scripts/manager/UIConfig.ts -> file:///D:/xuhang/guan_dan/assets/scripts/component/gameEndKick/GameEndKickItem.ts -> file:///D:/xuhang/guan_dan/assets/scripts/manager/UIConfig.ts  
[warning][[Build.Script.Rollup]] Circular dependency: file:///D:/xuhang/guan_dan/assets/scripts/manager/SoundManager.ts -> file:///D:/xuhang/guan_dan/assets/scripts/AppGlobal.ts -> file:///D:/xuhang/guan_dan/assets/scripts/common/utils.ts -> file:///D:/xuhang/guan_dan/assets/scripts/manager/GlobalData.ts -> file:///D:/xuhang/guan_dan/assets/scripts/manager/UIConfig.ts -> file:///D:/xuhang/guan_dan/assets/scripts/component/gameEndKickUp/GameEndKickUpItem.ts -> file:///D:/xuhang/guan_dan/assets/scripts/manager/SoundManager.ts  
[warning][[Build.Script.Rollup]] Circular dependency: file:///D:/xuhang/guan_dan/assets/scripts/manager/GlobalData.ts -> file:///D:/xuhang/guan_dan/assets/scripts/manager/UIConfig.ts -> file:///D:/xuhang/guan_dan/assets/scripts/component/gameEndKickUp/GameEndKickUpItem.ts -> file:///D:/xuhang/guan_dan/assets/scripts/manager/GlobalData.ts  
[warning][[Build.Script.Rollup]] Circular dependency: file:///D:/xuhang/guan_dan/assets/scripts/manager/UIConfig.ts -> file:///D:/xuhang/guan_dan/assets/scripts/component/gameEndKickUp/GameEndKickUpItem.ts -> file:///D:/xuhang/guan_dan/assets/scripts/manager/UIConfig.ts  
[warning][[Build.Script.Rollup]] Circular dependency: file:///D:/xuhang/guan_dan/assets/scripts/common/utils.ts -> file:///D:/xuhang/guan_dan/assets/scripts/manager/GlobalData.ts -> file:///D:/xuhang/guan_dan/assets/scripts/manager/UIConfig.ts -> file:///D:/xuhang/guan_dan/assets/scripts/component/gameEndKickUp/GameEndKickUpItem.ts -> file:///D:/xuhang/guan_dan/assets/scripts/common/utils.ts  
[warning][[Build.Script.Rollup]] Circular dependency: file:///D:/xuhang/guan_dan/assets/scripts/manager/SoundManager.ts -> file:///D:/xuhang/guan_dan/assets/scripts/AppGlobal.ts -> file:///D:/xuhang/guan_dan/assets/scripts/common/utils.ts -> file:///D:/xuhang/guan_dan/assets/scripts/manager/GlobalData.ts -> file:///D:/xuhang/guan_dan/assets/scripts/manager/UIConfig.ts -> file:///D:/xuhang/guan_dan/assets/scripts/component/teamUp/TeamUpItem.ts -> file:///D:/xuhang/guan_dan/assets/scripts/manager/SoundManager.ts  
[warning][[Build.Script.Rollup]] Circular dependency: file:///D:/xuhang/guan_dan/assets/scripts/common/utils.ts -> file:///D:/xuhang/guan_dan/assets/scripts/manager/GlobalData.ts -> file:///D:/xuhang/guan_dan/assets/scripts/manager/UIConfig.ts -> file:///D:/xuhang/guan_dan/assets/scripts/component/teamUp/TeamUpItem.ts -> file:///D:/xuhang/guan_dan/assets/scripts/common/utils.ts  
[warning][[Build.Script.Rollup]] Circular dependency: file:///D:/xuhang/guan_dan/assets/scripts/manager/GlobalData.ts -> file:///D:/xuhang/guan_dan/assets/scripts/manager/UIConfig.ts -> file:///D:/xuhang/guan_dan/assets/scripts/component/teamUp/TeamUpItem.ts -> file:///D:/xuhang/guan_dan/assets/scripts/manager/GlobalData.ts  
[warning][[Build.Script.Rollup]] Circular dependency: file:///D:/xuhang/guan_dan/assets/scripts/AppGlobal.ts -> file:///D:/xuhang/guan_dan/assets/scripts/common/utils.ts -> file:///D:/xuhang/guan_dan/assets/scripts/manager/GlobalData.ts -> file:///D:/xuhang/guan_dan/assets/scripts/manager/UIConfig.ts -> file:///D:/xuhang/guan_dan/assets/scripts/component/teamUp/TeamUpItem.ts -> file:///D:/xuhang/guan_dan/assets/scripts/AppGlobal.ts  
[warning][[Build.Script.Rollup]] Circular dependency: file:///D:/xuhang/guan_dan/assets/scripts/manager/GlobalData.ts -> file:///D:/xuhang/guan_dan/assets/scripts/manager/UIConfig.ts -> file:///D:/xuhang/guan_dan/assets/scripts/component/raceScore/RaceScoreItem.ts -> file:///D:/xuhang/guan_dan/assets/scripts/manager/GlobalData.ts  
[warning][[Build.Script.Rollup]] Circular dependency: file:///D:/xuhang/guan_dan/assets/scripts/manager/SoundManager.ts -> file:///D:/xuhang/guan_dan/assets/scripts/AppGlobal.ts -> file:///D:/xuhang/guan_dan/assets/scripts/common/utils.ts -> file:///D:/xuhang/guan_dan/assets/scripts/manager/GlobalData.ts -> file:///D:/xuhang/guan_dan/assets/scripts/manager/UIConfig.ts -> file:///D:/xuhang/guan_dan/assets/scripts/component/raceScore/RaceScoreItem.ts -> file:///D:/xuhang/guan_dan/assets/scripts/manager/SoundManager.ts  
[warning][[Build.Script.Rollup]] Circular dependency: file:///D:/xuhang/guan_dan/assets/scripts/common/utils.ts -> file:///D:/xuhang/guan_dan/assets/scripts/manager/GlobalData.ts -> file:///D:/xuhang/guan_dan/assets/scripts/manager/UIConfig.ts -> file:///D:/xuhang/guan_dan/assets/scripts/component/raceScore/RaceScoreItem.ts -> file:///D:/xuhang/guan_dan/assets/scripts/common/utils.ts  
[warning][[Build.Script.Rollup]] Circular dependency: file:///D:/xuhang/guan_dan/assets/scripts/manager/UIConfig.ts -> file:///D:/xuhang/guan_dan/assets/scripts/component/raceScore/RaceScoreItem.ts -> file:///D:/xuhang/guan_dan/assets/scripts/manager/UIConfig.ts  
[warning][[Build.Script.Rollup]] Circular dependency: file:///D:/xuhang/guan_dan/assets/scripts/manager/GlobalData.ts -> file:///D:/xuhang/guan_dan/assets/scripts/manager/UIConfig.ts -> file:///D:/xuhang/guan_dan/assets/scripts/component/raceKick/RaceKickItem.ts -> file:///D:/xuhang/guan_dan/assets/scripts/manager/GlobalData.ts  
[warning][[Build.Script.Rollup]] Circular dependency: file:///D:/xuhang/guan_dan/assets/scripts/manager/SoundManager.ts -> file:///D:/xuhang/guan_dan/assets/scripts/AppGlobal.ts -> file:///D:/xuhang/guan_dan/assets/scripts/common/utils.ts -> file:///D:/xuhang/guan_dan/assets/scripts/manager/GlobalData.ts -> file:///D:/xuhang/guan_dan/assets/scripts/manager/UIConfig.ts -> file:///D:/xuhang/guan_dan/assets/scripts/component/raceKick/RaceKickItem.ts -> file:///D:/xuhang/guan_dan/assets/scripts/manager/SoundManager.ts  
[warning][[Build.Script.Rollup]] Circular dependency: file:///D:/xuhang/guan_dan/assets/scripts/common/utils.ts -> file:///D:/xuhang/guan_dan/assets/scripts/manager/GlobalData.ts -> file:///D:/xuhang/guan_dan/assets/scripts/manager/UIConfig.ts -> file:///D:/xuhang/guan_dan/assets/scripts/component/raceKick/RaceKickItem.ts -> file:///D:/xuhang/guan_dan/assets/scripts/common/utils.ts  
[warning][[Build.Script.Rollup]] Circular dependency: file:///D:/xuhang/guan_dan/assets/scripts/manager/GlobalData.ts -> file:///D:/xuhang/guan_dan/assets/scripts/manager/UIConfig.ts -> file:///D:/xuhang/guan_dan/assets/scripts/component/raceKick/RaceKickItem.ts -> file:///D:/xuhang/guan_dan/assets/scripts/component/raceKick/RaceKickLineItem.ts -> file:///D:/xuhang/guan_dan/assets/scripts/manager/GlobalData.ts  
[warning][[Build.Script.Rollup]] Circular dependency: file:///D:/xuhang/guan_dan/assets/scripts/manager/SoundManager.ts -> file:///D:/xuhang/guan_dan/assets/scripts/AppGlobal.ts -> file:///D:/xuhang/guan_dan/assets/scripts/common/utils.ts -> file:///D:/xuhang/guan_dan/assets/scripts/manager/GlobalData.ts -> file:///D:/xuhang/guan_dan/assets/scripts/manager/UIConfig.ts -> file:///D:/xuhang/guan_dan/assets/scripts/component/raceKick/RaceKickItem.ts -> file:///D:/xuhang/guan_dan/assets/scripts/component/raceKick/RaceKickLineItem.ts -> file:///D:/xuhang/guan_dan/assets/scripts/manager/SoundManager.ts  
[warning][[Build.Script.Rollup]] Circular dependency: file:///D:/xuhang/guan_dan/assets/scripts/common/utils.ts -> file:///D:/xuhang/guan_dan/assets/scripts/manager/GlobalData.ts -> file:///D:/xuhang/guan_dan/assets/scripts/manager/UIConfig.ts -> file:///D:/xuhang/guan_dan/assets/scripts/component/raceKick/RaceKickItem.ts -> file:///D:/xuhang/guan_dan/assets/scripts/component/raceKick/RaceKickLineItem.ts -> file:///D:/xuhang/guan_dan/assets/scripts/common/utils.ts  
[warning][[Build.Script.Rollup]] Circular dependency: file:///D:/xuhang/guan_dan/assets/scripts/manager/UIConfig.ts -> file:///D:/xuhang/guan_dan/assets/scripts/component/raceKick/RaceKickItem.ts -> file:///D:/xuhang/guan_dan/assets/scripts/manager/UIConfig.ts  
[warning][[Build.Script.Rollup]] Circular dependency: file:///D:/xuhang/guan_dan/assets/scripts/manager/SoundManager.ts -> file:///D:/xuhang/guan_dan/assets/scripts/AppGlobal.ts -> file:///D:/xuhang/guan_dan/assets/scripts/common/utils.ts -> file:///D:/xuhang/guan_dan/assets/scripts/manager/GlobalData.ts -> file:///D:/xuhang/guan_dan/assets/scripts/manager/UIConfig.ts -> file:///D:/xuhang/guan_dan/assets/scripts/component/MessageBoxCommonTest.ts -> file:///D:/xuhang/guan_dan/assets/scripts/manager/SoundManager.ts  
[warning][[Build.Script.Rollup]] Circular dependency: file:///D:/xuhang/guan_dan/assets/scripts/manager/SoundManager.ts -> file:///D:/xuhang/guan_dan/assets/scripts/AppGlobal.ts -> file:///D:/xuhang/guan_dan/assets/scripts/common/utils.ts -> file:///D:/xuhang/guan_dan/assets/scripts/manager/GlobalData.ts -> file:///D:/xuhang/guan_dan/assets/scripts/manager/UIConfig.ts -> file:///D:/xuhang/guan_dan/assets/scripts/component/CreateTeamItem.ts -> file:///D:/xuhang/guan_dan/assets/scripts/manager/SoundManager.ts  
[warning][[Build.Script.Rollup]] Circular dependency: file:///D:/xuhang/guan_dan/assets/scripts/manager/SoundManager.ts -> file:///D:/xuhang/guan_dan/assets/scripts/AppGlobal.ts -> file:///D:/xuhang/guan_dan/assets/scripts/common/utils.ts -> file:///D:/xuhang/guan_dan/assets/scripts/manager/GlobalData.ts -> file:///D:/xuhang/guan_dan/assets/scripts/manager/UIConfig.ts -> file:///D:/xuhang/guan_dan/assets/scripts/component/gameStartNotice/GameStartNotice.ts -> file:///D:/xuhang/guan_dan/assets/scripts/manager/SoundManager.ts  
[warning][[Build.Script.Rollup]] Circular dependency: file:///D:/xuhang/guan_dan/assets/scripts/common/utils.ts -> file:///D:/xuhang/guan_dan/assets/scripts/manager/GlobalData.ts -> file:///D:/xuhang/guan_dan/assets/scripts/manager/UIConfig.ts -> file:///D:/xuhang/guan_dan/assets/scripts/component/gameStartNotice/GameStartNotice.ts -> file:///D:/xuhang/guan_dan/assets/scripts/common/utils.ts  
[warning][[Build.Script.Rollup]] Circular dependency: file:///D:/xuhang/guan_dan/assets/scripts/manager/SoundManager.ts -> file:///D:/xuhang/guan_dan/assets/scripts/AppGlobal.ts -> file:///D:/xuhang/guan_dan/assets/scripts/common/utils.ts -> file:///D:/xuhang/guan_dan/assets/scripts/manager/GlobalData.ts -> file:///D:/xuhang/guan_dan/assets/scripts/manager/UIConfig.ts -> file:///D:/xuhang/guan_dan/assets/scripts/component/gameStartNotice/FreeUpItem.ts -> file:///D:/xuhang/guan_dan/assets/scripts/manager/SoundManager.ts  
[warning][[Build.Script.Rollup]] Circular dependency: file:///D:/xuhang/guan_dan/assets/scripts/manager/GlobalData.ts -> file:///D:/xuhang/guan_dan/assets/scripts/manager/UIConfig.ts -> file:///D:/xuhang/guan_dan/assets/scripts/component/gameStartNotice/FreeUpItem.ts -> file:///D:/xuhang/guan_dan/assets/scripts/manager/GlobalData.ts  
[warning][[Build.Script.Rollup]] Circular dependency: file:///D:/xuhang/guan_dan/assets/scripts/manager/SoundManager.ts -> file:///D:/xuhang/guan_dan/assets/scripts/AppGlobal.ts -> file:///D:/xuhang/guan_dan/assets/scripts/common/utils.ts -> file:///D:/xuhang/guan_dan/assets/scripts/manager/GlobalData.ts -> file:///D:/xuhang/guan_dan/assets/scripts/manager/UIConfig.ts -> file:///D:/xuhang/guan_dan/assets/scripts/component/rankRace/RankRaceItem.ts -> file:///D:/xuhang/guan_dan/assets/scripts/manager/SoundManager.ts  
[warning][[Build.Script.Rollup]] Circular dependency: file:///D:/xuhang/guan_dan/assets/scripts/manager/GlobalData.ts -> file:///D:/xuhang/guan_dan/assets/scripts/manager/UIConfig.ts -> file:///D:/xuhang/guan_dan/assets/scripts/component/rankRace/RankRaceItem.ts -> file:///D:/xuhang/guan_dan/assets/scripts/component/rankRace/RankRaceKickItem.ts -> file:///D:/xuhang/guan_dan/assets/scripts/manager/GlobalData.ts  
[warning][[Build.Script.Rollup]] Circular dependency: file:///D:/xuhang/guan_dan/assets/scripts/manager/GlobalData.ts -> file:///D:/xuhang/guan_dan/assets/scripts/manager/UIConfig.ts -> file:///D:/xuhang/guan_dan/assets/scripts/component/rankRace/RankRaceItem.ts -> file:///D:/xuhang/guan_dan/assets/scripts/component/rankRace/RankRaceScoreItem.ts -> file:///D:/xuhang/guan_dan/assets/scripts/manager/GlobalData.ts  
[warning][[Build.Script.Rollup]] Circular dependency: file:///D:/xuhang/guan_dan/assets/scripts/manager/GlobalData.ts -> file:///D:/xuhang/guan_dan/assets/scripts/manager/UIConfig.ts -> file:///D:/xuhang/guan_dan/assets/scripts/component/rankRace/RankRaceItem.ts -> file:///D:/xuhang/guan_dan/assets/scripts/component/rankRace/RankRaceAuditionItem.ts -> file:///D:/xuhang/guan_dan/assets/scripts/manager/GlobalData.ts  
[warning][[Build.Script.Rollup]] Circular dependency: file:///D:/xuhang/guan_dan/assets/scripts/manager/GlobalData.ts -> file:///D:/xuhang/guan_dan/assets/scripts/manager/UIConfig.ts -> file:///D:/xuhang/guan_dan/assets/scripts/component/rank/RankKick.ts -> file:///D:/xuhang/guan_dan/assets/scripts/manager/GlobalData.ts  
[warning][[Build.Script.Rollup]] Circular dependency: file:///D:/xuhang/guan_dan/assets/scripts/manager/SoundManager.ts -> file:///D:/xuhang/guan_dan/assets/scripts/AppGlobal.ts -> file:///D:/xuhang/guan_dan/assets/scripts/common/utils.ts -> file:///D:/xuhang/guan_dan/assets/scripts/manager/GlobalData.ts -> file:///D:/xuhang/guan_dan/assets/scripts/manager/UIConfig.ts -> file:///D:/xuhang/guan_dan/assets/scripts/component/rank/RankKick.ts -> file:///D:/xuhang/guan_dan/assets/scripts/manager/SoundManager.ts  
[warning][[Build.Script.Rollup]] Circular dependency: file:///D:/xuhang/guan_dan/assets/scripts/manager/GlobalData.ts -> file:///D:/xuhang/guan_dan/assets/scripts/manager/UIConfig.ts -> file:///D:/xuhang/guan_dan/assets/scripts/component/raceAudition/RaceAuditionItem.ts -> file:///D:/xuhang/guan_dan/assets/scripts/manager/GlobalData.ts  
[warning][[Build.Script.Rollup]] Circular dependency: file:///D:/xuhang/guan_dan/assets/scripts/manager/SoundManager.ts -> file:///D:/xuhang/guan_dan/assets/scripts/AppGlobal.ts -> file:///D:/xuhang/guan_dan/assets/scripts/common/utils.ts -> file:///D:/xuhang/guan_dan/assets/scripts/manager/GlobalData.ts -> file:///D:/xuhang/guan_dan/assets/scripts/manager/UIConfig.ts -> file:///D:/xuhang/guan_dan/assets/scripts/component/raceAudition/RaceAuditionItem.ts -> file:///D:/xuhang/guan_dan/assets/scripts/manager/SoundManager.ts  
[warning][[Build.Script.Rollup]] Circular dependency: file:///D:/xuhang/guan_dan/assets/scripts/common/utils.ts -> file:///D:/xuhang/guan_dan/assets/scripts/manager/GlobalData.ts -> file:///D:/xuhang/guan_dan/assets/scripts/manager/UIConfig.ts -> file:///D:/xuhang/guan_dan/assets/scripts/component/raceAudition/RaceAuditionItem.ts -> file:///D:/xuhang/guan_dan/assets/scripts/common/utils.ts  
[warning][[Build.Script.Rollup]] Circular dependency: file:///D:/xuhang/guan_dan/assets/scripts/manager/GlobalData.ts -> file:///D:/xuhang/guan_dan/assets/scripts/manager/UIConfig.ts -> file:///D:/xuhang/guan_dan/assets/scripts/component/rank/RankAuditionItem.ts -> file:///D:/xuhang/guan_dan/assets/scripts/manager/GlobalData.ts  
[warning][[Build.Script.Rollup]] Circular dependency: file:///D:/xuhang/guan_dan/assets/scripts/manager/SoundManager.ts -> file:///D:/xuhang/guan_dan/assets/scripts/AppGlobal.ts -> file:///D:/xuhang/guan_dan/assets/scripts/common/utils.ts -> file:///D:/xuhang/guan_dan/assets/scripts/manager/GlobalData.ts -> file:///D:/xuhang/guan_dan/assets/scripts/manager/UIConfig.ts -> file:///D:/xuhang/guan_dan/assets/scripts/component/rank/RankAuditionItem.ts -> file:///D:/xuhang/guan_dan/assets/scripts/manager/SoundManager.ts  
[warning][[Build.Script.Rollup]] Circular dependency: file:///D:/xuhang/guan_dan/assets/scripts/manager/SoundManager.ts -> file:///D:/xuhang/guan_dan/assets/scripts/AppGlobal.ts -> file:///D:/xuhang/guan_dan/assets/scripts/common/utils.ts -> file:///D:/xuhang/guan_dan/assets/scripts/manager/GlobalData.ts -> file:///D:/xuhang/guan_dan/assets/scripts/manager/UIConfig.ts -> file:///D:/xuhang/guan_dan/assets/scripts/component/gameEndAudition/GameEndAuditionItem.ts -> file:///D:/xuhang/guan_dan/assets/scripts/manager/SoundManager.ts  
[warning][[Build.Script.Rollup]] Circular dependency: file:///D:/xuhang/guan_dan/assets/scripts/common/utils.ts -> file:///D:/xuhang/guan_dan/assets/scripts/manager/GlobalData.ts -> file:///D:/xuhang/guan_dan/assets/scripts/manager/UIConfig.ts -> file:///D:/xuhang/guan_dan/assets/scripts/component/gameEndAudition/GameEndAuditionItem.ts -> file:///D:/xuhang/guan_dan/assets/scripts/common/utils.ts  
[warning][[Build.Script.Rollup]] Circular dependency: file:///D:/xuhang/guan_dan/assets/scripts/manager/UIConfig.ts -> file:///D:/xuhang/guan_dan/assets/scripts/component/gameEndAudition/GameEndAuditionItem.ts -> file:///D:/xuhang/guan_dan/assets/scripts/manager/UIConfig.ts  
[warning][[Build.Script.Rollup]] Circular dependency: file:///D:/xuhang/guan_dan/assets/scripts/manager/GlobalData.ts -> file:///D:/xuhang/guan_dan/assets/scripts/manager/UIConfig.ts -> file:///D:/xuhang/guan_dan/assets/scripts/component/gameEndAudition/GameEndAuditionItem.ts -> file:///D:/xuhang/guan_dan/assets/scripts/manager/GlobalData.ts  
[warning][[Build.Script.Rollup]] Circular dependency: file:///D:/xuhang/guan_dan/assets/scripts/common/utils.ts -> file:///D:/xuhang/guan_dan/assets/scripts/manager/GlobalData.ts -> file:///D:/xuhang/guan_dan/assets/scripts/manager/UIConfig.ts -> file:///D:/xuhang/guan_dan/assets/scripts/component/gameEndAudition/GameEndAuditionItem.ts -> file:///D:/xuhang/guan_dan/assets/scripts/component/gameEndAudition/GameEndAuditionHeadItem.ts -> file:///D:/xuhang/guan_dan/assets/scripts/common/utils.ts  
[warning][[Build.Script.Rollup]] Circular dependency: file:///D:/xuhang/guan_dan/assets/scripts/manager/SoundManager.ts -> file:///D:/xuhang/guan_dan/assets/scripts/AppGlobal.ts -> file:///D:/xuhang/guan_dan/assets/scripts/common/utils.ts -> file:///D:/xuhang/guan_dan/assets/scripts/manager/GlobalData.ts -> file:///D:/xuhang/guan_dan/assets/scripts/manager/UIConfig.ts -> file:///D:/xuhang/guan_dan/assets/scripts/component/match/FreeMatchItem.ts -> file:///D:/xuhang/guan_dan/assets/scripts/manager/SoundManager.ts  
[warning][[Build.Script.Rollup]] Circular dependency: file:///D:/xuhang/guan_dan/assets/scripts/manager/GlobalData.ts -> file:///D:/xuhang/guan_dan/assets/scripts/manager/UIConfig.ts -> file:///D:/xuhang/guan_dan/assets/scripts/component/match/FreeMatchItem.ts -> file:///D:/xuhang/guan_dan/assets/scripts/manager/GlobalData.ts  
[warning][[Build.Script.Rollup]] Circular dependency: file:///D:/xuhang/guan_dan/assets/scripts/manager/SoundManager.ts -> file:///D:/xuhang/guan_dan/assets/scripts/AppGlobal.ts -> file:///D:/xuhang/guan_dan/assets/scripts/common/utils.ts -> file:///D:/xuhang/guan_dan/assets/scripts/manager/GlobalData.ts -> file:///D:/xuhang/guan_dan/assets/scripts/manager/UIConfig.ts -> file:///D:/xuhang/guan_dan/assets/scripts/component/match/AuditionMatchItem.ts -> file:///D:/xuhang/guan_dan/assets/scripts/manager/SoundManager.ts  
[warning][[Build.Script.Rollup]] Circular dependency: file:///D:/xuhang/guan_dan/assets/scripts/manager/GlobalData.ts -> file:///D:/xuhang/guan_dan/assets/scripts/manager/UIConfig.ts -> file:///D:/xuhang/guan_dan/assets/scripts/component/match/AuditionMatchItem.ts -> file:///D:/xuhang/guan_dan/assets/scripts/manager/GlobalData.ts  
[warning][[Build.Script.Rollup]] Circular dependency: file:///D:/xuhang/guan_dan/assets/scripts/manager/UIConfig.ts -> file:///D:/xuhang/guan_dan/assets/scripts/component/activity/signInViewItem.ts -> file:///D:/xuhang/guan_dan/assets/scripts/manager/UIConfig.ts  
[warning][[Build.Script.Rollup]] Circular dependency: file:///D:/xuhang/guan_dan/assets/scripts/manager/GlobalData.ts -> file:///D:/xuhang/guan_dan/assets/scripts/manager/UIConfig.ts -> file:///D:/xuhang/guan_dan/assets/scripts/component/activity/shareViewItem.ts -> file:///D:/xuhang/guan_dan/assets/scripts/manager/GlobalData.ts  
[warning][[Build.Script.Rollup]] Circular dependency: file:///D:/xuhang/guan_dan/assets/scripts/manager/UIConfig.ts -> file:///D:/xuhang/guan_dan/assets/scripts/component/activity/shareViewItem.ts -> file:///D:/xuhang/guan_dan/assets/scripts/manager/UIConfig.ts  
[warning][[Build.Script.Rollup]] Circular dependency: file:///D:/xuhang/guan_dan/assets/scripts/manager/GlobalData.ts -> file:///D:/xuhang/guan_dan/assets/scripts/manager/UIConfig.ts -> file:///D:/xuhang/guan_dan/assets/scripts/component/GetItem.ts -> file:///D:/xuhang/guan_dan/assets/scripts/manager/GlobalData.ts  
[warning][[Build.Script.Rollup]] Circular dependency: file:///D:/xuhang/guan_dan/assets/scripts/common/utils.ts -> file:///D:/xuhang/guan_dan/assets/scripts/manager/GlobalData.ts -> file:///D:/xuhang/guan_dan/assets/scripts/manager/UIConfig.ts -> file:///D:/xuhang/guan_dan/assets/scripts/component/GetItem.ts -> file:///D:/xuhang/guan_dan/assets/scripts/common/utils.ts  
[warning][[Build.Script.Rollup]] Circular dependency: file:///D:/xuhang/guan_dan/assets/scripts/manager/UIConfig.ts -> file:///D:/xuhang/guan_dan/assets/scripts/component/activity/exchangeViewItem.ts -> file:///D:/xuhang/guan_dan/assets/scripts/manager/UIConfig.ts  
[warning][[Build.Script.Rollup]] Circular dependency: file:///D:/xuhang/guan_dan/assets/scripts/manager/GlobalData.ts -> file:///D:/xuhang/guan_dan/assets/scripts/manager/UIConfig.ts -> file:///D:/xuhang/guan_dan/assets/scripts/component/activity/exchangeViewItem.ts -> file:///D:/xuhang/guan_dan/assets/scripts/manager/GlobalData.ts  
[warning][[Build.Script.Rollup]] Circular dependency: file:///D:/xuhang/guan_dan/assets/scripts/common/utils.ts -> file:///D:/xuhang/guan_dan/assets/scripts/manager/GlobalData.ts -> file:///D:/xuhang/guan_dan/assets/scripts/manager/UIConfig.ts -> file:///D:/xuhang/guan_dan/assets/scripts/component/activity/exchangeViewItem.ts -> file:///D:/xuhang/guan_dan/assets/scripts/common/utils.ts  
[warning][[Build.Script.Rollup]] Circular dependency: file:///D:/xuhang/guan_dan/assets/scripts/manager/GlobalData.ts -> file:///D:/xuhang/guan_dan/assets/scripts/manager/UIConfig.ts -> file:///D:/xuhang/guan_dan/assets/scripts/component/activity/exchangeRecordViewItem.ts -> file:///D:/xuhang/guan_dan/assets/scripts/manager/GlobalData.ts  
[warning][[Build.Script.Rollup]] Circular dependency: file:///D:/xuhang/guan_dan/assets/scripts/manager/GlobalData.ts -> file:///D:/xuhang/guan_dan/assets/scripts/manager/UIConfig.ts -> file:///D:/xuhang/guan_dan/assets/scripts/component/activity/shareRecordViewItem.ts -> file:///D:/xuhang/guan_dan/assets/scripts/manager/GlobalData.ts  
[warning][[Build.Script.Rollup]] Circular dependency: file:///D:/xuhang/guan_dan/assets/scripts/common/utils.ts -> file:///D:/xuhang/guan_dan/assets/scripts/manager/GlobalData.ts -> file:///D:/xuhang/guan_dan/assets/scripts/manager/UIConfig.ts -> file:///D:/xuhang/guan_dan/assets/scripts/component/activity/shareRecordViewItem.ts -> file:///D:/xuhang/guan_dan/assets/scripts/common/utils.ts  
[warning][[Build.Script.Rollup]] Circular dependency: file:///D:/xuhang/guan_dan/assets/scripts/component/activity/activityViewItem.ts -> file:///D:/xuhang/guan_dan/assets/scripts/manager/SoundManager.ts -> file:///D:/xuhang/guan_dan/assets/scripts/AppGlobal.ts -> file:///D:/xuhang/guan_dan/assets/scripts/common/utils.ts -> file:///D:/xuhang/guan_dan/assets/scripts/manager/GlobalData.ts -> file:///D:/xuhang/guan_dan/assets/scripts/manager/UIConfig.ts -> file:///D:/xuhang/guan_dan/assets/scripts/component/activity/activityViewItem.ts  
[warning][[Build.Script.Rollup]] Circular dependency: file:///D:/xuhang/guan_dan/assets/scripts/manager/SoundManager.ts -> file:///D:/xuhang/guan_dan/assets/scripts/AppGlobal.ts -> file:///D:/xuhang/guan_dan/assets/scripts/platform/platform.ts -> file:///D:/xuhang/guan_dan/assets/scripts/manager/SoundManager.ts  
  
at Object.encode (C:\ProgramData\cocos\editors\Creator\3.6.0\resources\app.asar\node_modules\@base\electron-worker\node_modules\v-stacks\index.js:14:17)  
at Logger._logHandler (C:\ProgramData\cocos\editors\Creator\3.6.0\resources\app.asar\node_modules\@base\electron-worker\static\script.ccc:1:531)  
at Logger.record (C:\ProgramData\cocos\editors\Creator\3.6.0\resources\app.asar\node_modules\@base\electron-logger\lib\renderer.ccc:1:458)  
at Object.warn (C:\ProgramData\cocos\editors\Creator\3.6.0\resources\app.asar\node_modules\@base\electron-logger\lib\renderer.ccc:1:1260)  
at NewConsole.warn (C:\ProgramData\cocos\editors\Creator\3.6.0\resources\app.asar\builtin\builder\dist\worker\console.ccc:1:1306)  
at Socket.<anonymous> (C:\ProgramData\cocos\editors\Creator\3.6.0\resources\app.asar\builtin\builder\dist\worker\worker-pools\sub-process-manager.ccc:1:2640)  
at Socket.emit (events.js:315:20)  
at addChunk (internal/streams/readable.js:309:12)  
at readableAddChunk (internal/streams/readable.js:284:9)  
at Socket.Readable.push (internal/streams/readable.js:223:10)
2025-08-30T05:58:48.306Z - warn: [Build] [build-script]Unexpected: entry chunk name gameMsg.mjs_cjs=&original= is not in list.
[warning]Unexpected: entry chunk name long.mjs_cjs=&original= is not in list.
[Build] [build-script]Unexpected: entry chunk name gameMsg.mjs_cjs=&original= is not in list.
[warning]Unexpected: entry chunk name long.mjs_cjs=&original= is not in list.
  
at Logger.record (C:\ProgramData\cocos\editors\Creator\3.6.0\resources\app.asar\node_modules\@base\electron-logger\lib\renderer.ccc:1:458)  
at Object.warn (C:\ProgramData\cocos\editors\Creator\3.6.0\resources\app.asar\node_modules\@base\electron-logger\lib\renderer.ccc:1:1260)  
at NewConsole.warn (C:\ProgramData\cocos\editors\Creator\3.6.0\resources\app.asar\builtin\builder\dist\worker\console.ccc:1:1306)  
at Socket.<anonymous> (C:\ProgramData\cocos\editors\Creator\3.6.0\resources\app.asar\builtin\builder\dist\worker\worker-pools\sub-process-manager.ccc:1:2640)  
at Socket.emit (events.js:315:20)  
at addChunk (internal/streams/readable.js:309:12)  
at readableAddChunk (internal/streams/readable.js:284:9)  
at Socket.Readable.push (internal/streams/readable.js:223:10)
2025-08-30T05:58:48.457Z - warn: [Build] 资源 {asset(db://assets/resources/texture/big/bg.jpg)} 与资源 {asset(db://assets/resources/texture/big/bg.png)} 的动态加载 URL 相同(texture/big/bg)，请调整目录结构来避免动态加载资源时出现异常。[Build] 资源 {asset(db://assets/resources/texture/big/bg.jpg)} 与资源 {asset(db://assets/resources/texture/big/bg.png)} 的动态加载 URL 相同(texture/big/bg)，请调整目录结构来避免动态加载资源时出现异常。  
at NewConsole.warn (C:\ProgramData\cocos\editors\Creator\3.6.0\resources\app.asar\builtin\builder\dist\worker\console.ccc:1:1306)  
at o (C:\ProgramData\cocos\editors\Creator\3.6.0\resources\app.asar\builtin\builder\dist\worker\builder\setting-task\group.ccc:1:497)  
at C:\ProgramData\cocos\editors\Creator\3.6.0\resources\app.asar\builtin\builder\dist\worker\builder\setting-task\group.ccc:1:735  
at Array.forEach (<anonymous>)  
at BuildTask.handle (C:\ProgramData\cocos\editors\Creator\3.6.0\resources\app.asar\builtin\builder\dist\worker\builder\setting-task\group.ccc:1:618)  
at BuildTask.runBuildTask (C:\ProgramData\cocos\editors\Creator\3.6.0\resources\app.asar\builtin\builder\dist\worker\builder\index.ccc:1:7308)
2025-08-30T05:58:48.457Z - warn: [Build] 资源 {asset(db://assets/resources/texture/big/bg.jpg/texture)} 与资源 {asset(db://assets/resources/texture/big/bg.png/texture)} 的动态加载 URL 相同(texture/big/bg/texture)，请调整目录结构来避免动态加载资源时出现异常。[Build] 资源 {asset(db://assets/resources/texture/big/bg.jpg/texture)} 与资源 {asset(db://assets/resources/texture/big/bg.png/texture)} 的动态加载 URL 相同(texture/big/bg/texture)，请调整目录结构来避免动态加载资源时出现异常。  
at NewConsole.warn (C:\ProgramData\cocos\editors\Creator\3.6.0\resources\app.asar\builtin\builder\dist\worker\console.ccc:1:1306)  
at o (C:\ProgramData\cocos\editors\Creator\3.6.0\resources\app.asar\builtin\builder\dist\worker\builder\setting-task\group.ccc:1:497)  
at C:\ProgramData\cocos\editors\Creator\3.6.0\resources\app.asar\builtin\builder\dist\worker\builder\setting-task\group.ccc:1:735  
at Array.forEach (<anonymous>)  
at BuildTask.handle (C:\ProgramData\cocos\editors\Creator\3.6.0\resources\app.asar\builtin\builder\dist\worker\builder\setting-task\group.ccc:1:618)  
at BuildTask.runBuildTask (C:\ProgramData\cocos\editors\Creator\3.6.0\resources\app.asar\builtin\builder\dist\worker\builder\index.ccc:1:7308)
2025-08-30T05:58:48.458Z - warn: [Build] 资源 {asset(db://assets/resources/texture/big/bg.jpg/spriteFrame)} 与资源 {asset(db://assets/resources/texture/big/bg.png/spriteFrame)} 的动态加载 URL 相同(texture/big/bg/spriteFrame)，请调整目录结构来避免动态加载资源时出现异常。[Build] 资源 {asset(db://assets/resources/texture/big/bg.jpg/spriteFrame)} 与资源 {asset(db://assets/resources/texture/big/bg.png/spriteFrame)} 的动态加载 URL 相同(texture/big/bg/spriteFrame)，请调整目录结构来避免动态加载资源时出现异常。  
at NewConsole.warn (C:\ProgramData\cocos\editors\Creator\3.6.0\resources\app.asar\builtin\builder\dist\worker\console.ccc:1:1306)  
at o (C:\ProgramData\cocos\editors\Creator\3.6.0\resources\app.asar\builtin\builder\dist\worker\builder\setting-task\group.ccc:1:497)  
at C:\ProgramData\cocos\editors\Creator\3.6.0\resources\app.asar\builtin\builder\dist\worker\builder\setting-task\group.ccc:1:735  
at Array.forEach (<anonymous>)  
at BuildTask.handle (C:\ProgramData\cocos\editors\Creator\3.6.0\resources\app.asar\builtin\builder\dist\worker\builder\setting-task\group.ccc:1:618)  
at BuildTask.runBuildTask (C:\ProgramData\cocos\editors\Creator\3.6.0\resources\app.asar\builtin\builder\dist\worker\builder\index.ccc:1:7308)
2025-08-30T07:29:25.338Z - error: getImSetting failed
2025-08-30T07:34:25.114Z - error: getImSetting failed
2025-08-30T08:24:25.108Z - error: getImSetting failed
2025-08-30T08:29:25.142Z - error: getImSetting failed
2025-08-30T09:04:25.172Z - error: getImSetting failed
2025-08-30T09:09:25.726Z - error: getImSetting failed
2025-08-30T09:26:28.812Z - warn: [Build] 资源 {asset(db://assets/resources/texture/big/bg.jpg)} 与资源 {asset(db://assets/resources/texture/big/bg.png)} 的动态加载 URL 相同(texture/big/bg)，请调整目录结构来避免动态加载资源时出现异常。[Build] 资源 {asset(db://assets/resources/texture/big/bg.jpg)} 与资源 {asset(db://assets/resources/texture/big/bg.png)} 的动态加载 URL 相同(texture/big/bg)，请调整目录结构来避免动态加载资源时出现异常。  
at NewConsole.warn (C:\ProgramData\cocos\editors\Creator\3.6.0\resources\app.asar\builtin\builder\dist\worker\console.ccc:1:1306)  
at o (C:\ProgramData\cocos\editors\Creator\3.6.0\resources\app.asar\builtin\builder\dist\worker\builder\setting-task\group.ccc:1:497)  
at C:\ProgramData\cocos\editors\Creator\3.6.0\resources\app.asar\builtin\builder\dist\worker\builder\setting-task\group.ccc:1:735  
at Array.forEach (<anonymous>)  
at BuildTask.handle (C:\ProgramData\cocos\editors\Creator\3.6.0\resources\app.asar\builtin\builder\dist\worker\builder\setting-task\group.ccc:1:618)  
at BuildTask.runBuildTask (C:\ProgramData\cocos\editors\Creator\3.6.0\resources\app.asar\builtin\builder\dist\worker\builder\index.ccc:1:7308)
2025-08-30T09:26:28.814Z - warn: [Build] 资源 {asset(db://assets/resources/texture/big/bg.jpg/texture)} 与资源 {asset(db://assets/resources/texture/big/bg.png/texture)} 的动态加载 URL 相同(texture/big/bg/texture)，请调整目录结构来避免动态加载资源时出现异常。[Build] 资源 {asset(db://assets/resources/texture/big/bg.jpg/texture)} 与资源 {asset(db://assets/resources/texture/big/bg.png/texture)} 的动态加载 URL 相同(texture/big/bg/texture)，请调整目录结构来避免动态加载资源时出现异常。  
at NewConsole.warn (C:\ProgramData\cocos\editors\Creator\3.6.0\resources\app.asar\builtin\builder\dist\worker\console.ccc:1:1306)  
at o (C:\ProgramData\cocos\editors\Creator\3.6.0\resources\app.asar\builtin\builder\dist\worker\builder\setting-task\group.ccc:1:497)  
at C:\ProgramData\cocos\editors\Creator\3.6.0\resources\app.asar\builtin\builder\dist\worker\builder\setting-task\group.ccc:1:735  
at Array.forEach (<anonymous>)  
at BuildTask.handle (C:\ProgramData\cocos\editors\Creator\3.6.0\resources\app.asar\builtin\builder\dist\worker\builder\setting-task\group.ccc:1:618)  
at BuildTask.runBuildTask (C:\ProgramData\cocos\editors\Creator\3.6.0\resources\app.asar\builtin\builder\dist\worker\builder\index.ccc:1:7308)
2025-08-30T09:26:28.814Z - warn: [Build] 资源 {asset(db://assets/resources/texture/big/bg.jpg/spriteFrame)} 与资源 {asset(db://assets/resources/texture/big/bg.png/spriteFrame)} 的动态加载 URL 相同(texture/big/bg/spriteFrame)，请调整目录结构来避免动态加载资源时出现异常。[Build] 资源 {asset(db://assets/resources/texture/big/bg.jpg/spriteFrame)} 与资源 {asset(db://assets/resources/texture/big/bg.png/spriteFrame)} 的动态加载 URL 相同(texture/big/bg/spriteFrame)，请调整目录结构来避免动态加载资源时出现异常。  
at NewConsole.warn (C:\ProgramData\cocos\editors\Creator\3.6.0\resources\app.asar\builtin\builder\dist\worker\console.ccc:1:1306)  
at o (C:\ProgramData\cocos\editors\Creator\3.6.0\resources\app.asar\builtin\builder\dist\worker\builder\setting-task\group.ccc:1:497)  
at C:\ProgramData\cocos\editors\Creator\3.6.0\resources\app.asar\builtin\builder\dist\worker\builder\setting-task\group.ccc:1:735  
at Array.forEach (<anonymous>)  
at BuildTask.handle (C:\ProgramData\cocos\editors\Creator\3.6.0\resources\app.asar\builtin\builder\dist\worker\builder\setting-task\group.ccc:1:618)  
at BuildTask.runBuildTask (C:\ProgramData\cocos\editors\Creator\3.6.0\resources\app.asar\builtin\builder\dist\worker\builder\index.ccc:1:7308)
2025-08-30T09:26:32.981Z - warn: [Build] 资源 {asset(db://assets/resources/texture/big/bg.jpg)} 与资源 {asset(db://assets/resources/texture/big/bg.png)} 的动态加载 URL 相同(texture/big/bg)，请调整目录结构来避免动态加载资源时出现异常。[Build] 资源 {asset(db://assets/resources/texture/big/bg.jpg)} 与资源 {asset(db://assets/resources/texture/big/bg.png)} 的动态加载 URL 相同(texture/big/bg)，请调整目录结构来避免动态加载资源时出现异常。  
at NewConsole.warn (C:\ProgramData\cocos\editors\Creator\3.6.0\resources\app.asar\builtin\builder\dist\worker\console.ccc:1:1306)  
at o (C:\ProgramData\cocos\editors\Creator\3.6.0\resources\app.asar\builtin\builder\dist\worker\builder\setting-task\group.ccc:1:497)  
at C:\ProgramData\cocos\editors\Creator\3.6.0\resources\app.asar\builtin\builder\dist\worker\builder\setting-task\group.ccc:1:735  
at Array.forEach (<anonymous>)  
at BuildTask.handle (C:\ProgramData\cocos\editors\Creator\3.6.0\resources\app.asar\builtin\builder\dist\worker\builder\setting-task\group.ccc:1:618)  
at BuildTask.runBuildTask (C:\ProgramData\cocos\editors\Creator\3.6.0\resources\app.asar\builtin\builder\dist\worker\builder\index.ccc:1:7308)
2025-08-30T09:26:32.981Z - warn: [Build] 资源 {asset(db://assets/resources/texture/big/bg.jpg/texture)} 与资源 {asset(db://assets/resources/texture/big/bg.png/texture)} 的动态加载 URL 相同(texture/big/bg/texture)，请调整目录结构来避免动态加载资源时出现异常。[Build] 资源 {asset(db://assets/resources/texture/big/bg.jpg/texture)} 与资源 {asset(db://assets/resources/texture/big/bg.png/texture)} 的动态加载 URL 相同(texture/big/bg/texture)，请调整目录结构来避免动态加载资源时出现异常。  
at NewConsole.warn (C:\ProgramData\cocos\editors\Creator\3.6.0\resources\app.asar\builtin\builder\dist\worker\console.ccc:1:1306)  
at o (C:\ProgramData\cocos\editors\Creator\3.6.0\resources\app.asar\builtin\builder\dist\worker\builder\setting-task\group.ccc:1:497)  
at C:\ProgramData\cocos\editors\Creator\3.6.0\resources\app.asar\builtin\builder\dist\worker\builder\setting-task\group.ccc:1:735  
at Array.forEach (<anonymous>)  
at BuildTask.handle (C:\ProgramData\cocos\editors\Creator\3.6.0\resources\app.asar\builtin\builder\dist\worker\builder\setting-task\group.ccc:1:618)  
at BuildTask.runBuildTask (C:\ProgramData\cocos\editors\Creator\3.6.0\resources\app.asar\builtin\builder\dist\worker\builder\index.ccc:1:7308)
2025-08-30T09:26:32.982Z - warn: [Build] 资源 {asset(db://assets/resources/texture/big/bg.jpg/spriteFrame)} 与资源 {asset(db://assets/resources/texture/big/bg.png/spriteFrame)} 的动态加载 URL 相同(texture/big/bg/spriteFrame)，请调整目录结构来避免动态加载资源时出现异常。[Build] 资源 {asset(db://assets/resources/texture/big/bg.jpg/spriteFrame)} 与资源 {asset(db://assets/resources/texture/big/bg.png/spriteFrame)} 的动态加载 URL 相同(texture/big/bg/spriteFrame)，请调整目录结构来避免动态加载资源时出现异常。  
at NewConsole.warn (C:\ProgramData\cocos\editors\Creator\3.6.0\resources\app.asar\builtin\builder\dist\worker\console.ccc:1:1306)  
at o (C:\ProgramData\cocos\editors\Creator\3.6.0\resources\app.asar\builtin\builder\dist\worker\builder\setting-task\group.ccc:1:497)  
at C:\ProgramData\cocos\editors\Creator\3.6.0\resources\app.asar\builtin\builder\dist\worker\builder\setting-task\group.ccc:1:735  
at Array.forEach (<anonymous>)  
at BuildTask.handle (C:\ProgramData\cocos\editors\Creator\3.6.0\resources\app.asar\builtin\builder\dist\worker\builder\setting-task\group.ccc:1:618)  
at BuildTask.runBuildTask (C:\ProgramData\cocos\editors\Creator\3.6.0\resources\app.asar\builtin\builder\dist\worker\builder\index.ccc:1:7308)
2025-08-30T09:27:31.646Z - error: [Scene] {hidden(::SceneExecutorImportExceptionHandler::)} ReferenceError: protobuf is not defined
    at factory (file:///D:/xuhang/guan_dan/temp/programming/packer-driver/targets/editor/chunks/8a/file:/D:/xuhang/guan_dan/assets/scripts/proto/gameMsg.js:5335:5)
    at CjsLoader._load (file:///D:/xuhang/guan_dan/temp/programming/packer-driver/targets/editor/chunks/e2/cce:/internal/ml/cjs-loader.mjs:78:9)
    at CjsLoader._tryModuleLoad (file:///D:/xuhang/guan_dan/temp/programming/packer-driver/targets/editor/chunks/e2/cce:/internal/ml/cjs-loader.mjs:63:18)
    at CjsLoader._require (file:///D:/xuhang/guan_dan/temp/programming/packer-driver/targets/editor/chunks/e2/cce:/internal/ml/cjs-loader.mjs:42:14)
    at CjsLoader.require (file:///D:/xuhang/guan_dan/temp/programming/packer-driver/targets/editor/chunks/e2/cce:/internal/ml/cjs-loader.mjs:27:21)
    at Object.execute (file:///D:/xuhang/guan_dan/temp/programming/packer-driver/targets/editor/chunks/ee/file:/D:/xuhang/guan_dan/assets/scripts/proto/gameMsg.mjs?cjs=&original=.js:7:8)
    at doExec (C:\ProgramData\cocos\editors\Creator\3.6.0\resources\app.asar\node_modules\@editor\lib-programming\static\executor\systemjs-bridge\out\index.js:517:30)
    at postOrderExec (C:\ProgramData\cocos\editors\Creator\3.6.0\resources\app.asar\node_modules\@editor\lib-programming\static\executor\systemjs-bridge\out\index.js:508:21)
    at C:\ProgramData\cocos\editors\Creator\3.6.0\resources\app.asar\node_modules\@editor\lib-programming\static\executor\systemjs-bridge\out\index.js:440:12
    at file:///D:/xuhang/guan_dan/temp/programming/packer-driver/targets/editor/chunks/04/cce:/internal/x/prerequisite-imports:8:13Error: [Scene] {hidden(::SceneExecutorImportExceptionHandler::)} ReferenceError: protobuf is not defined
    at CjsLoader._require (file:///D:/xuhang/guan_dan/temp/programming/packer-driver/targets/editor/chunks/e2/cce:/internal/ml/cjs-loader.mjs:42:14)
    at CjsLoader.require (file:///D:/xuhang/guan_dan/temp/programming/packer-driver/targets/editor/chunks/e2/cce:/internal/ml/cjs-loader.mjs:27:21)
    at Object.execute (file:///D:/xuhang/guan_dan/temp/programming/packer-driver/targets/editor/chunks/ee/file:/D:/xuhang/guan_dan/assets/scripts/proto/gameMsg.mjs?cjs=&original=.js:7:8)
    at doExec (C:\ProgramData\cocos\editors\Creator\3.6.0\resources\app.asar\node_modules\@editor\lib-programming\static\executor\systemjs-bridge\out\index.js:517:30)
    at postOrderExec (C:\ProgramData\cocos\editors\Creator\3.6.0\resources\app.asar\node_modules\@editor\lib-programming\static\executor\systemjs-bridge\out\index.js:508:21)
    at C:\ProgramData\cocos\editors\Creator\3.6.0\resources\app.asar\node_modules\@editor\lib-programming\static\executor\systemjs-bridge\out\index.js:440:12
    at file:///D:/xuhang/guan_dan/temp/programming/packer-driver/targets/editor/chunks/04/cce:/internal/x/prerequisite-imports:8:13
    at Logger._logHandler (C:\ProgramData\cocos\editors\Creator\3.6.0\resources\app.asar\builtin\scene\dist\script\3d\manager\startup\log.ccc:1:318)
    at Logger.record (C:\ProgramData\cocos\editors\Creator\3.6.0\resources\app.asar\node_modules\@base\electron-logger\lib\renderer.ccc:1:458)
    at console.error (C:\ProgramData\cocos\editors\Creator\3.6.0\resources\app.asar\node_modules\@base\electron-logger\lib\renderer.ccc:1:1414)
    at ScriptManager._handleImportException (C:\ProgramData\cocos\editors\Creator\3.6.0\resources\app.asar\builtin\scene\dist\script\3d\manager\scripts.ccc:1:5825)
    at Executor.importExceptionHandler [as _importExceptionHandler] (C:\ProgramData\cocos\editors\Creator\3.6.0\resources\app.asar\builtin\scene\dist\script\3d\manager\scripts.ccc:1:3509)
    at Executor._onModuleLoaded (C:\ProgramData\cocos\editors\Creator\3.6.0\resources\app.asar\node_modules\@editor\lib-programming\src\executor\index.ts:312:22)
    at SystemJS.onload (C:\ProgramData\cocos\editors\Creator\3.6.0\resources\app.asar\node_modules\@editor\lib-programming\src\executor\index.ts:73:18)
    at triggerOnload (C:\ProgramData\cocos\editors\Creator\3.6.0\resources\app.asar\node_modules\@editor\lib-programming\static\executor\systemjs-bridge\out\index.js:270:10)
    at doExec (C:\ProgramData\cocos\editors\Creator\3.6.0\resources\app.asar\node_modules\@editor\lib-programming\static\executor\systemjs-bridge\out\index.js:538:7)
    at postOrderExec (C:\ProgramData\cocos\editors\Creator\3.6.0\resources\app.asar\node_modules\@editor\lib-programming\static\executor\systemjs-bridge\out\index.js:508:21)
2025-08-30T09:27:33.057Z - warn: [Build] 资源 {asset(db://assets/resources/texture/big/bg.jpg)} 与资源 {asset(db://assets/resources/texture/big/bg.png)} 的动态加载 URL 相同(texture/big/bg)，请调整目录结构来避免动态加载资源时出现异常。[Build] 资源 {asset(db://assets/resources/texture/big/bg.jpg)} 与资源 {asset(db://assets/resources/texture/big/bg.png)} 的动态加载 URL 相同(texture/big/bg)，请调整目录结构来避免动态加载资源时出现异常。  
at NewConsole.warn (C:\ProgramData\cocos\editors\Creator\3.6.0\resources\app.asar\builtin\builder\dist\worker\console.ccc:1:1306)  
at o (C:\ProgramData\cocos\editors\Creator\3.6.0\resources\app.asar\builtin\builder\dist\worker\builder\setting-task\group.ccc:1:497)  
at C:\ProgramData\cocos\editors\Creator\3.6.0\resources\app.asar\builtin\builder\dist\worker\builder\setting-task\group.ccc:1:735  
at Array.forEach (<anonymous>)  
at BuildTask.handle (C:\ProgramData\cocos\editors\Creator\3.6.0\resources\app.asar\builtin\builder\dist\worker\builder\setting-task\group.ccc:1:618)  
at BuildTask.runBuildTask (C:\ProgramData\cocos\editors\Creator\3.6.0\resources\app.asar\builtin\builder\dist\worker\builder\index.ccc:1:7308)
2025-08-30T09:27:33.057Z - warn: [Build] 资源 {asset(db://assets/resources/texture/big/bg.jpg/texture)} 与资源 {asset(db://assets/resources/texture/big/bg.png/texture)} 的动态加载 URL 相同(texture/big/bg/texture)，请调整目录结构来避免动态加载资源时出现异常。[Build] 资源 {asset(db://assets/resources/texture/big/bg.jpg/texture)} 与资源 {asset(db://assets/resources/texture/big/bg.png/texture)} 的动态加载 URL 相同(texture/big/bg/texture)，请调整目录结构来避免动态加载资源时出现异常。  
at NewConsole.warn (C:\ProgramData\cocos\editors\Creator\3.6.0\resources\app.asar\builtin\builder\dist\worker\console.ccc:1:1306)  
at o (C:\ProgramData\cocos\editors\Creator\3.6.0\resources\app.asar\builtin\builder\dist\worker\builder\setting-task\group.ccc:1:497)  
at C:\ProgramData\cocos\editors\Creator\3.6.0\resources\app.asar\builtin\builder\dist\worker\builder\setting-task\group.ccc:1:735  
at Array.forEach (<anonymous>)  
at BuildTask.handle (C:\ProgramData\cocos\editors\Creator\3.6.0\resources\app.asar\builtin\builder\dist\worker\builder\setting-task\group.ccc:1:618)  
at BuildTask.runBuildTask (C:\ProgramData\cocos\editors\Creator\3.6.0\resources\app.asar\builtin\builder\dist\worker\builder\index.ccc:1:7308)
2025-08-30T09:27:33.057Z - warn: [Build] 资源 {asset(db://assets/resources/texture/big/bg.jpg/spriteFrame)} 与资源 {asset(db://assets/resources/texture/big/bg.png/spriteFrame)} 的动态加载 URL 相同(texture/big/bg/spriteFrame)，请调整目录结构来避免动态加载资源时出现异常。[Build] 资源 {asset(db://assets/resources/texture/big/bg.jpg/spriteFrame)} 与资源 {asset(db://assets/resources/texture/big/bg.png/spriteFrame)} 的动态加载 URL 相同(texture/big/bg/spriteFrame)，请调整目录结构来避免动态加载资源时出现异常。  
at NewConsole.warn (C:\ProgramData\cocos\editors\Creator\3.6.0\resources\app.asar\builtin\builder\dist\worker\console.ccc:1:1306)  
at o (C:\ProgramData\cocos\editors\Creator\3.6.0\resources\app.asar\builtin\builder\dist\worker\builder\setting-task\group.ccc:1:497)  
at C:\ProgramData\cocos\editors\Creator\3.6.0\resources\app.asar\builtin\builder\dist\worker\builder\setting-task\group.ccc:1:735  
at Array.forEach (<anonymous>)  
at BuildTask.handle (C:\ProgramData\cocos\editors\Creator\3.6.0\resources\app.asar\builtin\builder\dist\worker\builder\setting-task\group.ccc:1:618)  
at BuildTask.runBuildTask (C:\ProgramData\cocos\editors\Creator\3.6.0\resources\app.asar\builtin\builder\dist\worker\builder\index.ccc:1:7308)
2025-08-30T09:49:27.269Z - error: getImSetting failed
2025-08-30T09:54:25.585Z - error: getImSetting failed
2025-08-30T10:19:25.233Z - error: getImSetting failed
2025-08-30T10:24:26.284Z - error: getImSetting failed
2025-08-30T11:09:25.458Z - error: getImSetting failed
2025-08-30T11:19:26.131Z - error: getImSetting failed
2025-08-30T12:14:25.767Z - error: getImSetting failed
2025-08-30T12:28:10.037Z - warn: [Build] 资源 {asset(db://assets/resources/texture/big/bg.jpg)} 与资源 {asset(db://assets/resources/texture/big/bg.png)} 的动态加载 URL 相同(texture/big/bg)，请调整目录结构来避免动态加载资源时出现异常。[Build] 资源 {asset(db://assets/resources/texture/big/bg.jpg)} 与资源 {asset(db://assets/resources/texture/big/bg.png)} 的动态加载 URL 相同(texture/big/bg)，请调整目录结构来避免动态加载资源时出现异常。  
at NewConsole.warn (C:\ProgramData\cocos\editors\Creator\3.6.0\resources\app.asar\builtin\builder\dist\worker\console.ccc:1:1306)  
at o (C:\ProgramData\cocos\editors\Creator\3.6.0\resources\app.asar\builtin\builder\dist\worker\builder\setting-task\group.ccc:1:497)  
at C:\ProgramData\cocos\editors\Creator\3.6.0\resources\app.asar\builtin\builder\dist\worker\builder\setting-task\group.ccc:1:735  
at Array.forEach (<anonymous>)  
at BuildTask.handle (C:\ProgramData\cocos\editors\Creator\3.6.0\resources\app.asar\builtin\builder\dist\worker\builder\setting-task\group.ccc:1:618)  
at BuildTask.runBuildTask (C:\ProgramData\cocos\editors\Creator\3.6.0\resources\app.asar\builtin\builder\dist\worker\builder\index.ccc:1:7308)
2025-08-30T12:28:10.038Z - warn: [Build] 资源 {asset(db://assets/resources/texture/big/bg.jpg/texture)} 与资源 {asset(db://assets/resources/texture/big/bg.png/texture)} 的动态加载 URL 相同(texture/big/bg/texture)，请调整目录结构来避免动态加载资源时出现异常。[Build] 资源 {asset(db://assets/resources/texture/big/bg.jpg/texture)} 与资源 {asset(db://assets/resources/texture/big/bg.png/texture)} 的动态加载 URL 相同(texture/big/bg/texture)，请调整目录结构来避免动态加载资源时出现异常。  
at NewConsole.warn (C:\ProgramData\cocos\editors\Creator\3.6.0\resources\app.asar\builtin\builder\dist\worker\console.ccc:1:1306)  
at o (C:\ProgramData\cocos\editors\Creator\3.6.0\resources\app.asar\builtin\builder\dist\worker\builder\setting-task\group.ccc:1:497)  
at C:\ProgramData\cocos\editors\Creator\3.6.0\resources\app.asar\builtin\builder\dist\worker\builder\setting-task\group.ccc:1:735  
at Array.forEach (<anonymous>)  
at BuildTask.handle (C:\ProgramData\cocos\editors\Creator\3.6.0\resources\app.asar\builtin\builder\dist\worker\builder\setting-task\group.ccc:1:618)  
at BuildTask.runBuildTask (C:\ProgramData\cocos\editors\Creator\3.6.0\resources\app.asar\builtin\builder\dist\worker\builder\index.ccc:1:7308)
2025-08-30T12:28:10.038Z - warn: [Build] 资源 {asset(db://assets/resources/texture/big/bg.jpg/spriteFrame)} 与资源 {asset(db://assets/resources/texture/big/bg.png/spriteFrame)} 的动态加载 URL 相同(texture/big/bg/spriteFrame)，请调整目录结构来避免动态加载资源时出现异常。[Build] 资源 {asset(db://assets/resources/texture/big/bg.jpg/spriteFrame)} 与资源 {asset(db://assets/resources/texture/big/bg.png/spriteFrame)} 的动态加载 URL 相同(texture/big/bg/spriteFrame)，请调整目录结构来避免动态加载资源时出现异常。  
at NewConsole.warn (C:\ProgramData\cocos\editors\Creator\3.6.0\resources\app.asar\builtin\builder\dist\worker\console.ccc:1:1306)  
at o (C:\ProgramData\cocos\editors\Creator\3.6.0\resources\app.asar\builtin\builder\dist\worker\builder\setting-task\group.ccc:1:497)  
at C:\ProgramData\cocos\editors\Creator\3.6.0\resources\app.asar\builtin\builder\dist\worker\builder\setting-task\group.ccc:1:735  
at Array.forEach (<anonymous>)  
at BuildTask.handle (C:\ProgramData\cocos\editors\Creator\3.6.0\resources\app.asar\builtin\builder\dist\worker\builder\setting-task\group.ccc:1:618)  
at BuildTask.runBuildTask (C:\ProgramData\cocos\editors\Creator\3.6.0\resources\app.asar\builtin\builder\dist\worker\builder\index.ccc:1:7308)
2025-08-30T12:28:12.534Z - warn: [Build] 资源 {asset(db://assets/resources/texture/big/bg.jpg)} 与资源 {asset(db://assets/resources/texture/big/bg.png)} 的动态加载 URL 相同(texture/big/bg)，请调整目录结构来避免动态加载资源时出现异常。[Build] 资源 {asset(db://assets/resources/texture/big/bg.jpg)} 与资源 {asset(db://assets/resources/texture/big/bg.png)} 的动态加载 URL 相同(texture/big/bg)，请调整目录结构来避免动态加载资源时出现异常。  
at NewConsole.warn (C:\ProgramData\cocos\editors\Creator\3.6.0\resources\app.asar\builtin\builder\dist\worker\console.ccc:1:1306)  
at o (C:\ProgramData\cocos\editors\Creator\3.6.0\resources\app.asar\builtin\builder\dist\worker\builder\setting-task\group.ccc:1:497)  
at C:\ProgramData\cocos\editors\Creator\3.6.0\resources\app.asar\builtin\builder\dist\worker\builder\setting-task\group.ccc:1:735  
at Array.forEach (<anonymous>)  
at BuildTask.handle (C:\ProgramData\cocos\editors\Creator\3.6.0\resources\app.asar\builtin\builder\dist\worker\builder\setting-task\group.ccc:1:618)  
at BuildTask.runBuildTask (C:\ProgramData\cocos\editors\Creator\3.6.0\resources\app.asar\builtin\builder\dist\worker\builder\index.ccc:1:7308)
2025-08-30T12:28:12.534Z - warn: [Build] 资源 {asset(db://assets/resources/texture/big/bg.jpg/texture)} 与资源 {asset(db://assets/resources/texture/big/bg.png/texture)} 的动态加载 URL 相同(texture/big/bg/texture)，请调整目录结构来避免动态加载资源时出现异常。[Build] 资源 {asset(db://assets/resources/texture/big/bg.jpg/texture)} 与资源 {asset(db://assets/resources/texture/big/bg.png/texture)} 的动态加载 URL 相同(texture/big/bg/texture)，请调整目录结构来避免动态加载资源时出现异常。  
at NewConsole.warn (C:\ProgramData\cocos\editors\Creator\3.6.0\resources\app.asar\builtin\builder\dist\worker\console.ccc:1:1306)  
at o (C:\ProgramData\cocos\editors\Creator\3.6.0\resources\app.asar\builtin\builder\dist\worker\builder\setting-task\group.ccc:1:497)  
at C:\ProgramData\cocos\editors\Creator\3.6.0\resources\app.asar\builtin\builder\dist\worker\builder\setting-task\group.ccc:1:735  
at Array.forEach (<anonymous>)  
at BuildTask.handle (C:\ProgramData\cocos\editors\Creator\3.6.0\resources\app.asar\builtin\builder\dist\worker\builder\setting-task\group.ccc:1:618)  
at BuildTask.runBuildTask (C:\ProgramData\cocos\editors\Creator\3.6.0\resources\app.asar\builtin\builder\dist\worker\builder\index.ccc:1:7308)
2025-08-30T12:28:12.535Z - warn: [Build] 资源 {asset(db://assets/resources/texture/big/bg.jpg/spriteFrame)} 与资源 {asset(db://assets/resources/texture/big/bg.png/spriteFrame)} 的动态加载 URL 相同(texture/big/bg/spriteFrame)，请调整目录结构来避免动态加载资源时出现异常。[Build] 资源 {asset(db://assets/resources/texture/big/bg.jpg/spriteFrame)} 与资源 {asset(db://assets/resources/texture/big/bg.png/spriteFrame)} 的动态加载 URL 相同(texture/big/bg/spriteFrame)，请调整目录结构来避免动态加载资源时出现异常。  
at NewConsole.warn (C:\ProgramData\cocos\editors\Creator\3.6.0\resources\app.asar\builtin\builder\dist\worker\console.ccc:1:1306)  
at o (C:\ProgramData\cocos\editors\Creator\3.6.0\resources\app.asar\builtin\builder\dist\worker\builder\setting-task\group.ccc:1:497)  
at C:\ProgramData\cocos\editors\Creator\3.6.0\resources\app.asar\builtin\builder\dist\worker\builder\setting-task\group.ccc:1:735  
at Array.forEach (<anonymous>)  
at BuildTask.handle (C:\ProgramData\cocos\editors\Creator\3.6.0\resources\app.asar\builtin\builder\dist\worker\builder\setting-task\group.ccc:1:618)  
at BuildTask.runBuildTask (C:\ProgramData\cocos\editors\Creator\3.6.0\resources\app.asar\builtin\builder\dist\worker\builder\index.ccc:1:7308)
2025-08-30T12:28:39.086Z - warn: [Build] 资源 {asset(db://assets/resources/texture/big/bg.jpg)} 与资源 {asset(db://assets/resources/texture/big/bg.png)} 的动态加载 URL 相同(texture/big/bg)，请调整目录结构来避免动态加载资源时出现异常。[Build] 资源 {asset(db://assets/resources/texture/big/bg.jpg)} 与资源 {asset(db://assets/resources/texture/big/bg.png)} 的动态加载 URL 相同(texture/big/bg)，请调整目录结构来避免动态加载资源时出现异常。  
at NewConsole.warn (C:\ProgramData\cocos\editors\Creator\3.6.0\resources\app.asar\builtin\builder\dist\worker\console.ccc:1:1306)  
at o (C:\ProgramData\cocos\editors\Creator\3.6.0\resources\app.asar\builtin\builder\dist\worker\builder\setting-task\group.ccc:1:497)  
at C:\ProgramData\cocos\editors\Creator\3.6.0\resources\app.asar\builtin\builder\dist\worker\builder\setting-task\group.ccc:1:735  
at Array.forEach (<anonymous>)  
at BuildTask.handle (C:\ProgramData\cocos\editors\Creator\3.6.0\resources\app.asar\builtin\builder\dist\worker\builder\setting-task\group.ccc:1:618)  
at BuildTask.runBuildTask (C:\ProgramData\cocos\editors\Creator\3.6.0\resources\app.asar\builtin\builder\dist\worker\builder\index.ccc:1:7308)
2025-08-30T12:28:39.087Z - warn: [Build] 资源 {asset(db://assets/resources/texture/big/bg.jpg/texture)} 与资源 {asset(db://assets/resources/texture/big/bg.png/texture)} 的动态加载 URL 相同(texture/big/bg/texture)，请调整目录结构来避免动态加载资源时出现异常。[Build] 资源 {asset(db://assets/resources/texture/big/bg.jpg/texture)} 与资源 {asset(db://assets/resources/texture/big/bg.png/texture)} 的动态加载 URL 相同(texture/big/bg/texture)，请调整目录结构来避免动态加载资源时出现异常。  
at NewConsole.warn (C:\ProgramData\cocos\editors\Creator\3.6.0\resources\app.asar\builtin\builder\dist\worker\console.ccc:1:1306)  
at o (C:\ProgramData\cocos\editors\Creator\3.6.0\resources\app.asar\builtin\builder\dist\worker\builder\setting-task\group.ccc:1:497)  
at C:\ProgramData\cocos\editors\Creator\3.6.0\resources\app.asar\builtin\builder\dist\worker\builder\setting-task\group.ccc:1:735  
at Array.forEach (<anonymous>)  
at BuildTask.handle (C:\ProgramData\cocos\editors\Creator\3.6.0\resources\app.asar\builtin\builder\dist\worker\builder\setting-task\group.ccc:1:618)  
at BuildTask.runBuildTask (C:\ProgramData\cocos\editors\Creator\3.6.0\resources\app.asar\builtin\builder\dist\worker\builder\index.ccc:1:7308)
2025-08-30T12:28:39.087Z - warn: [Build] 资源 {asset(db://assets/resources/texture/big/bg.jpg/spriteFrame)} 与资源 {asset(db://assets/resources/texture/big/bg.png/spriteFrame)} 的动态加载 URL 相同(texture/big/bg/spriteFrame)，请调整目录结构来避免动态加载资源时出现异常。[Build] 资源 {asset(db://assets/resources/texture/big/bg.jpg/spriteFrame)} 与资源 {asset(db://assets/resources/texture/big/bg.png/spriteFrame)} 的动态加载 URL 相同(texture/big/bg/spriteFrame)，请调整目录结构来避免动态加载资源时出现异常。  
at NewConsole.warn (C:\ProgramData\cocos\editors\Creator\3.6.0\resources\app.asar\builtin\builder\dist\worker\console.ccc:1:1306)  
at o (C:\ProgramData\cocos\editors\Creator\3.6.0\resources\app.asar\builtin\builder\dist\worker\builder\setting-task\group.ccc:1:497)  
at C:\ProgramData\cocos\editors\Creator\3.6.0\resources\app.asar\builtin\builder\dist\worker\builder\setting-task\group.ccc:1:735  
at Array.forEach (<anonymous>)  
at BuildTask.handle (C:\ProgramData\cocos\editors\Creator\3.6.0\resources\app.asar\builtin\builder\dist\worker\builder\setting-task\group.ccc:1:618)  
at BuildTask.runBuildTask (C:\ProgramData\cocos\editors\Creator\3.6.0\resources\app.asar\builtin\builder\dist\worker\builder\index.ccc:1:7308)
2025-08-30T12:29:37.563Z - warn: [Build] 资源 {asset(db://assets/resources/texture/big/bg.jpg)} 与资源 {asset(db://assets/resources/texture/big/bg.png)} 的动态加载 URL 相同(texture/big/bg)，请调整目录结构来避免动态加载资源时出现异常。[Build] 资源 {asset(db://assets/resources/texture/big/bg.jpg)} 与资源 {asset(db://assets/resources/texture/big/bg.png)} 的动态加载 URL 相同(texture/big/bg)，请调整目录结构来避免动态加载资源时出现异常。  
at NewConsole.warn (C:\ProgramData\cocos\editors\Creator\3.6.0\resources\app.asar\builtin\builder\dist\worker\console.ccc:1:1306)  
at o (C:\ProgramData\cocos\editors\Creator\3.6.0\resources\app.asar\builtin\builder\dist\worker\builder\setting-task\group.ccc:1:497)  
at C:\ProgramData\cocos\editors\Creator\3.6.0\resources\app.asar\builtin\builder\dist\worker\builder\setting-task\group.ccc:1:735  
at Array.forEach (<anonymous>)  
at BuildTask.handle (C:\ProgramData\cocos\editors\Creator\3.6.0\resources\app.asar\builtin\builder\dist\worker\builder\setting-task\group.ccc:1:618)  
at BuildTask.runBuildTask (C:\ProgramData\cocos\editors\Creator\3.6.0\resources\app.asar\builtin\builder\dist\worker\builder\index.ccc:1:7308)
2025-08-30T12:29:37.563Z - warn: [Build] 资源 {asset(db://assets/resources/texture/big/bg.jpg/texture)} 与资源 {asset(db://assets/resources/texture/big/bg.png/texture)} 的动态加载 URL 相同(texture/big/bg/texture)，请调整目录结构来避免动态加载资源时出现异常。[Build] 资源 {asset(db://assets/resources/texture/big/bg.jpg/texture)} 与资源 {asset(db://assets/resources/texture/big/bg.png/texture)} 的动态加载 URL 相同(texture/big/bg/texture)，请调整目录结构来避免动态加载资源时出现异常。  
at NewConsole.warn (C:\ProgramData\cocos\editors\Creator\3.6.0\resources\app.asar\builtin\builder\dist\worker\console.ccc:1:1306)  
at o (C:\ProgramData\cocos\editors\Creator\3.6.0\resources\app.asar\builtin\builder\dist\worker\builder\setting-task\group.ccc:1:497)  
at C:\ProgramData\cocos\editors\Creator\3.6.0\resources\app.asar\builtin\builder\dist\worker\builder\setting-task\group.ccc:1:735  
at Array.forEach (<anonymous>)  
at BuildTask.handle (C:\ProgramData\cocos\editors\Creator\3.6.0\resources\app.asar\builtin\builder\dist\worker\builder\setting-task\group.ccc:1:618)  
at BuildTask.runBuildTask (C:\ProgramData\cocos\editors\Creator\3.6.0\resources\app.asar\builtin\builder\dist\worker\builder\index.ccc:1:7308)
2025-08-30T12:29:37.564Z - warn: [Build] 资源 {asset(db://assets/resources/texture/big/bg.jpg/spriteFrame)} 与资源 {asset(db://assets/resources/texture/big/bg.png/spriteFrame)} 的动态加载 URL 相同(texture/big/bg/spriteFrame)，请调整目录结构来避免动态加载资源时出现异常。[Build] 资源 {asset(db://assets/resources/texture/big/bg.jpg/spriteFrame)} 与资源 {asset(db://assets/resources/texture/big/bg.png/spriteFrame)} 的动态加载 URL 相同(texture/big/bg/spriteFrame)，请调整目录结构来避免动态加载资源时出现异常。  
at NewConsole.warn (C:\ProgramData\cocos\editors\Creator\3.6.0\resources\app.asar\builtin\builder\dist\worker\console.ccc:1:1306)  
at o (C:\ProgramData\cocos\editors\Creator\3.6.0\resources\app.asar\builtin\builder\dist\worker\builder\setting-task\group.ccc:1:497)  
at C:\ProgramData\cocos\editors\Creator\3.6.0\resources\app.asar\builtin\builder\dist\worker\builder\setting-task\group.ccc:1:735  
at Array.forEach (<anonymous>)  
at BuildTask.handle (C:\ProgramData\cocos\editors\Creator\3.6.0\resources\app.asar\builtin\builder\dist\worker\builder\setting-task\group.ccc:1:618)  
at BuildTask.runBuildTask (C:\ProgramData\cocos\editors\Creator\3.6.0\resources\app.asar\builtin\builder\dist\worker\builder\index.ccc:1:7308)
2025-08-30T12:31:59.323Z - error: [Scene] {hidden(::SceneExecutorImportExceptionHandler::)} ReferenceError: protobuf is not defined
    at factory (file:///D:/xuhang/guan_dan/temp/programming/packer-driver/targets/editor/chunks/8a/file:/D:/xuhang/guan_dan/assets/scripts/proto/gameMsg.js:5335:5)
    at CjsLoader._load (file:///D:/xuhang/guan_dan/temp/programming/packer-driver/targets/editor/chunks/e2/cce:/internal/ml/cjs-loader.mjs:78:9)
    at CjsLoader._tryModuleLoad (file:///D:/xuhang/guan_dan/temp/programming/packer-driver/targets/editor/chunks/e2/cce:/internal/ml/cjs-loader.mjs:63:18)
    at CjsLoader._require (file:///D:/xuhang/guan_dan/temp/programming/packer-driver/targets/editor/chunks/e2/cce:/internal/ml/cjs-loader.mjs:42:14)
    at CjsLoader.require (file:///D:/xuhang/guan_dan/temp/programming/packer-driver/targets/editor/chunks/e2/cce:/internal/ml/cjs-loader.mjs:27:21)
    at Object.execute (file:///D:/xuhang/guan_dan/temp/programming/packer-driver/targets/editor/chunks/ee/file:/D:/xuhang/guan_dan/assets/scripts/proto/gameMsg.mjs?cjs=&original=.js:7:8)
    at doExec (C:\ProgramData\cocos\editors\Creator\3.6.0\resources\app.asar\node_modules\@editor\lib-programming\static\executor\systemjs-bridge\out\index.js:517:30)
    at postOrderExec (C:\ProgramData\cocos\editors\Creator\3.6.0\resources\app.asar\node_modules\@editor\lib-programming\static\executor\systemjs-bridge\out\index.js:508:21)
    at C:\ProgramData\cocos\editors\Creator\3.6.0\resources\app.asar\node_modules\@editor\lib-programming\static\executor\systemjs-bridge\out\index.js:440:12
    at file:///D:/xuhang/guan_dan/temp/programming/packer-driver/targets/editor/chunks/04/cce:/internal/x/prerequisite-imports:8:13Error: [Scene] {hidden(::SceneExecutorImportExceptionHandler::)} ReferenceError: protobuf is not defined
    at CjsLoader._require (file:///D:/xuhang/guan_dan/temp/programming/packer-driver/targets/editor/chunks/e2/cce:/internal/ml/cjs-loader.mjs:42:14)
    at CjsLoader.require (file:///D:/xuhang/guan_dan/temp/programming/packer-driver/targets/editor/chunks/e2/cce:/internal/ml/cjs-loader.mjs:27:21)
    at Object.execute (file:///D:/xuhang/guan_dan/temp/programming/packer-driver/targets/editor/chunks/ee/file:/D:/xuhang/guan_dan/assets/scripts/proto/gameMsg.mjs?cjs=&original=.js:7:8)
    at doExec (C:\ProgramData\cocos\editors\Creator\3.6.0\resources\app.asar\node_modules\@editor\lib-programming\static\executor\systemjs-bridge\out\index.js:517:30)
    at postOrderExec (C:\ProgramData\cocos\editors\Creator\3.6.0\resources\app.asar\node_modules\@editor\lib-programming\static\executor\systemjs-bridge\out\index.js:508:21)
    at C:\ProgramData\cocos\editors\Creator\3.6.0\resources\app.asar\node_modules\@editor\lib-programming\static\executor\systemjs-bridge\out\index.js:440:12
    at file:///D:/xuhang/guan_dan/temp/programming/packer-driver/targets/editor/chunks/04/cce:/internal/x/prerequisite-imports:8:13
    at Logger._logHandler (C:\ProgramData\cocos\editors\Creator\3.6.0\resources\app.asar\builtin\scene\dist\script\3d\manager\startup\log.ccc:1:318)
    at Logger.record (C:\ProgramData\cocos\editors\Creator\3.6.0\resources\app.asar\node_modules\@base\electron-logger\lib\renderer.ccc:1:458)
    at console.error (C:\ProgramData\cocos\editors\Creator\3.6.0\resources\app.asar\node_modules\@base\electron-logger\lib\renderer.ccc:1:1414)
    at ScriptManager._handleImportException (C:\ProgramData\cocos\editors\Creator\3.6.0\resources\app.asar\builtin\scene\dist\script\3d\manager\scripts.ccc:1:5825)
    at Executor.importExceptionHandler [as _importExceptionHandler] (C:\ProgramData\cocos\editors\Creator\3.6.0\resources\app.asar\builtin\scene\dist\script\3d\manager\scripts.ccc:1:3509)
    at Executor._onModuleLoaded (C:\ProgramData\cocos\editors\Creator\3.6.0\resources\app.asar\node_modules\@editor\lib-programming\src\executor\index.ts:312:22)
    at SystemJS.onload (C:\ProgramData\cocos\editors\Creator\3.6.0\resources\app.asar\node_modules\@editor\lib-programming\src\executor\index.ts:73:18)
    at triggerOnload (C:\ProgramData\cocos\editors\Creator\3.6.0\resources\app.asar\node_modules\@editor\lib-programming\static\executor\systemjs-bridge\out\index.js:270:10)
    at doExec (C:\ProgramData\cocos\editors\Creator\3.6.0\resources\app.asar\node_modules\@editor\lib-programming\static\executor\systemjs-bridge\out\index.js:538:7)
    at postOrderExec (C:\ProgramData\cocos\editors\Creator\3.6.0\resources\app.asar\node_modules\@editor\lib-programming\static\executor\systemjs-bridge\out\index.js:508:21)
2025-08-30T12:32:00.054Z - warn: [Build] 资源 {asset(db://assets/resources/texture/big/bg.jpg)} 与资源 {asset(db://assets/resources/texture/big/bg.png)} 的动态加载 URL 相同(texture/big/bg)，请调整目录结构来避免动态加载资源时出现异常。[Build] 资源 {asset(db://assets/resources/texture/big/bg.jpg)} 与资源 {asset(db://assets/resources/texture/big/bg.png)} 的动态加载 URL 相同(texture/big/bg)，请调整目录结构来避免动态加载资源时出现异常。  
at NewConsole.warn (C:\ProgramData\cocos\editors\Creator\3.6.0\resources\app.asar\builtin\builder\dist\worker\console.ccc:1:1306)  
at o (C:\ProgramData\cocos\editors\Creator\3.6.0\resources\app.asar\builtin\builder\dist\worker\builder\setting-task\group.ccc:1:497)  
at C:\ProgramData\cocos\editors\Creator\3.6.0\resources\app.asar\builtin\builder\dist\worker\builder\setting-task\group.ccc:1:735  
at Array.forEach (<anonymous>)  
at BuildTask.handle (C:\ProgramData\cocos\editors\Creator\3.6.0\resources\app.asar\builtin\builder\dist\worker\builder\setting-task\group.ccc:1:618)  
at BuildTask.runBuildTask (C:\ProgramData\cocos\editors\Creator\3.6.0\resources\app.asar\builtin\builder\dist\worker\builder\index.ccc:1:7308)
2025-08-30T12:32:00.055Z - warn: [Build] 资源 {asset(db://assets/resources/texture/big/bg.jpg/texture)} 与资源 {asset(db://assets/resources/texture/big/bg.png/texture)} 的动态加载 URL 相同(texture/big/bg/texture)，请调整目录结构来避免动态加载资源时出现异常。[Build] 资源 {asset(db://assets/resources/texture/big/bg.jpg/texture)} 与资源 {asset(db://assets/resources/texture/big/bg.png/texture)} 的动态加载 URL 相同(texture/big/bg/texture)，请调整目录结构来避免动态加载资源时出现异常。  
at NewConsole.warn (C:\ProgramData\cocos\editors\Creator\3.6.0\resources\app.asar\builtin\builder\dist\worker\console.ccc:1:1306)  
at o (C:\ProgramData\cocos\editors\Creator\3.6.0\resources\app.asar\builtin\builder\dist\worker\builder\setting-task\group.ccc:1:497)  
at C:\ProgramData\cocos\editors\Creator\3.6.0\resources\app.asar\builtin\builder\dist\worker\builder\setting-task\group.ccc:1:735  
at Array.forEach (<anonymous>)  
at BuildTask.handle (C:\ProgramData\cocos\editors\Creator\3.6.0\resources\app.asar\builtin\builder\dist\worker\builder\setting-task\group.ccc:1:618)  
at BuildTask.runBuildTask (C:\ProgramData\cocos\editors\Creator\3.6.0\resources\app.asar\builtin\builder\dist\worker\builder\index.ccc:1:7308)
2025-08-30T12:32:00.055Z - warn: [Build] 资源 {asset(db://assets/resources/texture/big/bg.jpg/spriteFrame)} 与资源 {asset(db://assets/resources/texture/big/bg.png/spriteFrame)} 的动态加载 URL 相同(texture/big/bg/spriteFrame)，请调整目录结构来避免动态加载资源时出现异常。[Build] 资源 {asset(db://assets/resources/texture/big/bg.jpg/spriteFrame)} 与资源 {asset(db://assets/resources/texture/big/bg.png/spriteFrame)} 的动态加载 URL 相同(texture/big/bg/spriteFrame)，请调整目录结构来避免动态加载资源时出现异常。  
at NewConsole.warn (C:\ProgramData\cocos\editors\Creator\3.6.0\resources\app.asar\builtin\builder\dist\worker\console.ccc:1:1306)  
at o (C:\ProgramData\cocos\editors\Creator\3.6.0\resources\app.asar\builtin\builder\dist\worker\builder\setting-task\group.ccc:1:497)  
at C:\ProgramData\cocos\editors\Creator\3.6.0\resources\app.asar\builtin\builder\dist\worker\builder\setting-task\group.ccc:1:735  
at Array.forEach (<anonymous>)  
at BuildTask.handle (C:\ProgramData\cocos\editors\Creator\3.6.0\resources\app.asar\builtin\builder\dist\worker\builder\setting-task\group.ccc:1:618)  
at BuildTask.runBuildTask (C:\ProgramData\cocos\editors\Creator\3.6.0\resources\app.asar\builtin\builder\dist\worker\builder\index.ccc:1:7308)
2025-08-30T12:32:04.028Z - warn: [Build] 资源 {asset(db://assets/resources/texture/big/bg.jpg)} 与资源 {asset(db://assets/resources/texture/big/bg.png)} 的动态加载 URL 相同(texture/big/bg)，请调整目录结构来避免动态加载资源时出现异常。[Build] 资源 {asset(db://assets/resources/texture/big/bg.jpg)} 与资源 {asset(db://assets/resources/texture/big/bg.png)} 的动态加载 URL 相同(texture/big/bg)，请调整目录结构来避免动态加载资源时出现异常。  
at NewConsole.warn (C:\ProgramData\cocos\editors\Creator\3.6.0\resources\app.asar\builtin\builder\dist\worker\console.ccc:1:1306)  
at o (C:\ProgramData\cocos\editors\Creator\3.6.0\resources\app.asar\builtin\builder\dist\worker\builder\setting-task\group.ccc:1:497)  
at C:\ProgramData\cocos\editors\Creator\3.6.0\resources\app.asar\builtin\builder\dist\worker\builder\setting-task\group.ccc:1:735  
at Array.forEach (<anonymous>)  
at BuildTask.handle (C:\ProgramData\cocos\editors\Creator\3.6.0\resources\app.asar\builtin\builder\dist\worker\builder\setting-task\group.ccc:1:618)  
at BuildTask.runBuildTask (C:\ProgramData\cocos\editors\Creator\3.6.0\resources\app.asar\builtin\builder\dist\worker\builder\index.ccc:1:7308)
2025-08-30T12:32:04.028Z - warn: [Build] 资源 {asset(db://assets/resources/texture/big/bg.jpg/texture)} 与资源 {asset(db://assets/resources/texture/big/bg.png/texture)} 的动态加载 URL 相同(texture/big/bg/texture)，请调整目录结构来避免动态加载资源时出现异常。[Build] 资源 {asset(db://assets/resources/texture/big/bg.jpg/texture)} 与资源 {asset(db://assets/resources/texture/big/bg.png/texture)} 的动态加载 URL 相同(texture/big/bg/texture)，请调整目录结构来避免动态加载资源时出现异常。  
at NewConsole.warn (C:\ProgramData\cocos\editors\Creator\3.6.0\resources\app.asar\builtin\builder\dist\worker\console.ccc:1:1306)  
at o (C:\ProgramData\cocos\editors\Creator\3.6.0\resources\app.asar\builtin\builder\dist\worker\builder\setting-task\group.ccc:1:497)  
at C:\ProgramData\cocos\editors\Creator\3.6.0\resources\app.asar\builtin\builder\dist\worker\builder\setting-task\group.ccc:1:735  
at Array.forEach (<anonymous>)  
at BuildTask.handle (C:\ProgramData\cocos\editors\Creator\3.6.0\resources\app.asar\builtin\builder\dist\worker\builder\setting-task\group.ccc:1:618)  
at BuildTask.runBuildTask (C:\ProgramData\cocos\editors\Creator\3.6.0\resources\app.asar\builtin\builder\dist\worker\builder\index.ccc:1:7308)
2025-08-30T12:32:04.028Z - warn: [Build] 资源 {asset(db://assets/resources/texture/big/bg.jpg/spriteFrame)} 与资源 {asset(db://assets/resources/texture/big/bg.png/spriteFrame)} 的动态加载 URL 相同(texture/big/bg/spriteFrame)，请调整目录结构来避免动态加载资源时出现异常。[Build] 资源 {asset(db://assets/resources/texture/big/bg.jpg/spriteFrame)} 与资源 {asset(db://assets/resources/texture/big/bg.png/spriteFrame)} 的动态加载 URL 相同(texture/big/bg/spriteFrame)，请调整目录结构来避免动态加载资源时出现异常。  
at NewConsole.warn (C:\ProgramData\cocos\editors\Creator\3.6.0\resources\app.asar\builtin\builder\dist\worker\console.ccc:1:1306)  
at o (C:\ProgramData\cocos\editors\Creator\3.6.0\resources\app.asar\builtin\builder\dist\worker\builder\setting-task\group.ccc:1:497)  
at C:\ProgramData\cocos\editors\Creator\3.6.0\resources\app.asar\builtin\builder\dist\worker\builder\setting-task\group.ccc:1:735  
at Array.forEach (<anonymous>)  
at BuildTask.handle (C:\ProgramData\cocos\editors\Creator\3.6.0\resources\app.asar\builtin\builder\dist\worker\builder\setting-task\group.ccc:1:618)  
at BuildTask.runBuildTask (C:\ProgramData\cocos\editors\Creator\3.6.0\resources\app.asar\builtin\builder\dist\worker\builder\index.ccc:1:7308)
2025-08-30T12:32:06.702Z - error: [Preview]Cannot read properties of undefined (reading 'includes')errorInfo.stack ? '/n TypeError: Cannot read properties of undefined (reading 'includes')
    at http://localhost:7456/preview-app/index.js:1:2644' : ''
2025-08-30T12:32:26.607Z - error: [Scene] {hidden(::SceneExecutorImportExceptionHandler::)} ReferenceError: protobuf is not defined
    at factory (file:///D:/xuhang/guan_dan/temp/programming/packer-driver/targets/editor/chunks/8a/file:/D:/xuhang/guan_dan/assets/scripts/proto/gameMsg.js:5335:5)
    at CjsLoader._load (file:///D:/xuhang/guan_dan/temp/programming/packer-driver/targets/editor/chunks/e2/cce:/internal/ml/cjs-loader.mjs:78:9)
    at CjsLoader._tryModuleLoad (file:///D:/xuhang/guan_dan/temp/programming/packer-driver/targets/editor/chunks/e2/cce:/internal/ml/cjs-loader.mjs:63:18)
    at CjsLoader._require (file:///D:/xuhang/guan_dan/temp/programming/packer-driver/targets/editor/chunks/e2/cce:/internal/ml/cjs-loader.mjs:42:14)
    at CjsLoader.require (file:///D:/xuhang/guan_dan/temp/programming/packer-driver/targets/editor/chunks/e2/cce:/internal/ml/cjs-loader.mjs:27:21)
    at Object.execute (file:///D:/xuhang/guan_dan/temp/programming/packer-driver/targets/editor/chunks/ee/file:/D:/xuhang/guan_dan/assets/scripts/proto/gameMsg.mjs?cjs=&original=.js:7:8)
    at doExec (C:\ProgramData\cocos\editors\Creator\3.6.0\resources\app.asar\node_modules\@editor\lib-programming\static\executor\systemjs-bridge\out\index.js:517:30)
    at postOrderExec (C:\ProgramData\cocos\editors\Creator\3.6.0\resources\app.asar\node_modules\@editor\lib-programming\static\executor\systemjs-bridge\out\index.js:508:21)
    at C:\ProgramData\cocos\editors\Creator\3.6.0\resources\app.asar\node_modules\@editor\lib-programming\static\executor\systemjs-bridge\out\index.js:440:12
    at file:///D:/xuhang/guan_dan/temp/programming/packer-driver/targets/editor/chunks/04/cce:/internal/x/prerequisite-imports:8:13Error: [Scene] {hidden(::SceneExecutorImportExceptionHandler::)} ReferenceError: protobuf is not defined
    at CjsLoader._require (file:///D:/xuhang/guan_dan/temp/programming/packer-driver/targets/editor/chunks/e2/cce:/internal/ml/cjs-loader.mjs:42:14)
    at CjsLoader.require (file:///D:/xuhang/guan_dan/temp/programming/packer-driver/targets/editor/chunks/e2/cce:/internal/ml/cjs-loader.mjs:27:21)
    at Object.execute (file:///D:/xuhang/guan_dan/temp/programming/packer-driver/targets/editor/chunks/ee/file:/D:/xuhang/guan_dan/assets/scripts/proto/gameMsg.mjs?cjs=&original=.js:7:8)
    at doExec (C:\ProgramData\cocos\editors\Creator\3.6.0\resources\app.asar\node_modules\@editor\lib-programming\static\executor\systemjs-bridge\out\index.js:517:30)
    at postOrderExec (C:\ProgramData\cocos\editors\Creator\3.6.0\resources\app.asar\node_modules\@editor\lib-programming\static\executor\systemjs-bridge\out\index.js:508:21)
    at C:\ProgramData\cocos\editors\Creator\3.6.0\resources\app.asar\node_modules\@editor\lib-programming\static\executor\systemjs-bridge\out\index.js:440:12
    at file:///D:/xuhang/guan_dan/temp/programming/packer-driver/targets/editor/chunks/04/cce:/internal/x/prerequisite-imports:8:13
    at Logger._logHandler (C:\ProgramData\cocos\editors\Creator\3.6.0\resources\app.asar\builtin\scene\dist\script\3d\manager\startup\log.ccc:1:318)
    at Logger.record (C:\ProgramData\cocos\editors\Creator\3.6.0\resources\app.asar\node_modules\@base\electron-logger\lib\renderer.ccc:1:458)
    at console.error (C:\ProgramData\cocos\editors\Creator\3.6.0\resources\app.asar\node_modules\@base\electron-logger\lib\renderer.ccc:1:1414)
    at ScriptManager._handleImportException (C:\ProgramData\cocos\editors\Creator\3.6.0\resources\app.asar\builtin\scene\dist\script\3d\manager\scripts.ccc:1:5825)
    at Executor.importExceptionHandler [as _importExceptionHandler] (C:\ProgramData\cocos\editors\Creator\3.6.0\resources\app.asar\builtin\scene\dist\script\3d\manager\scripts.ccc:1:3509)
    at Executor._onModuleLoaded (C:\ProgramData\cocos\editors\Creator\3.6.0\resources\app.asar\node_modules\@editor\lib-programming\src\executor\index.ts:312:22)
    at SystemJS.onload (C:\ProgramData\cocos\editors\Creator\3.6.0\resources\app.asar\node_modules\@editor\lib-programming\src\executor\index.ts:73:18)
    at triggerOnload (C:\ProgramData\cocos\editors\Creator\3.6.0\resources\app.asar\node_modules\@editor\lib-programming\static\executor\systemjs-bridge\out\index.js:270:10)
    at doExec (C:\ProgramData\cocos\editors\Creator\3.6.0\resources\app.asar\node_modules\@editor\lib-programming\static\executor\systemjs-bridge\out\index.js:538:7)
    at postOrderExec (C:\ProgramData\cocos\editors\Creator\3.6.0\resources\app.asar\node_modules\@editor\lib-programming\static\executor\systemjs-bridge\out\index.js:508:21)
2025-08-30T12:32:27.499Z - warn: [Build] 资源 {asset(db://assets/resources/texture/big/bg.jpg)} 与资源 {asset(db://assets/resources/texture/big/bg.png)} 的动态加载 URL 相同(texture/big/bg)，请调整目录结构来避免动态加载资源时出现异常。[Build] 资源 {asset(db://assets/resources/texture/big/bg.jpg)} 与资源 {asset(db://assets/resources/texture/big/bg.png)} 的动态加载 URL 相同(texture/big/bg)，请调整目录结构来避免动态加载资源时出现异常。  
at NewConsole.warn (C:\ProgramData\cocos\editors\Creator\3.6.0\resources\app.asar\builtin\builder\dist\worker\console.ccc:1:1306)  
at o (C:\ProgramData\cocos\editors\Creator\3.6.0\resources\app.asar\builtin\builder\dist\worker\builder\setting-task\group.ccc:1:497)  
at C:\ProgramData\cocos\editors\Creator\3.6.0\resources\app.asar\builtin\builder\dist\worker\builder\setting-task\group.ccc:1:735  
at Array.forEach (<anonymous>)  
at BuildTask.handle (C:\ProgramData\cocos\editors\Creator\3.6.0\resources\app.asar\builtin\builder\dist\worker\builder\setting-task\group.ccc:1:618)  
at BuildTask.runBuildTask (C:\ProgramData\cocos\editors\Creator\3.6.0\resources\app.asar\builtin\builder\dist\worker\builder\index.ccc:1:7308)
2025-08-30T12:32:27.499Z - warn: [Build] 资源 {asset(db://assets/resources/texture/big/bg.jpg/texture)} 与资源 {asset(db://assets/resources/texture/big/bg.png/texture)} 的动态加载 URL 相同(texture/big/bg/texture)，请调整目录结构来避免动态加载资源时出现异常。[Build] 资源 {asset(db://assets/resources/texture/big/bg.jpg/texture)} 与资源 {asset(db://assets/resources/texture/big/bg.png/texture)} 的动态加载 URL 相同(texture/big/bg/texture)，请调整目录结构来避免动态加载资源时出现异常。  
at NewConsole.warn (C:\ProgramData\cocos\editors\Creator\3.6.0\resources\app.asar\builtin\builder\dist\worker\console.ccc:1:1306)  
at o (C:\ProgramData\cocos\editors\Creator\3.6.0\resources\app.asar\builtin\builder\dist\worker\builder\setting-task\group.ccc:1:497)  
at C:\ProgramData\cocos\editors\Creator\3.6.0\resources\app.asar\builtin\builder\dist\worker\builder\setting-task\group.ccc:1:735  
at Array.forEach (<anonymous>)  
at BuildTask.handle (C:\ProgramData\cocos\editors\Creator\3.6.0\resources\app.asar\builtin\builder\dist\worker\builder\setting-task\group.ccc:1:618)  
at BuildTask.runBuildTask (C:\ProgramData\cocos\editors\Creator\3.6.0\resources\app.asar\builtin\builder\dist\worker\builder\index.ccc:1:7308)
2025-08-30T12:32:27.500Z - warn: [Build] 资源 {asset(db://assets/resources/texture/big/bg.jpg/spriteFrame)} 与资源 {asset(db://assets/resources/texture/big/bg.png/spriteFrame)} 的动态加载 URL 相同(texture/big/bg/spriteFrame)，请调整目录结构来避免动态加载资源时出现异常。[Build] 资源 {asset(db://assets/resources/texture/big/bg.jpg/spriteFrame)} 与资源 {asset(db://assets/resources/texture/big/bg.png/spriteFrame)} 的动态加载 URL 相同(texture/big/bg/spriteFrame)，请调整目录结构来避免动态加载资源时出现异常。  
at NewConsole.warn (C:\ProgramData\cocos\editors\Creator\3.6.0\resources\app.asar\builtin\builder\dist\worker\console.ccc:1:1306)  
at o (C:\ProgramData\cocos\editors\Creator\3.6.0\resources\app.asar\builtin\builder\dist\worker\builder\setting-task\group.ccc:1:497)  
at C:\ProgramData\cocos\editors\Creator\3.6.0\resources\app.asar\builtin\builder\dist\worker\builder\setting-task\group.ccc:1:735  
at Array.forEach (<anonymous>)  
at BuildTask.handle (C:\ProgramData\cocos\editors\Creator\3.6.0\resources\app.asar\builtin\builder\dist\worker\builder\setting-task\group.ccc:1:618)  
at BuildTask.runBuildTask (C:\ProgramData\cocos\editors\Creator\3.6.0\resources\app.asar\builtin\builder\dist\worker\builder\index.ccc:1:7308)
2025-08-30T12:32:29.971Z - error: [Preview]Cannot read properties of undefined (reading 'includes')errorInfo.stack ? '/n TypeError: Cannot read properties of undefined (reading 'includes')
    at http://localhost:7456/preview-app/index.js:1:2644' : ''
2025-08-30T12:33:35.936Z - error: [Scene] {hidden(::SceneExecutorImportExceptionHandler::)} ReferenceError: protobuf is not defined
    at factory (file:///D:/xuhang/guan_dan/temp/programming/packer-driver/targets/editor/chunks/8a/file:/D:/xuhang/guan_dan/assets/scripts/proto/gameMsg.js:5335:5)
    at CjsLoader._load (file:///D:/xuhang/guan_dan/temp/programming/packer-driver/targets/editor/chunks/e2/cce:/internal/ml/cjs-loader.mjs:78:9)
    at CjsLoader._tryModuleLoad (file:///D:/xuhang/guan_dan/temp/programming/packer-driver/targets/editor/chunks/e2/cce:/internal/ml/cjs-loader.mjs:63:18)
    at CjsLoader._require (file:///D:/xuhang/guan_dan/temp/programming/packer-driver/targets/editor/chunks/e2/cce:/internal/ml/cjs-loader.mjs:42:14)
    at CjsLoader.require (file:///D:/xuhang/guan_dan/temp/programming/packer-driver/targets/editor/chunks/e2/cce:/internal/ml/cjs-loader.mjs:27:21)
    at Object.execute (file:///D:/xuhang/guan_dan/temp/programming/packer-driver/targets/editor/chunks/ee/file:/D:/xuhang/guan_dan/assets/scripts/proto/gameMsg.mjs?cjs=&original=.js:7:8)
    at doExec (C:\ProgramData\cocos\editors\Creator\3.6.0\resources\app.asar\node_modules\@editor\lib-programming\static\executor\systemjs-bridge\out\index.js:517:30)
    at postOrderExec (C:\ProgramData\cocos\editors\Creator\3.6.0\resources\app.asar\node_modules\@editor\lib-programming\static\executor\systemjs-bridge\out\index.js:508:21)
    at C:\ProgramData\cocos\editors\Creator\3.6.0\resources\app.asar\node_modules\@editor\lib-programming\static\executor\systemjs-bridge\out\index.js:440:12
    at file:///D:/xuhang/guan_dan/temp/programming/packer-driver/targets/editor/chunks/04/cce:/internal/x/prerequisite-imports:8:13Error: [Scene] {hidden(::SceneExecutorImportExceptionHandler::)} ReferenceError: protobuf is not defined
    at CjsLoader._require (file:///D:/xuhang/guan_dan/temp/programming/packer-driver/targets/editor/chunks/e2/cce:/internal/ml/cjs-loader.mjs:42:14)
    at CjsLoader.require (file:///D:/xuhang/guan_dan/temp/programming/packer-driver/targets/editor/chunks/e2/cce:/internal/ml/cjs-loader.mjs:27:21)
    at Object.execute (file:///D:/xuhang/guan_dan/temp/programming/packer-driver/targets/editor/chunks/ee/file:/D:/xuhang/guan_dan/assets/scripts/proto/gameMsg.mjs?cjs=&original=.js:7:8)
    at doExec (C:\ProgramData\cocos\editors\Creator\3.6.0\resources\app.asar\node_modules\@editor\lib-programming\static\executor\systemjs-bridge\out\index.js:517:30)
    at postOrderExec (C:\ProgramData\cocos\editors\Creator\3.6.0\resources\app.asar\node_modules\@editor\lib-programming\static\executor\systemjs-bridge\out\index.js:508:21)
    at C:\ProgramData\cocos\editors\Creator\3.6.0\resources\app.asar\node_modules\@editor\lib-programming\static\executor\systemjs-bridge\out\index.js:440:12
    at file:///D:/xuhang/guan_dan/temp/programming/packer-driver/targets/editor/chunks/04/cce:/internal/x/prerequisite-imports:8:13
    at Logger._logHandler (C:\ProgramData\cocos\editors\Creator\3.6.0\resources\app.asar\builtin\scene\dist\script\3d\manager\startup\log.ccc:1:318)
    at Logger.record (C:\ProgramData\cocos\editors\Creator\3.6.0\resources\app.asar\node_modules\@base\electron-logger\lib\renderer.ccc:1:458)
    at console.error (C:\ProgramData\cocos\editors\Creator\3.6.0\resources\app.asar\node_modules\@base\electron-logger\lib\renderer.ccc:1:1414)
    at ScriptManager._handleImportException (C:\ProgramData\cocos\editors\Creator\3.6.0\resources\app.asar\builtin\scene\dist\script\3d\manager\scripts.ccc:1:5825)
    at Executor.importExceptionHandler [as _importExceptionHandler] (C:\ProgramData\cocos\editors\Creator\3.6.0\resources\app.asar\builtin\scene\dist\script\3d\manager\scripts.ccc:1:3509)
    at Executor._onModuleLoaded (C:\ProgramData\cocos\editors\Creator\3.6.0\resources\app.asar\node_modules\@editor\lib-programming\src\executor\index.ts:312:22)
    at SystemJS.onload (C:\ProgramData\cocos\editors\Creator\3.6.0\resources\app.asar\node_modules\@editor\lib-programming\src\executor\index.ts:73:18)
    at triggerOnload (C:\ProgramData\cocos\editors\Creator\3.6.0\resources\app.asar\node_modules\@editor\lib-programming\static\executor\systemjs-bridge\out\index.js:270:10)
    at doExec (C:\ProgramData\cocos\editors\Creator\3.6.0\resources\app.asar\node_modules\@editor\lib-programming\static\executor\systemjs-bridge\out\index.js:538:7)
    at postOrderExec (C:\ProgramData\cocos\editors\Creator\3.6.0\resources\app.asar\node_modules\@editor\lib-programming\static\executor\systemjs-bridge\out\index.js:508:21)
2025-08-30T12:33:36.683Z - warn: [Build] 资源 {asset(db://assets/resources/texture/big/bg.jpg)} 与资源 {asset(db://assets/resources/texture/big/bg.png)} 的动态加载 URL 相同(texture/big/bg)，请调整目录结构来避免动态加载资源时出现异常。[Build] 资源 {asset(db://assets/resources/texture/big/bg.jpg)} 与资源 {asset(db://assets/resources/texture/big/bg.png)} 的动态加载 URL 相同(texture/big/bg)，请调整目录结构来避免动态加载资源时出现异常。  
at NewConsole.warn (C:\ProgramData\cocos\editors\Creator\3.6.0\resources\app.asar\builtin\builder\dist\worker\console.ccc:1:1306)  
at o (C:\ProgramData\cocos\editors\Creator\3.6.0\resources\app.asar\builtin\builder\dist\worker\builder\setting-task\group.ccc:1:497)  
at C:\ProgramData\cocos\editors\Creator\3.6.0\resources\app.asar\builtin\builder\dist\worker\builder\setting-task\group.ccc:1:735  
at Array.forEach (<anonymous>)  
at BuildTask.handle (C:\ProgramData\cocos\editors\Creator\3.6.0\resources\app.asar\builtin\builder\dist\worker\builder\setting-task\group.ccc:1:618)  
at BuildTask.runBuildTask (C:\ProgramData\cocos\editors\Creator\3.6.0\resources\app.asar\builtin\builder\dist\worker\builder\index.ccc:1:7308)
2025-08-30T12:33:36.683Z - warn: [Build] 资源 {asset(db://assets/resources/texture/big/bg.jpg/texture)} 与资源 {asset(db://assets/resources/texture/big/bg.png/texture)} 的动态加载 URL 相同(texture/big/bg/texture)，请调整目录结构来避免动态加载资源时出现异常。[Build] 资源 {asset(db://assets/resources/texture/big/bg.jpg/texture)} 与资源 {asset(db://assets/resources/texture/big/bg.png/texture)} 的动态加载 URL 相同(texture/big/bg/texture)，请调整目录结构来避免动态加载资源时出现异常。  
at NewConsole.warn (C:\ProgramData\cocos\editors\Creator\3.6.0\resources\app.asar\builtin\builder\dist\worker\console.ccc:1:1306)  
at o (C:\ProgramData\cocos\editors\Creator\3.6.0\resources\app.asar\builtin\builder\dist\worker\builder\setting-task\group.ccc:1:497)  
at C:\ProgramData\cocos\editors\Creator\3.6.0\resources\app.asar\builtin\builder\dist\worker\builder\setting-task\group.ccc:1:735  
at Array.forEach (<anonymous>)  
at BuildTask.handle (C:\ProgramData\cocos\editors\Creator\3.6.0\resources\app.asar\builtin\builder\dist\worker\builder\setting-task\group.ccc:1:618)  
at BuildTask.runBuildTask (C:\ProgramData\cocos\editors\Creator\3.6.0\resources\app.asar\builtin\builder\dist\worker\builder\index.ccc:1:7308)
2025-08-30T12:33:36.683Z - warn: [Build] 资源 {asset(db://assets/resources/texture/big/bg.jpg/spriteFrame)} 与资源 {asset(db://assets/resources/texture/big/bg.png/spriteFrame)} 的动态加载 URL 相同(texture/big/bg/spriteFrame)，请调整目录结构来避免动态加载资源时出现异常。[Build] 资源 {asset(db://assets/resources/texture/big/bg.jpg/spriteFrame)} 与资源 {asset(db://assets/resources/texture/big/bg.png/spriteFrame)} 的动态加载 URL 相同(texture/big/bg/spriteFrame)，请调整目录结构来避免动态加载资源时出现异常。  
at NewConsole.warn (C:\ProgramData\cocos\editors\Creator\3.6.0\resources\app.asar\builtin\builder\dist\worker\console.ccc:1:1306)  
at o (C:\ProgramData\cocos\editors\Creator\3.6.0\resources\app.asar\builtin\builder\dist\worker\builder\setting-task\group.ccc:1:497)  
at C:\ProgramData\cocos\editors\Creator\3.6.0\resources\app.asar\builtin\builder\dist\worker\builder\setting-task\group.ccc:1:735  
at Array.forEach (<anonymous>)  
at BuildTask.handle (C:\ProgramData\cocos\editors\Creator\3.6.0\resources\app.asar\builtin\builder\dist\worker\builder\setting-task\group.ccc:1:618)  
at BuildTask.runBuildTask (C:\ProgramData\cocos\editors\Creator\3.6.0\resources\app.asar\builtin\builder\dist\worker\builder\index.ccc:1:7308)
2025-08-30T12:33:40.582Z - error: [Preview]Cannot read properties of undefined (reading 'includes')errorInfo.stack ? '/n TypeError: Cannot read properties of undefined (reading 'includes')
    at http://localhost:7456/preview-app/index.js:1:2644' : ''
2025-08-30T12:34:14.461Z - warn: [Build] 资源 {asset(db://assets/resources/texture/big/bg.jpg)} 与资源 {asset(db://assets/resources/texture/big/bg.png)} 的动态加载 URL 相同(texture/big/bg)，请调整目录结构来避免动态加载资源时出现异常。[Build] 资源 {asset(db://assets/resources/texture/big/bg.jpg)} 与资源 {asset(db://assets/resources/texture/big/bg.png)} 的动态加载 URL 相同(texture/big/bg)，请调整目录结构来避免动态加载资源时出现异常。  
at NewConsole.warn (C:\ProgramData\cocos\editors\Creator\3.6.0\resources\app.asar\builtin\builder\dist\worker\console.ccc:1:1306)  
at o (C:\ProgramData\cocos\editors\Creator\3.6.0\resources\app.asar\builtin\builder\dist\worker\builder\setting-task\group.ccc:1:497)  
at C:\ProgramData\cocos\editors\Creator\3.6.0\resources\app.asar\builtin\builder\dist\worker\builder\setting-task\group.ccc:1:735  
at Array.forEach (<anonymous>)  
at BuildTask.handle (C:\ProgramData\cocos\editors\Creator\3.6.0\resources\app.asar\builtin\builder\dist\worker\builder\setting-task\group.ccc:1:618)  
at BuildTask.runBuildTask (C:\ProgramData\cocos\editors\Creator\3.6.0\resources\app.asar\builtin\builder\dist\worker\builder\index.ccc:1:7308)
2025-08-30T12:34:14.462Z - warn: [Build] 资源 {asset(db://assets/resources/texture/big/bg.jpg/texture)} 与资源 {asset(db://assets/resources/texture/big/bg.png/texture)} 的动态加载 URL 相同(texture/big/bg/texture)，请调整目录结构来避免动态加载资源时出现异常。[Build] 资源 {asset(db://assets/resources/texture/big/bg.jpg/texture)} 与资源 {asset(db://assets/resources/texture/big/bg.png/texture)} 的动态加载 URL 相同(texture/big/bg/texture)，请调整目录结构来避免动态加载资源时出现异常。  
at NewConsole.warn (C:\ProgramData\cocos\editors\Creator\3.6.0\resources\app.asar\builtin\builder\dist\worker\console.ccc:1:1306)  
at o (C:\ProgramData\cocos\editors\Creator\3.6.0\resources\app.asar\builtin\builder\dist\worker\builder\setting-task\group.ccc:1:497)  
at C:\ProgramData\cocos\editors\Creator\3.6.0\resources\app.asar\builtin\builder\dist\worker\builder\setting-task\group.ccc:1:735  
at Array.forEach (<anonymous>)  
at BuildTask.handle (C:\ProgramData\cocos\editors\Creator\3.6.0\resources\app.asar\builtin\builder\dist\worker\builder\setting-task\group.ccc:1:618)  
at BuildTask.runBuildTask (C:\ProgramData\cocos\editors\Creator\3.6.0\resources\app.asar\builtin\builder\dist\worker\builder\index.ccc:1:7308)
2025-08-30T12:34:14.462Z - warn: [Build] 资源 {asset(db://assets/resources/texture/big/bg.jpg/spriteFrame)} 与资源 {asset(db://assets/resources/texture/big/bg.png/spriteFrame)} 的动态加载 URL 相同(texture/big/bg/spriteFrame)，请调整目录结构来避免动态加载资源时出现异常。[Build] 资源 {asset(db://assets/resources/texture/big/bg.jpg/spriteFrame)} 与资源 {asset(db://assets/resources/texture/big/bg.png/spriteFrame)} 的动态加载 URL 相同(texture/big/bg/spriteFrame)，请调整目录结构来避免动态加载资源时出现异常。  
at NewConsole.warn (C:\ProgramData\cocos\editors\Creator\3.6.0\resources\app.asar\builtin\builder\dist\worker\console.ccc:1:1306)  
at o (C:\ProgramData\cocos\editors\Creator\3.6.0\resources\app.asar\builtin\builder\dist\worker\builder\setting-task\group.ccc:1:497)  
at C:\ProgramData\cocos\editors\Creator\3.6.0\resources\app.asar\builtin\builder\dist\worker\builder\setting-task\group.ccc:1:735  
at Array.forEach (<anonymous>)  
at BuildTask.handle (C:\ProgramData\cocos\editors\Creator\3.6.0\resources\app.asar\builtin\builder\dist\worker\builder\setting-task\group.ccc:1:618)  
at BuildTask.runBuildTask (C:\ProgramData\cocos\editors\Creator\3.6.0\resources\app.asar\builtin\builder\dist\worker\builder\index.ccc:1:7308)
2025-08-30T12:34:16.578Z - error: [Preview]Cannot read properties of undefined (reading 'includes')errorInfo.stack ? '/n TypeError: Cannot read properties of undefined (reading 'includes')
    at http://localhost:7456/preview-app/index.js:1:2644' : ''
2025-08-30T12:38:53.127Z - error: [Scene] {hidden(::SceneExecutorImportExceptionHandler::)} ReferenceError: protobuf is not defined
    at factory (file:///D:/xuhang/guan_dan/temp/programming/packer-driver/targets/editor/chunks/8a/file:/D:/xuhang/guan_dan/assets/scripts/proto/gameMsg.js:5335:5)
    at CjsLoader._load (file:///D:/xuhang/guan_dan/temp/programming/packer-driver/targets/editor/chunks/e2/cce:/internal/ml/cjs-loader.mjs:78:9)
    at CjsLoader._tryModuleLoad (file:///D:/xuhang/guan_dan/temp/programming/packer-driver/targets/editor/chunks/e2/cce:/internal/ml/cjs-loader.mjs:63:18)
    at CjsLoader._require (file:///D:/xuhang/guan_dan/temp/programming/packer-driver/targets/editor/chunks/e2/cce:/internal/ml/cjs-loader.mjs:42:14)
    at CjsLoader.require (file:///D:/xuhang/guan_dan/temp/programming/packer-driver/targets/editor/chunks/e2/cce:/internal/ml/cjs-loader.mjs:27:21)
    at Object.execute (file:///D:/xuhang/guan_dan/temp/programming/packer-driver/targets/editor/chunks/ee/file:/D:/xuhang/guan_dan/assets/scripts/proto/gameMsg.mjs?cjs=&original=.js:7:8)
    at doExec (C:\ProgramData\cocos\editors\Creator\3.6.0\resources\app.asar\node_modules\@editor\lib-programming\static\executor\systemjs-bridge\out\index.js:517:30)
    at postOrderExec (C:\ProgramData\cocos\editors\Creator\3.6.0\resources\app.asar\node_modules\@editor\lib-programming\static\executor\systemjs-bridge\out\index.js:508:21)
    at C:\ProgramData\cocos\editors\Creator\3.6.0\resources\app.asar\node_modules\@editor\lib-programming\static\executor\systemjs-bridge\out\index.js:440:12
    at file:///D:/xuhang/guan_dan/temp/programming/packer-driver/targets/editor/chunks/04/cce:/internal/x/prerequisite-imports:8:13Error: [Scene] {hidden(::SceneExecutorImportExceptionHandler::)} ReferenceError: protobuf is not defined
    at CjsLoader._require (file:///D:/xuhang/guan_dan/temp/programming/packer-driver/targets/editor/chunks/e2/cce:/internal/ml/cjs-loader.mjs:42:14)
    at CjsLoader.require (file:///D:/xuhang/guan_dan/temp/programming/packer-driver/targets/editor/chunks/e2/cce:/internal/ml/cjs-loader.mjs:27:21)
    at Object.execute (file:///D:/xuhang/guan_dan/temp/programming/packer-driver/targets/editor/chunks/ee/file:/D:/xuhang/guan_dan/assets/scripts/proto/gameMsg.mjs?cjs=&original=.js:7:8)
    at doExec (C:\ProgramData\cocos\editors\Creator\3.6.0\resources\app.asar\node_modules\@editor\lib-programming\static\executor\systemjs-bridge\out\index.js:517:30)
    at postOrderExec (C:\ProgramData\cocos\editors\Creator\3.6.0\resources\app.asar\node_modules\@editor\lib-programming\static\executor\systemjs-bridge\out\index.js:508:21)
    at C:\ProgramData\cocos\editors\Creator\3.6.0\resources\app.asar\node_modules\@editor\lib-programming\static\executor\systemjs-bridge\out\index.js:440:12
    at file:///D:/xuhang/guan_dan/temp/programming/packer-driver/targets/editor/chunks/04/cce:/internal/x/prerequisite-imports:8:13
    at Logger._logHandler (C:\ProgramData\cocos\editors\Creator\3.6.0\resources\app.asar\builtin\scene\dist\script\3d\manager\startup\log.ccc:1:318)
    at Logger.record (C:\ProgramData\cocos\editors\Creator\3.6.0\resources\app.asar\node_modules\@base\electron-logger\lib\renderer.ccc:1:458)
    at console.error (C:\ProgramData\cocos\editors\Creator\3.6.0\resources\app.asar\node_modules\@base\electron-logger\lib\renderer.ccc:1:1414)
    at ScriptManager._handleImportException (C:\ProgramData\cocos\editors\Creator\3.6.0\resources\app.asar\builtin\scene\dist\script\3d\manager\scripts.ccc:1:5825)
    at Executor.importExceptionHandler [as _importExceptionHandler] (C:\ProgramData\cocos\editors\Creator\3.6.0\resources\app.asar\builtin\scene\dist\script\3d\manager\scripts.ccc:1:3509)
    at Executor._onModuleLoaded (C:\ProgramData\cocos\editors\Creator\3.6.0\resources\app.asar\node_modules\@editor\lib-programming\src\executor\index.ts:312:22)
    at SystemJS.onload (C:\ProgramData\cocos\editors\Creator\3.6.0\resources\app.asar\node_modules\@editor\lib-programming\src\executor\index.ts:73:18)
    at triggerOnload (C:\ProgramData\cocos\editors\Creator\3.6.0\resources\app.asar\node_modules\@editor\lib-programming\static\executor\systemjs-bridge\out\index.js:270:10)
    at doExec (C:\ProgramData\cocos\editors\Creator\3.6.0\resources\app.asar\node_modules\@editor\lib-programming\static\executor\systemjs-bridge\out\index.js:538:7)
    at postOrderExec (C:\ProgramData\cocos\editors\Creator\3.6.0\resources\app.asar\node_modules\@editor\lib-programming\static\executor\systemjs-bridge\out\index.js:508:21)
2025-08-30T12:38:53.860Z - warn: [Build] 资源 {asset(db://assets/resources/texture/big/bg.jpg)} 与资源 {asset(db://assets/resources/texture/big/bg.png)} 的动态加载 URL 相同(texture/big/bg)，请调整目录结构来避免动态加载资源时出现异常。[Build] 资源 {asset(db://assets/resources/texture/big/bg.jpg)} 与资源 {asset(db://assets/resources/texture/big/bg.png)} 的动态加载 URL 相同(texture/big/bg)，请调整目录结构来避免动态加载资源时出现异常。  
at NewConsole.warn (C:\ProgramData\cocos\editors\Creator\3.6.0\resources\app.asar\builtin\builder\dist\worker\console.ccc:1:1306)  
at o (C:\ProgramData\cocos\editors\Creator\3.6.0\resources\app.asar\builtin\builder\dist\worker\builder\setting-task\group.ccc:1:497)  
at C:\ProgramData\cocos\editors\Creator\3.6.0\resources\app.asar\builtin\builder\dist\worker\builder\setting-task\group.ccc:1:735  
at Array.forEach (<anonymous>)  
at BuildTask.handle (C:\ProgramData\cocos\editors\Creator\3.6.0\resources\app.asar\builtin\builder\dist\worker\builder\setting-task\group.ccc:1:618)  
at BuildTask.runBuildTask (C:\ProgramData\cocos\editors\Creator\3.6.0\resources\app.asar\builtin\builder\dist\worker\builder\index.ccc:1:7308)
2025-08-30T12:38:53.861Z - warn: [Build] 资源 {asset(db://assets/resources/texture/big/bg.jpg/texture)} 与资源 {asset(db://assets/resources/texture/big/bg.png/texture)} 的动态加载 URL 相同(texture/big/bg/texture)，请调整目录结构来避免动态加载资源时出现异常。[Build] 资源 {asset(db://assets/resources/texture/big/bg.jpg/texture)} 与资源 {asset(db://assets/resources/texture/big/bg.png/texture)} 的动态加载 URL 相同(texture/big/bg/texture)，请调整目录结构来避免动态加载资源时出现异常。  
at NewConsole.warn (C:\ProgramData\cocos\editors\Creator\3.6.0\resources\app.asar\builtin\builder\dist\worker\console.ccc:1:1306)  
at o (C:\ProgramData\cocos\editors\Creator\3.6.0\resources\app.asar\builtin\builder\dist\worker\builder\setting-task\group.ccc:1:497)  
at C:\ProgramData\cocos\editors\Creator\3.6.0\resources\app.asar\builtin\builder\dist\worker\builder\setting-task\group.ccc:1:735  
at Array.forEach (<anonymous>)  
at BuildTask.handle (C:\ProgramData\cocos\editors\Creator\3.6.0\resources\app.asar\builtin\builder\dist\worker\builder\setting-task\group.ccc:1:618)  
at BuildTask.runBuildTask (C:\ProgramData\cocos\editors\Creator\3.6.0\resources\app.asar\builtin\builder\dist\worker\builder\index.ccc:1:7308)
2025-08-30T12:38:53.861Z - warn: [Build] 资源 {asset(db://assets/resources/texture/big/bg.jpg/spriteFrame)} 与资源 {asset(db://assets/resources/texture/big/bg.png/spriteFrame)} 的动态加载 URL 相同(texture/big/bg/spriteFrame)，请调整目录结构来避免动态加载资源时出现异常。[Build] 资源 {asset(db://assets/resources/texture/big/bg.jpg/spriteFrame)} 与资源 {asset(db://assets/resources/texture/big/bg.png/spriteFrame)} 的动态加载 URL 相同(texture/big/bg/spriteFrame)，请调整目录结构来避免动态加载资源时出现异常。  
at NewConsole.warn (C:\ProgramData\cocos\editors\Creator\3.6.0\resources\app.asar\builtin\builder\dist\worker\console.ccc:1:1306)  
at o (C:\ProgramData\cocos\editors\Creator\3.6.0\resources\app.asar\builtin\builder\dist\worker\builder\setting-task\group.ccc:1:497)  
at C:\ProgramData\cocos\editors\Creator\3.6.0\resources\app.asar\builtin\builder\dist\worker\builder\setting-task\group.ccc:1:735  
at Array.forEach (<anonymous>)  
at BuildTask.handle (C:\ProgramData\cocos\editors\Creator\3.6.0\resources\app.asar\builtin\builder\dist\worker\builder\setting-task\group.ccc:1:618)  
at BuildTask.runBuildTask (C:\ProgramData\cocos\editors\Creator\3.6.0\resources\app.asar\builtin\builder\dist\worker\builder\index.ccc:1:7308)
2025-08-30T12:39:35.964Z - error: [Scene] {hidden(::SceneExecutorImportExceptionHandler::)} ReferenceError: protobuf is not defined
    at factory (file:///D:/xuhang/guan_dan/temp/programming/packer-driver/targets/editor/chunks/8a/file:/D:/xuhang/guan_dan/assets/scripts/proto/gameMsg.js:5335:5)
    at CjsLoader._load (file:///D:/xuhang/guan_dan/temp/programming/packer-driver/targets/editor/chunks/e2/cce:/internal/ml/cjs-loader.mjs:78:9)
    at CjsLoader._tryModuleLoad (file:///D:/xuhang/guan_dan/temp/programming/packer-driver/targets/editor/chunks/e2/cce:/internal/ml/cjs-loader.mjs:63:18)
    at CjsLoader._require (file:///D:/xuhang/guan_dan/temp/programming/packer-driver/targets/editor/chunks/e2/cce:/internal/ml/cjs-loader.mjs:42:14)
    at CjsLoader.require (file:///D:/xuhang/guan_dan/temp/programming/packer-driver/targets/editor/chunks/e2/cce:/internal/ml/cjs-loader.mjs:27:21)
    at Object.execute (file:///D:/xuhang/guan_dan/temp/programming/packer-driver/targets/editor/chunks/ee/file:/D:/xuhang/guan_dan/assets/scripts/proto/gameMsg.mjs?cjs=&original=.js:7:8)
    at doExec (C:\ProgramData\cocos\editors\Creator\3.6.0\resources\app.asar\node_modules\@editor\lib-programming\static\executor\systemjs-bridge\out\index.js:517:30)
    at postOrderExec (C:\ProgramData\cocos\editors\Creator\3.6.0\resources\app.asar\node_modules\@editor\lib-programming\static\executor\systemjs-bridge\out\index.js:508:21)
    at C:\ProgramData\cocos\editors\Creator\3.6.0\resources\app.asar\node_modules\@editor\lib-programming\static\executor\systemjs-bridge\out\index.js:440:12
    at file:///D:/xuhang/guan_dan/temp/programming/packer-driver/targets/editor/chunks/04/cce:/internal/x/prerequisite-imports:8:13Error: [Scene] {hidden(::SceneExecutorImportExceptionHandler::)} ReferenceError: protobuf is not defined
    at CjsLoader._require (file:///D:/xuhang/guan_dan/temp/programming/packer-driver/targets/editor/chunks/e2/cce:/internal/ml/cjs-loader.mjs:42:14)
    at CjsLoader.require (file:///D:/xuhang/guan_dan/temp/programming/packer-driver/targets/editor/chunks/e2/cce:/internal/ml/cjs-loader.mjs:27:21)
    at Object.execute (file:///D:/xuhang/guan_dan/temp/programming/packer-driver/targets/editor/chunks/ee/file:/D:/xuhang/guan_dan/assets/scripts/proto/gameMsg.mjs?cjs=&original=.js:7:8)
    at doExec (C:\ProgramData\cocos\editors\Creator\3.6.0\resources\app.asar\node_modules\@editor\lib-programming\static\executor\systemjs-bridge\out\index.js:517:30)
    at postOrderExec (C:\ProgramData\cocos\editors\Creator\3.6.0\resources\app.asar\node_modules\@editor\lib-programming\static\executor\systemjs-bridge\out\index.js:508:21)
    at C:\ProgramData\cocos\editors\Creator\3.6.0\resources\app.asar\node_modules\@editor\lib-programming\static\executor\systemjs-bridge\out\index.js:440:12
    at file:///D:/xuhang/guan_dan/temp/programming/packer-driver/targets/editor/chunks/04/cce:/internal/x/prerequisite-imports:8:13
    at Logger._logHandler (C:\ProgramData\cocos\editors\Creator\3.6.0\resources\app.asar\builtin\scene\dist\script\3d\manager\startup\log.ccc:1:318)
    at Logger.record (C:\ProgramData\cocos\editors\Creator\3.6.0\resources\app.asar\node_modules\@base\electron-logger\lib\renderer.ccc:1:458)
    at console.error (C:\ProgramData\cocos\editors\Creator\3.6.0\resources\app.asar\node_modules\@base\electron-logger\lib\renderer.ccc:1:1414)
    at ScriptManager._handleImportException (C:\ProgramData\cocos\editors\Creator\3.6.0\resources\app.asar\builtin\scene\dist\script\3d\manager\scripts.ccc:1:5825)
    at Executor.importExceptionHandler [as _importExceptionHandler] (C:\ProgramData\cocos\editors\Creator\3.6.0\resources\app.asar\builtin\scene\dist\script\3d\manager\scripts.ccc:1:3509)
    at Executor._onModuleLoaded (C:\ProgramData\cocos\editors\Creator\3.6.0\resources\app.asar\node_modules\@editor\lib-programming\src\executor\index.ts:312:22)
    at SystemJS.onload (C:\ProgramData\cocos\editors\Creator\3.6.0\resources\app.asar\node_modules\@editor\lib-programming\src\executor\index.ts:73:18)
    at triggerOnload (C:\ProgramData\cocos\editors\Creator\3.6.0\resources\app.asar\node_modules\@editor\lib-programming\static\executor\systemjs-bridge\out\index.js:270:10)
    at doExec (C:\ProgramData\cocos\editors\Creator\3.6.0\resources\app.asar\node_modules\@editor\lib-programming\static\executor\systemjs-bridge\out\index.js:538:7)
    at postOrderExec (C:\ProgramData\cocos\editors\Creator\3.6.0\resources\app.asar\node_modules\@editor\lib-programming\static\executor\systemjs-bridge\out\index.js:508:21)
2025-08-30T12:39:36.717Z - warn: [Build] 资源 {asset(db://assets/resources/texture/big/bg.jpg)} 与资源 {asset(db://assets/resources/texture/big/bg.png)} 的动态加载 URL 相同(texture/big/bg)，请调整目录结构来避免动态加载资源时出现异常。[Build] 资源 {asset(db://assets/resources/texture/big/bg.jpg)} 与资源 {asset(db://assets/resources/texture/big/bg.png)} 的动态加载 URL 相同(texture/big/bg)，请调整目录结构来避免动态加载资源时出现异常。  
at NewConsole.warn (C:\ProgramData\cocos\editors\Creator\3.6.0\resources\app.asar\builtin\builder\dist\worker\console.ccc:1:1306)  
at o (C:\ProgramData\cocos\editors\Creator\3.6.0\resources\app.asar\builtin\builder\dist\worker\builder\setting-task\group.ccc:1:497)  
at C:\ProgramData\cocos\editors\Creator\3.6.0\resources\app.asar\builtin\builder\dist\worker\builder\setting-task\group.ccc:1:735  
at Array.forEach (<anonymous>)  
at BuildTask.handle (C:\ProgramData\cocos\editors\Creator\3.6.0\resources\app.asar\builtin\builder\dist\worker\builder\setting-task\group.ccc:1:618)  
at BuildTask.runBuildTask (C:\ProgramData\cocos\editors\Creator\3.6.0\resources\app.asar\builtin\builder\dist\worker\builder\index.ccc:1:7308)
2025-08-30T12:39:36.718Z - warn: [Build] 资源 {asset(db://assets/resources/texture/big/bg.jpg/texture)} 与资源 {asset(db://assets/resources/texture/big/bg.png/texture)} 的动态加载 URL 相同(texture/big/bg/texture)，请调整目录结构来避免动态加载资源时出现异常。[Build] 资源 {asset(db://assets/resources/texture/big/bg.jpg/texture)} 与资源 {asset(db://assets/resources/texture/big/bg.png/texture)} 的动态加载 URL 相同(texture/big/bg/texture)，请调整目录结构来避免动态加载资源时出现异常。  
at NewConsole.warn (C:\ProgramData\cocos\editors\Creator\3.6.0\resources\app.asar\builtin\builder\dist\worker\console.ccc:1:1306)  
at o (C:\ProgramData\cocos\editors\Creator\3.6.0\resources\app.asar\builtin\builder\dist\worker\builder\setting-task\group.ccc:1:497)  
at C:\ProgramData\cocos\editors\Creator\3.6.0\resources\app.asar\builtin\builder\dist\worker\builder\setting-task\group.ccc:1:735  
at Array.forEach (<anonymous>)  
at BuildTask.handle (C:\ProgramData\cocos\editors\Creator\3.6.0\resources\app.asar\builtin\builder\dist\worker\builder\setting-task\group.ccc:1:618)  
at BuildTask.runBuildTask (C:\ProgramData\cocos\editors\Creator\3.6.0\resources\app.asar\builtin\builder\dist\worker\builder\index.ccc:1:7308)
2025-08-30T12:39:36.718Z - warn: [Build] 资源 {asset(db://assets/resources/texture/big/bg.jpg/spriteFrame)} 与资源 {asset(db://assets/resources/texture/big/bg.png/spriteFrame)} 的动态加载 URL 相同(texture/big/bg/spriteFrame)，请调整目录结构来避免动态加载资源时出现异常。[Build] 资源 {asset(db://assets/resources/texture/big/bg.jpg/spriteFrame)} 与资源 {asset(db://assets/resources/texture/big/bg.png/spriteFrame)} 的动态加载 URL 相同(texture/big/bg/spriteFrame)，请调整目录结构来避免动态加载资源时出现异常。  
at NewConsole.warn (C:\ProgramData\cocos\editors\Creator\3.6.0\resources\app.asar\builtin\builder\dist\worker\console.ccc:1:1306)  
at o (C:\ProgramData\cocos\editors\Creator\3.6.0\resources\app.asar\builtin\builder\dist\worker\builder\setting-task\group.ccc:1:497)  
at C:\ProgramData\cocos\editors\Creator\3.6.0\resources\app.asar\builtin\builder\dist\worker\builder\setting-task\group.ccc:1:735  
at Array.forEach (<anonymous>)  
at BuildTask.handle (C:\ProgramData\cocos\editors\Creator\3.6.0\resources\app.asar\builtin\builder\dist\worker\builder\setting-task\group.ccc:1:618)  
at BuildTask.runBuildTask (C:\ProgramData\cocos\editors\Creator\3.6.0\resources\app.asar\builtin\builder\dist\worker\builder\index.ccc:1:7308)
2025-08-30T12:49:25.896Z - error: getImSetting failed
2025-08-30T13:09:19.096Z - warn: [Build] 资源 {asset(db://assets/resources/texture/big/bg.jpg)} 与资源 {asset(db://assets/resources/texture/big/bg.png)} 的动态加载 URL 相同(texture/big/bg)，请调整目录结构来避免动态加载资源时出现异常。[Build] 资源 {asset(db://assets/resources/texture/big/bg.jpg)} 与资源 {asset(db://assets/resources/texture/big/bg.png)} 的动态加载 URL 相同(texture/big/bg)，请调整目录结构来避免动态加载资源时出现异常。  
at NewConsole.warn (C:\ProgramData\cocos\editors\Creator\3.6.0\resources\app.asar\builtin\builder\dist\worker\console.ccc:1:1306)  
at o (C:\ProgramData\cocos\editors\Creator\3.6.0\resources\app.asar\builtin\builder\dist\worker\builder\setting-task\group.ccc:1:497)  
at C:\ProgramData\cocos\editors\Creator\3.6.0\resources\app.asar\builtin\builder\dist\worker\builder\setting-task\group.ccc:1:735  
at Array.forEach (<anonymous>)  
at BuildTask.handle (C:\ProgramData\cocos\editors\Creator\3.6.0\resources\app.asar\builtin\builder\dist\worker\builder\setting-task\group.ccc:1:618)  
at BuildTask.runBuildTask (C:\ProgramData\cocos\editors\Creator\3.6.0\resources\app.asar\builtin\builder\dist\worker\builder\index.ccc:1:7308)
2025-08-30T13:09:19.096Z - warn: [Build] 资源 {asset(db://assets/resources/texture/big/bg.jpg/texture)} 与资源 {asset(db://assets/resources/texture/big/bg.png/texture)} 的动态加载 URL 相同(texture/big/bg/texture)，请调整目录结构来避免动态加载资源时出现异常。[Build] 资源 {asset(db://assets/resources/texture/big/bg.jpg/texture)} 与资源 {asset(db://assets/resources/texture/big/bg.png/texture)} 的动态加载 URL 相同(texture/big/bg/texture)，请调整目录结构来避免动态加载资源时出现异常。  
at NewConsole.warn (C:\ProgramData\cocos\editors\Creator\3.6.0\resources\app.asar\builtin\builder\dist\worker\console.ccc:1:1306)  
at o (C:\ProgramData\cocos\editors\Creator\3.6.0\resources\app.asar\builtin\builder\dist\worker\builder\setting-task\group.ccc:1:497)  
at C:\ProgramData\cocos\editors\Creator\3.6.0\resources\app.asar\builtin\builder\dist\worker\builder\setting-task\group.ccc:1:735  
at Array.forEach (<anonymous>)  
at BuildTask.handle (C:\ProgramData\cocos\editors\Creator\3.6.0\resources\app.asar\builtin\builder\dist\worker\builder\setting-task\group.ccc:1:618)  
at BuildTask.runBuildTask (C:\ProgramData\cocos\editors\Creator\3.6.0\resources\app.asar\builtin\builder\dist\worker\builder\index.ccc:1:7308)
2025-08-30T13:09:19.096Z - warn: [Build] 资源 {asset(db://assets/resources/texture/big/bg.jpg/spriteFrame)} 与资源 {asset(db://assets/resources/texture/big/bg.png/spriteFrame)} 的动态加载 URL 相同(texture/big/bg/spriteFrame)，请调整目录结构来避免动态加载资源时出现异常。[Build] 资源 {asset(db://assets/resources/texture/big/bg.jpg/spriteFrame)} 与资源 {asset(db://assets/resources/texture/big/bg.png/spriteFrame)} 的动态加载 URL 相同(texture/big/bg/spriteFrame)，请调整目录结构来避免动态加载资源时出现异常。  
at NewConsole.warn (C:\ProgramData\cocos\editors\Creator\3.6.0\resources\app.asar\builtin\builder\dist\worker\console.ccc:1:1306)  
at o (C:\ProgramData\cocos\editors\Creator\3.6.0\resources\app.asar\builtin\builder\dist\worker\builder\setting-task\group.ccc:1:497)  
at C:\ProgramData\cocos\editors\Creator\3.6.0\resources\app.asar\builtin\builder\dist\worker\builder\setting-task\group.ccc:1:735  
at Array.forEach (<anonymous>)  
at BuildTask.handle (C:\ProgramData\cocos\editors\Creator\3.6.0\resources\app.asar\builtin\builder\dist\worker\builder\setting-task\group.ccc:1:618)  
at BuildTask.runBuildTask (C:\ProgramData\cocos\editors\Creator\3.6.0\resources\app.asar\builtin\builder\dist\worker\builder\index.ccc:1:7308)
2025-08-30T13:09:21.987Z - warn: [Build] 资源 {asset(db://assets/resources/texture/big/bg.jpg)} 与资源 {asset(db://assets/resources/texture/big/bg.png)} 的动态加载 URL 相同(texture/big/bg)，请调整目录结构来避免动态加载资源时出现异常。[Build] 资源 {asset(db://assets/resources/texture/big/bg.jpg)} 与资源 {asset(db://assets/resources/texture/big/bg.png)} 的动态加载 URL 相同(texture/big/bg)，请调整目录结构来避免动态加载资源时出现异常。  
at NewConsole.warn (C:\ProgramData\cocos\editors\Creator\3.6.0\resources\app.asar\builtin\builder\dist\worker\console.ccc:1:1306)  
at o (C:\ProgramData\cocos\editors\Creator\3.6.0\resources\app.asar\builtin\builder\dist\worker\builder\setting-task\group.ccc:1:497)  
at C:\ProgramData\cocos\editors\Creator\3.6.0\resources\app.asar\builtin\builder\dist\worker\builder\setting-task\group.ccc:1:735  
at Array.forEach (<anonymous>)  
at BuildTask.handle (C:\ProgramData\cocos\editors\Creator\3.6.0\resources\app.asar\builtin\builder\dist\worker\builder\setting-task\group.ccc:1:618)  
at BuildTask.runBuildTask (C:\ProgramData\cocos\editors\Creator\3.6.0\resources\app.asar\builtin\builder\dist\worker\builder\index.ccc:1:7308)
2025-08-30T13:09:22.001Z - warn: [Build] 资源 {asset(db://assets/resources/texture/big/bg.jpg/texture)} 与资源 {asset(db://assets/resources/texture/big/bg.png/texture)} 的动态加载 URL 相同(texture/big/bg/texture)，请调整目录结构来避免动态加载资源时出现异常。[Build] 资源 {asset(db://assets/resources/texture/big/bg.jpg/texture)} 与资源 {asset(db://assets/resources/texture/big/bg.png/texture)} 的动态加载 URL 相同(texture/big/bg/texture)，请调整目录结构来避免动态加载资源时出现异常。  
at NewConsole.warn (C:\ProgramData\cocos\editors\Creator\3.6.0\resources\app.asar\builtin\builder\dist\worker\console.ccc:1:1306)  
at o (C:\ProgramData\cocos\editors\Creator\3.6.0\resources\app.asar\builtin\builder\dist\worker\builder\setting-task\group.ccc:1:497)  
at C:\ProgramData\cocos\editors\Creator\3.6.0\resources\app.asar\builtin\builder\dist\worker\builder\setting-task\group.ccc:1:735  
at Array.forEach (<anonymous>)  
at BuildTask.handle (C:\ProgramData\cocos\editors\Creator\3.6.0\resources\app.asar\builtin\builder\dist\worker\builder\setting-task\group.ccc:1:618)  
at BuildTask.runBuildTask (C:\ProgramData\cocos\editors\Creator\3.6.0\resources\app.asar\builtin\builder\dist\worker\builder\index.ccc:1:7308)
2025-08-30T13:09:22.001Z - warn: [Build] 资源 {asset(db://assets/resources/texture/big/bg.jpg/spriteFrame)} 与资源 {asset(db://assets/resources/texture/big/bg.png/spriteFrame)} 的动态加载 URL 相同(texture/big/bg/spriteFrame)，请调整目录结构来避免动态加载资源时出现异常。[Build] 资源 {asset(db://assets/resources/texture/big/bg.jpg/spriteFrame)} 与资源 {asset(db://assets/resources/texture/big/bg.png/spriteFrame)} 的动态加载 URL 相同(texture/big/bg/spriteFrame)，请调整目录结构来避免动态加载资源时出现异常。  
at NewConsole.warn (C:\ProgramData\cocos\editors\Creator\3.6.0\resources\app.asar\builtin\builder\dist\worker\console.ccc:1:1306)  
at o (C:\ProgramData\cocos\editors\Creator\3.6.0\resources\app.asar\builtin\builder\dist\worker\builder\setting-task\group.ccc:1:497)  
at C:\ProgramData\cocos\editors\Creator\3.6.0\resources\app.asar\builtin\builder\dist\worker\builder\setting-task\group.ccc:1:735  
at Array.forEach (<anonymous>)  
at BuildTask.handle (C:\ProgramData\cocos\editors\Creator\3.6.0\resources\app.asar\builtin\builder\dist\worker\builder\setting-task\group.ccc:1:618)  
at BuildTask.runBuildTask (C:\ProgramData\cocos\editors\Creator\3.6.0\resources\app.asar\builtin\builder\dist\worker\builder\index.ccc:1:7308)
2025-08-30T13:09:26.666Z - error: getImSetting failed
2025-08-30T13:14:26.808Z - error: getImSetting failed
2025-08-30T13:16:06.462Z - error: [Scene] {hidden(::SceneExecutorImportExceptionHandler::)} ReferenceError: protobuf is not defined
    at factory (file:///D:/xuhang/guan_dan/temp/programming/packer-driver/targets/editor/chunks/8a/file:/D:/xuhang/guan_dan/assets/scripts/proto/gameMsg.js:5335:5)
    at CjsLoader._load (file:///D:/xuhang/guan_dan/temp/programming/packer-driver/targets/editor/chunks/e2/cce:/internal/ml/cjs-loader.mjs:78:9)
    at CjsLoader._tryModuleLoad (file:///D:/xuhang/guan_dan/temp/programming/packer-driver/targets/editor/chunks/e2/cce:/internal/ml/cjs-loader.mjs:63:18)
    at CjsLoader._require (file:///D:/xuhang/guan_dan/temp/programming/packer-driver/targets/editor/chunks/e2/cce:/internal/ml/cjs-loader.mjs:42:14)
    at CjsLoader.require (file:///D:/xuhang/guan_dan/temp/programming/packer-driver/targets/editor/chunks/e2/cce:/internal/ml/cjs-loader.mjs:27:21)
    at Object.execute (file:///D:/xuhang/guan_dan/temp/programming/packer-driver/targets/editor/chunks/ee/file:/D:/xuhang/guan_dan/assets/scripts/proto/gameMsg.mjs?cjs=&original=.js:7:8)
    at doExec (C:\ProgramData\cocos\editors\Creator\3.6.0\resources\app.asar\node_modules\@editor\lib-programming\static\executor\systemjs-bridge\out\index.js:517:30)
    at postOrderExec (C:\ProgramData\cocos\editors\Creator\3.6.0\resources\app.asar\node_modules\@editor\lib-programming\static\executor\systemjs-bridge\out\index.js:508:21)
    at C:\ProgramData\cocos\editors\Creator\3.6.0\resources\app.asar\node_modules\@editor\lib-programming\static\executor\systemjs-bridge\out\index.js:440:12
    at file:///D:/xuhang/guan_dan/temp/programming/packer-driver/targets/editor/chunks/04/cce:/internal/x/prerequisite-imports:8:13Error: [Scene] {hidden(::SceneExecutorImportExceptionHandler::)} ReferenceError: protobuf is not defined
    at CjsLoader._require (file:///D:/xuhang/guan_dan/temp/programming/packer-driver/targets/editor/chunks/e2/cce:/internal/ml/cjs-loader.mjs:42:14)
    at CjsLoader.require (file:///D:/xuhang/guan_dan/temp/programming/packer-driver/targets/editor/chunks/e2/cce:/internal/ml/cjs-loader.mjs:27:21)
    at Object.execute (file:///D:/xuhang/guan_dan/temp/programming/packer-driver/targets/editor/chunks/ee/file:/D:/xuhang/guan_dan/assets/scripts/proto/gameMsg.mjs?cjs=&original=.js:7:8)
    at doExec (C:\ProgramData\cocos\editors\Creator\3.6.0\resources\app.asar\node_modules\@editor\lib-programming\static\executor\systemjs-bridge\out\index.js:517:30)
    at postOrderExec (C:\ProgramData\cocos\editors\Creator\3.6.0\resources\app.asar\node_modules\@editor\lib-programming\static\executor\systemjs-bridge\out\index.js:508:21)
    at C:\ProgramData\cocos\editors\Creator\3.6.0\resources\app.asar\node_modules\@editor\lib-programming\static\executor\systemjs-bridge\out\index.js:440:12
    at file:///D:/xuhang/guan_dan/temp/programming/packer-driver/targets/editor/chunks/04/cce:/internal/x/prerequisite-imports:8:13
    at Logger._logHandler (C:\ProgramData\cocos\editors\Creator\3.6.0\resources\app.asar\builtin\scene\dist\script\3d\manager\startup\log.ccc:1:318)
    at Logger.record (C:\ProgramData\cocos\editors\Creator\3.6.0\resources\app.asar\node_modules\@base\electron-logger\lib\renderer.ccc:1:458)
    at console.error (C:\ProgramData\cocos\editors\Creator\3.6.0\resources\app.asar\node_modules\@base\electron-logger\lib\renderer.ccc:1:1414)
    at ScriptManager._handleImportException (C:\ProgramData\cocos\editors\Creator\3.6.0\resources\app.asar\builtin\scene\dist\script\3d\manager\scripts.ccc:1:5825)
    at Executor.importExceptionHandler [as _importExceptionHandler] (C:\ProgramData\cocos\editors\Creator\3.6.0\resources\app.asar\builtin\scene\dist\script\3d\manager\scripts.ccc:1:3509)
    at Executor._onModuleLoaded (C:\ProgramData\cocos\editors\Creator\3.6.0\resources\app.asar\node_modules\@editor\lib-programming\src\executor\index.ts:312:22)
    at SystemJS.onload (C:\ProgramData\cocos\editors\Creator\3.6.0\resources\app.asar\node_modules\@editor\lib-programming\src\executor\index.ts:73:18)
    at triggerOnload (C:\ProgramData\cocos\editors\Creator\3.6.0\resources\app.asar\node_modules\@editor\lib-programming\static\executor\systemjs-bridge\out\index.js:270:10)
    at doExec (C:\ProgramData\cocos\editors\Creator\3.6.0\resources\app.asar\node_modules\@editor\lib-programming\static\executor\systemjs-bridge\out\index.js:538:7)
    at postOrderExec (C:\ProgramData\cocos\editors\Creator\3.6.0\resources\app.asar\node_modules\@editor\lib-programming\static\executor\systemjs-bridge\out\index.js:508:21)
2025-08-30T13:16:07.495Z - warn: [Build] 资源 {asset(db://assets/resources/texture/big/bg.jpg)} 与资源 {asset(db://assets/resources/texture/big/bg.png)} 的动态加载 URL 相同(texture/big/bg)，请调整目录结构来避免动态加载资源时出现异常。[Build] 资源 {asset(db://assets/resources/texture/big/bg.jpg)} 与资源 {asset(db://assets/resources/texture/big/bg.png)} 的动态加载 URL 相同(texture/big/bg)，请调整目录结构来避免动态加载资源时出现异常。  
at NewConsole.warn (C:\ProgramData\cocos\editors\Creator\3.6.0\resources\app.asar\builtin\builder\dist\worker\console.ccc:1:1306)  
at o (C:\ProgramData\cocos\editors\Creator\3.6.0\resources\app.asar\builtin\builder\dist\worker\builder\setting-task\group.ccc:1:497)  
at C:\ProgramData\cocos\editors\Creator\3.6.0\resources\app.asar\builtin\builder\dist\worker\builder\setting-task\group.ccc:1:735  
at Array.forEach (<anonymous>)  
at BuildTask.handle (C:\ProgramData\cocos\editors\Creator\3.6.0\resources\app.asar\builtin\builder\dist\worker\builder\setting-task\group.ccc:1:618)  
at BuildTask.runBuildTask (C:\ProgramData\cocos\editors\Creator\3.6.0\resources\app.asar\builtin\builder\dist\worker\builder\index.ccc:1:7308)
2025-08-30T13:16:07.495Z - warn: [Build] 资源 {asset(db://assets/resources/texture/big/bg.jpg/texture)} 与资源 {asset(db://assets/resources/texture/big/bg.png/texture)} 的动态加载 URL 相同(texture/big/bg/texture)，请调整目录结构来避免动态加载资源时出现异常。[Build] 资源 {asset(db://assets/resources/texture/big/bg.jpg/texture)} 与资源 {asset(db://assets/resources/texture/big/bg.png/texture)} 的动态加载 URL 相同(texture/big/bg/texture)，请调整目录结构来避免动态加载资源时出现异常。  
at NewConsole.warn (C:\ProgramData\cocos\editors\Creator\3.6.0\resources\app.asar\builtin\builder\dist\worker\console.ccc:1:1306)  
at o (C:\ProgramData\cocos\editors\Creator\3.6.0\resources\app.asar\builtin\builder\dist\worker\builder\setting-task\group.ccc:1:497)  
at C:\ProgramData\cocos\editors\Creator\3.6.0\resources\app.asar\builtin\builder\dist\worker\builder\setting-task\group.ccc:1:735  
at Array.forEach (<anonymous>)  
at BuildTask.handle (C:\ProgramData\cocos\editors\Creator\3.6.0\resources\app.asar\builtin\builder\dist\worker\builder\setting-task\group.ccc:1:618)  
at BuildTask.runBuildTask (C:\ProgramData\cocos\editors\Creator\3.6.0\resources\app.asar\builtin\builder\dist\worker\builder\index.ccc:1:7308)
2025-08-30T13:16:07.495Z - warn: [Build] 资源 {asset(db://assets/resources/texture/big/bg.jpg/spriteFrame)} 与资源 {asset(db://assets/resources/texture/big/bg.png/spriteFrame)} 的动态加载 URL 相同(texture/big/bg/spriteFrame)，请调整目录结构来避免动态加载资源时出现异常。[Build] 资源 {asset(db://assets/resources/texture/big/bg.jpg/spriteFrame)} 与资源 {asset(db://assets/resources/texture/big/bg.png/spriteFrame)} 的动态加载 URL 相同(texture/big/bg/spriteFrame)，请调整目录结构来避免动态加载资源时出现异常。  
at NewConsole.warn (C:\ProgramData\cocos\editors\Creator\3.6.0\resources\app.asar\builtin\builder\dist\worker\console.ccc:1:1306)  
at o (C:\ProgramData\cocos\editors\Creator\3.6.0\resources\app.asar\builtin\builder\dist\worker\builder\setting-task\group.ccc:1:497)  
at C:\ProgramData\cocos\editors\Creator\3.6.0\resources\app.asar\builtin\builder\dist\worker\builder\setting-task\group.ccc:1:735  
at Array.forEach (<anonymous>)  
at BuildTask.handle (C:\ProgramData\cocos\editors\Creator\3.6.0\resources\app.asar\builtin\builder\dist\worker\builder\setting-task\group.ccc:1:618)  
at BuildTask.runBuildTask (C:\ProgramData\cocos\editors\Creator\3.6.0\resources\app.asar\builtin\builder\dist\worker\builder\index.ccc:1:7308)
2025-08-30T13:16:41.008Z - warn: [Build] 资源 {asset(db://assets/resources/texture/big/bg.jpg)} 与资源 {asset(db://assets/resources/texture/big/bg.png)} 的动态加载 URL 相同(texture/big/bg)，请调整目录结构来避免动态加载资源时出现异常。[Build] 资源 {asset(db://assets/resources/texture/big/bg.jpg)} 与资源 {asset(db://assets/resources/texture/big/bg.png)} 的动态加载 URL 相同(texture/big/bg)，请调整目录结构来避免动态加载资源时出现异常。  
at NewConsole.warn (C:\ProgramData\cocos\editors\Creator\3.6.0\resources\app.asar\builtin\builder\dist\worker\console.ccc:1:1306)  
at o (C:\ProgramData\cocos\editors\Creator\3.6.0\resources\app.asar\builtin\builder\dist\worker\builder\setting-task\group.ccc:1:497)  
at C:\ProgramData\cocos\editors\Creator\3.6.0\resources\app.asar\builtin\builder\dist\worker\builder\setting-task\group.ccc:1:735  
at Array.forEach (<anonymous>)  
at BuildTask.handle (C:\ProgramData\cocos\editors\Creator\3.6.0\resources\app.asar\builtin\builder\dist\worker\builder\setting-task\group.ccc:1:618)  
at BuildTask.runBuildTask (C:\ProgramData\cocos\editors\Creator\3.6.0\resources\app.asar\builtin\builder\dist\worker\builder\index.ccc:1:7308)
2025-08-30T13:16:41.008Z - warn: [Build] 资源 {asset(db://assets/resources/texture/big/bg.jpg/texture)} 与资源 {asset(db://assets/resources/texture/big/bg.png/texture)} 的动态加载 URL 相同(texture/big/bg/texture)，请调整目录结构来避免动态加载资源时出现异常。[Build] 资源 {asset(db://assets/resources/texture/big/bg.jpg/texture)} 与资源 {asset(db://assets/resources/texture/big/bg.png/texture)} 的动态加载 URL 相同(texture/big/bg/texture)，请调整目录结构来避免动态加载资源时出现异常。  
at NewConsole.warn (C:\ProgramData\cocos\editors\Creator\3.6.0\resources\app.asar\builtin\builder\dist\worker\console.ccc:1:1306)  
at o (C:\ProgramData\cocos\editors\Creator\3.6.0\resources\app.asar\builtin\builder\dist\worker\builder\setting-task\group.ccc:1:497)  
at C:\ProgramData\cocos\editors\Creator\3.6.0\resources\app.asar\builtin\builder\dist\worker\builder\setting-task\group.ccc:1:735  
at Array.forEach (<anonymous>)  
at BuildTask.handle (C:\ProgramData\cocos\editors\Creator\3.6.0\resources\app.asar\builtin\builder\dist\worker\builder\setting-task\group.ccc:1:618)  
at BuildTask.runBuildTask (C:\ProgramData\cocos\editors\Creator\3.6.0\resources\app.asar\builtin\builder\dist\worker\builder\index.ccc:1:7308)
2025-08-30T13:16:41.010Z - warn: [Build] 资源 {asset(db://assets/resources/texture/big/bg.jpg/spriteFrame)} 与资源 {asset(db://assets/resources/texture/big/bg.png/spriteFrame)} 的动态加载 URL 相同(texture/big/bg/spriteFrame)，请调整目录结构来避免动态加载资源时出现异常。[Build] 资源 {asset(db://assets/resources/texture/big/bg.jpg/spriteFrame)} 与资源 {asset(db://assets/resources/texture/big/bg.png/spriteFrame)} 的动态加载 URL 相同(texture/big/bg/spriteFrame)，请调整目录结构来避免动态加载资源时出现异常。  
at NewConsole.warn (C:\ProgramData\cocos\editors\Creator\3.6.0\resources\app.asar\builtin\builder\dist\worker\console.ccc:1:1306)  
at o (C:\ProgramData\cocos\editors\Creator\3.6.0\resources\app.asar\builtin\builder\dist\worker\builder\setting-task\group.ccc:1:497)  
at C:\ProgramData\cocos\editors\Creator\3.6.0\resources\app.asar\builtin\builder\dist\worker\builder\setting-task\group.ccc:1:735  
at Array.forEach (<anonymous>)  
at BuildTask.handle (C:\ProgramData\cocos\editors\Creator\3.6.0\resources\app.asar\builtin\builder\dist\worker\builder\setting-task\group.ccc:1:618)  
at BuildTask.runBuildTask (C:\ProgramData\cocos\editors\Creator\3.6.0\resources\app.asar\builtin\builder\dist\worker\builder\index.ccc:1:7308)
2025-08-30T13:17:06.885Z - warn: [Build] 资源 {asset(db://assets/resources/texture/big/bg.jpg)} 与资源 {asset(db://assets/resources/texture/big/bg.png)} 的动态加载 URL 相同(texture/big/bg)，请调整目录结构来避免动态加载资源时出现异常。[Build] 资源 {asset(db://assets/resources/texture/big/bg.jpg)} 与资源 {asset(db://assets/resources/texture/big/bg.png)} 的动态加载 URL 相同(texture/big/bg)，请调整目录结构来避免动态加载资源时出现异常。  
at NewConsole.warn (C:\ProgramData\cocos\editors\Creator\3.6.0\resources\app.asar\builtin\builder\dist\worker\console.ccc:1:1306)  
at o (C:\ProgramData\cocos\editors\Creator\3.6.0\resources\app.asar\builtin\builder\dist\worker\builder\setting-task\group.ccc:1:497)  
at C:\ProgramData\cocos\editors\Creator\3.6.0\resources\app.asar\builtin\builder\dist\worker\builder\setting-task\group.ccc:1:735  
at Array.forEach (<anonymous>)  
at BuildTask.handle (C:\ProgramData\cocos\editors\Creator\3.6.0\resources\app.asar\builtin\builder\dist\worker\builder\setting-task\group.ccc:1:618)  
at BuildTask.runBuildTask (C:\ProgramData\cocos\editors\Creator\3.6.0\resources\app.asar\builtin\builder\dist\worker\builder\index.ccc:1:7308)
2025-08-30T13:17:06.886Z - warn: [Build] 资源 {asset(db://assets/resources/texture/big/bg.jpg/texture)} 与资源 {asset(db://assets/resources/texture/big/bg.png/texture)} 的动态加载 URL 相同(texture/big/bg/texture)，请调整目录结构来避免动态加载资源时出现异常。[Build] 资源 {asset(db://assets/resources/texture/big/bg.jpg/texture)} 与资源 {asset(db://assets/resources/texture/big/bg.png/texture)} 的动态加载 URL 相同(texture/big/bg/texture)，请调整目录结构来避免动态加载资源时出现异常。  
at NewConsole.warn (C:\ProgramData\cocos\editors\Creator\3.6.0\resources\app.asar\builtin\builder\dist\worker\console.ccc:1:1306)  
at o (C:\ProgramData\cocos\editors\Creator\3.6.0\resources\app.asar\builtin\builder\dist\worker\builder\setting-task\group.ccc:1:497)  
at C:\ProgramData\cocos\editors\Creator\3.6.0\resources\app.asar\builtin\builder\dist\worker\builder\setting-task\group.ccc:1:735  
at Array.forEach (<anonymous>)  
at BuildTask.handle (C:\ProgramData\cocos\editors\Creator\3.6.0\resources\app.asar\builtin\builder\dist\worker\builder\setting-task\group.ccc:1:618)  
at BuildTask.runBuildTask (C:\ProgramData\cocos\editors\Creator\3.6.0\resources\app.asar\builtin\builder\dist\worker\builder\index.ccc:1:7308)
2025-08-30T13:17:06.886Z - warn: [Build] 资源 {asset(db://assets/resources/texture/big/bg.jpg/spriteFrame)} 与资源 {asset(db://assets/resources/texture/big/bg.png/spriteFrame)} 的动态加载 URL 相同(texture/big/bg/spriteFrame)，请调整目录结构来避免动态加载资源时出现异常。[Build] 资源 {asset(db://assets/resources/texture/big/bg.jpg/spriteFrame)} 与资源 {asset(db://assets/resources/texture/big/bg.png/spriteFrame)} 的动态加载 URL 相同(texture/big/bg/spriteFrame)，请调整目录结构来避免动态加载资源时出现异常。  
at NewConsole.warn (C:\ProgramData\cocos\editors\Creator\3.6.0\resources\app.asar\builtin\builder\dist\worker\console.ccc:1:1306)  
at o (C:\ProgramData\cocos\editors\Creator\3.6.0\resources\app.asar\builtin\builder\dist\worker\builder\setting-task\group.ccc:1:497)  
at C:\ProgramData\cocos\editors\Creator\3.6.0\resources\app.asar\builtin\builder\dist\worker\builder\setting-task\group.ccc:1:735  
at Array.forEach (<anonymous>)  
at BuildTask.handle (C:\ProgramData\cocos\editors\Creator\3.6.0\resources\app.asar\builtin\builder\dist\worker\builder\setting-task\group.ccc:1:618)  
at BuildTask.runBuildTask (C:\ProgramData\cocos\editors\Creator\3.6.0\resources\app.asar\builtin\builder\dist\worker\builder\index.ccc:1:7308)
2025-08-30T13:17:36.609Z - error: [Scene] {hidden(::SceneExecutorImportExceptionHandler::)} ReferenceError: protobuf is not defined
    at factory (file:///D:/xuhang/guan_dan/temp/programming/packer-driver/targets/editor/chunks/8a/file:/D:/xuhang/guan_dan/assets/scripts/proto/gameMsg.js:5335:5)
    at CjsLoader._load (file:///D:/xuhang/guan_dan/temp/programming/packer-driver/targets/editor/chunks/e2/cce:/internal/ml/cjs-loader.mjs:78:9)
    at CjsLoader._tryModuleLoad (file:///D:/xuhang/guan_dan/temp/programming/packer-driver/targets/editor/chunks/e2/cce:/internal/ml/cjs-loader.mjs:63:18)
    at CjsLoader._require (file:///D:/xuhang/guan_dan/temp/programming/packer-driver/targets/editor/chunks/e2/cce:/internal/ml/cjs-loader.mjs:42:14)
    at CjsLoader.require (file:///D:/xuhang/guan_dan/temp/programming/packer-driver/targets/editor/chunks/e2/cce:/internal/ml/cjs-loader.mjs:27:21)
    at Object.execute (file:///D:/xuhang/guan_dan/temp/programming/packer-driver/targets/editor/chunks/ee/file:/D:/xuhang/guan_dan/assets/scripts/proto/gameMsg.mjs?cjs=&original=.js:7:8)
    at doExec (C:\ProgramData\cocos\editors\Creator\3.6.0\resources\app.asar\node_modules\@editor\lib-programming\static\executor\systemjs-bridge\out\index.js:517:30)
    at postOrderExec (C:\ProgramData\cocos\editors\Creator\3.6.0\resources\app.asar\node_modules\@editor\lib-programming\static\executor\systemjs-bridge\out\index.js:508:21)
    at C:\ProgramData\cocos\editors\Creator\3.6.0\resources\app.asar\node_modules\@editor\lib-programming\static\executor\systemjs-bridge\out\index.js:440:12
    at file:///D:/xuhang/guan_dan/temp/programming/packer-driver/targets/editor/chunks/04/cce:/internal/x/prerequisite-imports:8:13Error: [Scene] {hidden(::SceneExecutorImportExceptionHandler::)} ReferenceError: protobuf is not defined
    at CjsLoader._require (file:///D:/xuhang/guan_dan/temp/programming/packer-driver/targets/editor/chunks/e2/cce:/internal/ml/cjs-loader.mjs:42:14)
    at CjsLoader.require (file:///D:/xuhang/guan_dan/temp/programming/packer-driver/targets/editor/chunks/e2/cce:/internal/ml/cjs-loader.mjs:27:21)
    at Object.execute (file:///D:/xuhang/guan_dan/temp/programming/packer-driver/targets/editor/chunks/ee/file:/D:/xuhang/guan_dan/assets/scripts/proto/gameMsg.mjs?cjs=&original=.js:7:8)
    at doExec (C:\ProgramData\cocos\editors\Creator\3.6.0\resources\app.asar\node_modules\@editor\lib-programming\static\executor\systemjs-bridge\out\index.js:517:30)
    at postOrderExec (C:\ProgramData\cocos\editors\Creator\3.6.0\resources\app.asar\node_modules\@editor\lib-programming\static\executor\systemjs-bridge\out\index.js:508:21)
    at C:\ProgramData\cocos\editors\Creator\3.6.0\resources\app.asar\node_modules\@editor\lib-programming\static\executor\systemjs-bridge\out\index.js:440:12
    at file:///D:/xuhang/guan_dan/temp/programming/packer-driver/targets/editor/chunks/04/cce:/internal/x/prerequisite-imports:8:13
    at Logger._logHandler (C:\ProgramData\cocos\editors\Creator\3.6.0\resources\app.asar\builtin\scene\dist\script\3d\manager\startup\log.ccc:1:318)
    at Logger.record (C:\ProgramData\cocos\editors\Creator\3.6.0\resources\app.asar\node_modules\@base\electron-logger\lib\renderer.ccc:1:458)
    at console.error (C:\ProgramData\cocos\editors\Creator\3.6.0\resources\app.asar\node_modules\@base\electron-logger\lib\renderer.ccc:1:1414)
    at ScriptManager._handleImportException (C:\ProgramData\cocos\editors\Creator\3.6.0\resources\app.asar\builtin\scene\dist\script\3d\manager\scripts.ccc:1:5825)
    at Executor.importExceptionHandler [as _importExceptionHandler] (C:\ProgramData\cocos\editors\Creator\3.6.0\resources\app.asar\builtin\scene\dist\script\3d\manager\scripts.ccc:1:3509)
    at Executor._onModuleLoaded (C:\ProgramData\cocos\editors\Creator\3.6.0\resources\app.asar\node_modules\@editor\lib-programming\src\executor\index.ts:312:22)
    at SystemJS.onload (C:\ProgramData\cocos\editors\Creator\3.6.0\resources\app.asar\node_modules\@editor\lib-programming\src\executor\index.ts:73:18)
    at triggerOnload (C:\ProgramData\cocos\editors\Creator\3.6.0\resources\app.asar\node_modules\@editor\lib-programming\static\executor\systemjs-bridge\out\index.js:270:10)
    at doExec (C:\ProgramData\cocos\editors\Creator\3.6.0\resources\app.asar\node_modules\@editor\lib-programming\static\executor\systemjs-bridge\out\index.js:538:7)
    at postOrderExec (C:\ProgramData\cocos\editors\Creator\3.6.0\resources\app.asar\node_modules\@editor\lib-programming\static\executor\systemjs-bridge\out\index.js:508:21)
2025-08-30T13:17:37.740Z - warn: [Build] 资源 {asset(db://assets/resources/texture/big/bg.jpg)} 与资源 {asset(db://assets/resources/texture/big/bg.png)} 的动态加载 URL 相同(texture/big/bg)，请调整目录结构来避免动态加载资源时出现异常。[Build] 资源 {asset(db://assets/resources/texture/big/bg.jpg)} 与资源 {asset(db://assets/resources/texture/big/bg.png)} 的动态加载 URL 相同(texture/big/bg)，请调整目录结构来避免动态加载资源时出现异常。  
at NewConsole.warn (C:\ProgramData\cocos\editors\Creator\3.6.0\resources\app.asar\builtin\builder\dist\worker\console.ccc:1:1306)  
at o (C:\ProgramData\cocos\editors\Creator\3.6.0\resources\app.asar\builtin\builder\dist\worker\builder\setting-task\group.ccc:1:497)  
at C:\ProgramData\cocos\editors\Creator\3.6.0\resources\app.asar\builtin\builder\dist\worker\builder\setting-task\group.ccc:1:735  
at Array.forEach (<anonymous>)  
at BuildTask.handle (C:\ProgramData\cocos\editors\Creator\3.6.0\resources\app.asar\builtin\builder\dist\worker\builder\setting-task\group.ccc:1:618)  
at BuildTask.runBuildTask (C:\ProgramData\cocos\editors\Creator\3.6.0\resources\app.asar\builtin\builder\dist\worker\builder\index.ccc:1:7308)
2025-08-30T13:17:37.740Z - warn: [Build] 资源 {asset(db://assets/resources/texture/big/bg.jpg/texture)} 与资源 {asset(db://assets/resources/texture/big/bg.png/texture)} 的动态加载 URL 相同(texture/big/bg/texture)，请调整目录结构来避免动态加载资源时出现异常。[Build] 资源 {asset(db://assets/resources/texture/big/bg.jpg/texture)} 与资源 {asset(db://assets/resources/texture/big/bg.png/texture)} 的动态加载 URL 相同(texture/big/bg/texture)，请调整目录结构来避免动态加载资源时出现异常。  
at NewConsole.warn (C:\ProgramData\cocos\editors\Creator\3.6.0\resources\app.asar\builtin\builder\dist\worker\console.ccc:1:1306)  
at o (C:\ProgramData\cocos\editors\Creator\3.6.0\resources\app.asar\builtin\builder\dist\worker\builder\setting-task\group.ccc:1:497)  
at C:\ProgramData\cocos\editors\Creator\3.6.0\resources\app.asar\builtin\builder\dist\worker\builder\setting-task\group.ccc:1:735  
at Array.forEach (<anonymous>)  
at BuildTask.handle (C:\ProgramData\cocos\editors\Creator\3.6.0\resources\app.asar\builtin\builder\dist\worker\builder\setting-task\group.ccc:1:618)  
at BuildTask.runBuildTask (C:\ProgramData\cocos\editors\Creator\3.6.0\resources\app.asar\builtin\builder\dist\worker\builder\index.ccc:1:7308)
2025-08-30T13:17:37.741Z - warn: [Build] 资源 {asset(db://assets/resources/texture/big/bg.jpg/spriteFrame)} 与资源 {asset(db://assets/resources/texture/big/bg.png/spriteFrame)} 的动态加载 URL 相同(texture/big/bg/spriteFrame)，请调整目录结构来避免动态加载资源时出现异常。[Build] 资源 {asset(db://assets/resources/texture/big/bg.jpg/spriteFrame)} 与资源 {asset(db://assets/resources/texture/big/bg.png/spriteFrame)} 的动态加载 URL 相同(texture/big/bg/spriteFrame)，请调整目录结构来避免动态加载资源时出现异常。  
at NewConsole.warn (C:\ProgramData\cocos\editors\Creator\3.6.0\resources\app.asar\builtin\builder\dist\worker\console.ccc:1:1306)  
at o (C:\ProgramData\cocos\editors\Creator\3.6.0\resources\app.asar\builtin\builder\dist\worker\builder\setting-task\group.ccc:1:497)  
at C:\ProgramData\cocos\editors\Creator\3.6.0\resources\app.asar\builtin\builder\dist\worker\builder\setting-task\group.ccc:1:735  
at Array.forEach (<anonymous>)  
at BuildTask.handle (C:\ProgramData\cocos\editors\Creator\3.6.0\resources\app.asar\builtin\builder\dist\worker\builder\setting-task\group.ccc:1:618)  
at BuildTask.runBuildTask (C:\ProgramData\cocos\editors\Creator\3.6.0\resources\app.asar\builtin\builder\dist\worker\builder\index.ccc:1:7308)
2025-08-30T13:17:58.377Z - warn: [Build] 资源 {asset(db://assets/resources/texture/big/bg.jpg)} 与资源 {asset(db://assets/resources/texture/big/bg.png)} 的动态加载 URL 相同(texture/big/bg)，请调整目录结构来避免动态加载资源时出现异常。[Build] 资源 {asset(db://assets/resources/texture/big/bg.jpg)} 与资源 {asset(db://assets/resources/texture/big/bg.png)} 的动态加载 URL 相同(texture/big/bg)，请调整目录结构来避免动态加载资源时出现异常。  
at NewConsole.warn (C:\ProgramData\cocos\editors\Creator\3.6.0\resources\app.asar\builtin\builder\dist\worker\console.ccc:1:1306)  
at o (C:\ProgramData\cocos\editors\Creator\3.6.0\resources\app.asar\builtin\builder\dist\worker\builder\setting-task\group.ccc:1:497)  
at C:\ProgramData\cocos\editors\Creator\3.6.0\resources\app.asar\builtin\builder\dist\worker\builder\setting-task\group.ccc:1:735  
at Array.forEach (<anonymous>)  
at BuildTask.handle (C:\ProgramData\cocos\editors\Creator\3.6.0\resources\app.asar\builtin\builder\dist\worker\builder\setting-task\group.ccc:1:618)  
at BuildTask.runBuildTask (C:\ProgramData\cocos\editors\Creator\3.6.0\resources\app.asar\builtin\builder\dist\worker\builder\index.ccc:1:7308)
2025-08-30T13:17:58.377Z - warn: [Build] 资源 {asset(db://assets/resources/texture/big/bg.jpg/texture)} 与资源 {asset(db://assets/resources/texture/big/bg.png/texture)} 的动态加载 URL 相同(texture/big/bg/texture)，请调整目录结构来避免动态加载资源时出现异常。[Build] 资源 {asset(db://assets/resources/texture/big/bg.jpg/texture)} 与资源 {asset(db://assets/resources/texture/big/bg.png/texture)} 的动态加载 URL 相同(texture/big/bg/texture)，请调整目录结构来避免动态加载资源时出现异常。  
at NewConsole.warn (C:\ProgramData\cocos\editors\Creator\3.6.0\resources\app.asar\builtin\builder\dist\worker\console.ccc:1:1306)  
at o (C:\ProgramData\cocos\editors\Creator\3.6.0\resources\app.asar\builtin\builder\dist\worker\builder\setting-task\group.ccc:1:497)  
at C:\ProgramData\cocos\editors\Creator\3.6.0\resources\app.asar\builtin\builder\dist\worker\builder\setting-task\group.ccc:1:735  
at Array.forEach (<anonymous>)  
at BuildTask.handle (C:\ProgramData\cocos\editors\Creator\3.6.0\resources\app.asar\builtin\builder\dist\worker\builder\setting-task\group.ccc:1:618)  
at BuildTask.runBuildTask (C:\ProgramData\cocos\editors\Creator\3.6.0\resources\app.asar\builtin\builder\dist\worker\builder\index.ccc:1:7308)
2025-08-30T13:17:58.377Z - warn: [Build] 资源 {asset(db://assets/resources/texture/big/bg.jpg/spriteFrame)} 与资源 {asset(db://assets/resources/texture/big/bg.png/spriteFrame)} 的动态加载 URL 相同(texture/big/bg/spriteFrame)，请调整目录结构来避免动态加载资源时出现异常。[Build] 资源 {asset(db://assets/resources/texture/big/bg.jpg/spriteFrame)} 与资源 {asset(db://assets/resources/texture/big/bg.png/spriteFrame)} 的动态加载 URL 相同(texture/big/bg/spriteFrame)，请调整目录结构来避免动态加载资源时出现异常。  
at NewConsole.warn (C:\ProgramData\cocos\editors\Creator\3.6.0\resources\app.asar\builtin\builder\dist\worker\console.ccc:1:1306)  
at o (C:\ProgramData\cocos\editors\Creator\3.6.0\resources\app.asar\builtin\builder\dist\worker\builder\setting-task\group.ccc:1:497)  
at C:\ProgramData\cocos\editors\Creator\3.6.0\resources\app.asar\builtin\builder\dist\worker\builder\setting-task\group.ccc:1:735  
at Array.forEach (<anonymous>)  
at BuildTask.handle (C:\ProgramData\cocos\editors\Creator\3.6.0\resources\app.asar\builtin\builder\dist\worker\builder\setting-task\group.ccc:1:618)  
at BuildTask.runBuildTask (C:\ProgramData\cocos\editors\Creator\3.6.0\resources\app.asar\builtin\builder\dist\worker\builder\index.ccc:1:7308)
2025-08-30T13:18:30.599Z - warn: [Build] 资源 {asset(db://assets/resources/texture/big/bg.jpg)} 与资源 {asset(db://assets/resources/texture/big/bg.png)} 的动态加载 URL 相同(texture/big/bg)，请调整目录结构来避免动态加载资源时出现异常。[Build] 资源 {asset(db://assets/resources/texture/big/bg.jpg)} 与资源 {asset(db://assets/resources/texture/big/bg.png)} 的动态加载 URL 相同(texture/big/bg)，请调整目录结构来避免动态加载资源时出现异常。  
at NewConsole.warn (C:\ProgramData\cocos\editors\Creator\3.6.0\resources\app.asar\builtin\builder\dist\worker\console.ccc:1:1306)  
at o (C:\ProgramData\cocos\editors\Creator\3.6.0\resources\app.asar\builtin\builder\dist\worker\builder\setting-task\group.ccc:1:497)  
at C:\ProgramData\cocos\editors\Creator\3.6.0\resources\app.asar\builtin\builder\dist\worker\builder\setting-task\group.ccc:1:735  
at Array.forEach (<anonymous>)  
at BuildTask.handle (C:\ProgramData\cocos\editors\Creator\3.6.0\resources\app.asar\builtin\builder\dist\worker\builder\setting-task\group.ccc:1:618)  
at BuildTask.runBuildTask (C:\ProgramData\cocos\editors\Creator\3.6.0\resources\app.asar\builtin\builder\dist\worker\builder\index.ccc:1:7308)
2025-08-30T13:18:30.599Z - warn: [Build] 资源 {asset(db://assets/resources/texture/big/bg.jpg/texture)} 与资源 {asset(db://assets/resources/texture/big/bg.png/texture)} 的动态加载 URL 相同(texture/big/bg/texture)，请调整目录结构来避免动态加载资源时出现异常。[Build] 资源 {asset(db://assets/resources/texture/big/bg.jpg/texture)} 与资源 {asset(db://assets/resources/texture/big/bg.png/texture)} 的动态加载 URL 相同(texture/big/bg/texture)，请调整目录结构来避免动态加载资源时出现异常。  
at NewConsole.warn (C:\ProgramData\cocos\editors\Creator\3.6.0\resources\app.asar\builtin\builder\dist\worker\console.ccc:1:1306)  
at o (C:\ProgramData\cocos\editors\Creator\3.6.0\resources\app.asar\builtin\builder\dist\worker\builder\setting-task\group.ccc:1:497)  
at C:\ProgramData\cocos\editors\Creator\3.6.0\resources\app.asar\builtin\builder\dist\worker\builder\setting-task\group.ccc:1:735  
at Array.forEach (<anonymous>)  
at BuildTask.handle (C:\ProgramData\cocos\editors\Creator\3.6.0\resources\app.asar\builtin\builder\dist\worker\builder\setting-task\group.ccc:1:618)  
at BuildTask.runBuildTask (C:\ProgramData\cocos\editors\Creator\3.6.0\resources\app.asar\builtin\builder\dist\worker\builder\index.ccc:1:7308)
2025-08-30T13:18:30.600Z - warn: [Build] 资源 {asset(db://assets/resources/texture/big/bg.jpg/spriteFrame)} 与资源 {asset(db://assets/resources/texture/big/bg.png/spriteFrame)} 的动态加载 URL 相同(texture/big/bg/spriteFrame)，请调整目录结构来避免动态加载资源时出现异常。[Build] 资源 {asset(db://assets/resources/texture/big/bg.jpg/spriteFrame)} 与资源 {asset(db://assets/resources/texture/big/bg.png/spriteFrame)} 的动态加载 URL 相同(texture/big/bg/spriteFrame)，请调整目录结构来避免动态加载资源时出现异常。  
at NewConsole.warn (C:\ProgramData\cocos\editors\Creator\3.6.0\resources\app.asar\builtin\builder\dist\worker\console.ccc:1:1306)  
at o (C:\ProgramData\cocos\editors\Creator\3.6.0\resources\app.asar\builtin\builder\dist\worker\builder\setting-task\group.ccc:1:497)  
at C:\ProgramData\cocos\editors\Creator\3.6.0\resources\app.asar\builtin\builder\dist\worker\builder\setting-task\group.ccc:1:735  
at Array.forEach (<anonymous>)  
at BuildTask.handle (C:\ProgramData\cocos\editors\Creator\3.6.0\resources\app.asar\builtin\builder\dist\worker\builder\setting-task\group.ccc:1:618)  
at BuildTask.runBuildTask (C:\ProgramData\cocos\editors\Creator\3.6.0\resources\app.asar\builtin\builder\dist\worker\builder\index.ccc:1:7308)
2025-08-30T13:19:31.047Z - error: [Scene] {hidden(::SceneExecutorImportExceptionHandler::)} ReferenceError: protobuf is not defined
    at factory (file:///D:/xuhang/guan_dan/temp/programming/packer-driver/targets/editor/chunks/8a/file:/D:/xuhang/guan_dan/assets/scripts/proto/gameMsg.js:5335:5)
    at CjsLoader._load (file:///D:/xuhang/guan_dan/temp/programming/packer-driver/targets/editor/chunks/e2/cce:/internal/ml/cjs-loader.mjs:78:9)
    at CjsLoader._tryModuleLoad (file:///D:/xuhang/guan_dan/temp/programming/packer-driver/targets/editor/chunks/e2/cce:/internal/ml/cjs-loader.mjs:63:18)
    at CjsLoader._require (file:///D:/xuhang/guan_dan/temp/programming/packer-driver/targets/editor/chunks/e2/cce:/internal/ml/cjs-loader.mjs:42:14)
    at CjsLoader.require (file:///D:/xuhang/guan_dan/temp/programming/packer-driver/targets/editor/chunks/e2/cce:/internal/ml/cjs-loader.mjs:27:21)
    at Object.execute (file:///D:/xuhang/guan_dan/temp/programming/packer-driver/targets/editor/chunks/ee/file:/D:/xuhang/guan_dan/assets/scripts/proto/gameMsg.mjs?cjs=&original=.js:7:8)
    at doExec (C:\ProgramData\cocos\editors\Creator\3.6.0\resources\app.asar\node_modules\@editor\lib-programming\static\executor\systemjs-bridge\out\index.js:517:30)
    at postOrderExec (C:\ProgramData\cocos\editors\Creator\3.6.0\resources\app.asar\node_modules\@editor\lib-programming\static\executor\systemjs-bridge\out\index.js:508:21)
    at C:\ProgramData\cocos\editors\Creator\3.6.0\resources\app.asar\node_modules\@editor\lib-programming\static\executor\systemjs-bridge\out\index.js:440:12
    at file:///D:/xuhang/guan_dan/temp/programming/packer-driver/targets/editor/chunks/04/cce:/internal/x/prerequisite-imports:8:13Error: [Scene] {hidden(::SceneExecutorImportExceptionHandler::)} ReferenceError: protobuf is not defined
    at CjsLoader._require (file:///D:/xuhang/guan_dan/temp/programming/packer-driver/targets/editor/chunks/e2/cce:/internal/ml/cjs-loader.mjs:42:14)
    at CjsLoader.require (file:///D:/xuhang/guan_dan/temp/programming/packer-driver/targets/editor/chunks/e2/cce:/internal/ml/cjs-loader.mjs:27:21)
    at Object.execute (file:///D:/xuhang/guan_dan/temp/programming/packer-driver/targets/editor/chunks/ee/file:/D:/xuhang/guan_dan/assets/scripts/proto/gameMsg.mjs?cjs=&original=.js:7:8)
    at doExec (C:\ProgramData\cocos\editors\Creator\3.6.0\resources\app.asar\node_modules\@editor\lib-programming\static\executor\systemjs-bridge\out\index.js:517:30)
    at postOrderExec (C:\ProgramData\cocos\editors\Creator\3.6.0\resources\app.asar\node_modules\@editor\lib-programming\static\executor\systemjs-bridge\out\index.js:508:21)
    at C:\ProgramData\cocos\editors\Creator\3.6.0\resources\app.asar\node_modules\@editor\lib-programming\static\executor\systemjs-bridge\out\index.js:440:12
    at file:///D:/xuhang/guan_dan/temp/programming/packer-driver/targets/editor/chunks/04/cce:/internal/x/prerequisite-imports:8:13
    at Logger._logHandler (C:\ProgramData\cocos\editors\Creator\3.6.0\resources\app.asar\builtin\scene\dist\script\3d\manager\startup\log.ccc:1:318)
    at Logger.record (C:\ProgramData\cocos\editors\Creator\3.6.0\resources\app.asar\node_modules\@base\electron-logger\lib\renderer.ccc:1:458)
    at console.error (C:\ProgramData\cocos\editors\Creator\3.6.0\resources\app.asar\node_modules\@base\electron-logger\lib\renderer.ccc:1:1414)
    at ScriptManager._handleImportException (C:\ProgramData\cocos\editors\Creator\3.6.0\resources\app.asar\builtin\scene\dist\script\3d\manager\scripts.ccc:1:5825)
    at Executor.importExceptionHandler [as _importExceptionHandler] (C:\ProgramData\cocos\editors\Creator\3.6.0\resources\app.asar\builtin\scene\dist\script\3d\manager\scripts.ccc:1:3509)
    at Executor._onModuleLoaded (C:\ProgramData\cocos\editors\Creator\3.6.0\resources\app.asar\node_modules\@editor\lib-programming\src\executor\index.ts:312:22)
    at SystemJS.onload (C:\ProgramData\cocos\editors\Creator\3.6.0\resources\app.asar\node_modules\@editor\lib-programming\src\executor\index.ts:73:18)
    at triggerOnload (C:\ProgramData\cocos\editors\Creator\3.6.0\resources\app.asar\node_modules\@editor\lib-programming\static\executor\systemjs-bridge\out\index.js:270:10)
    at doExec (C:\ProgramData\cocos\editors\Creator\3.6.0\resources\app.asar\node_modules\@editor\lib-programming\static\executor\systemjs-bridge\out\index.js:538:7)
    at postOrderExec (C:\ProgramData\cocos\editors\Creator\3.6.0\resources\app.asar\node_modules\@editor\lib-programming\static\executor\systemjs-bridge\out\index.js:508:21)
2025-08-30T13:19:32.321Z - warn: [Build] 资源 {asset(db://assets/resources/texture/big/bg.jpg)} 与资源 {asset(db://assets/resources/texture/big/bg.png)} 的动态加载 URL 相同(texture/big/bg)，请调整目录结构来避免动态加载资源时出现异常。[Build] 资源 {asset(db://assets/resources/texture/big/bg.jpg)} 与资源 {asset(db://assets/resources/texture/big/bg.png)} 的动态加载 URL 相同(texture/big/bg)，请调整目录结构来避免动态加载资源时出现异常。  
at NewConsole.warn (C:\ProgramData\cocos\editors\Creator\3.6.0\resources\app.asar\builtin\builder\dist\worker\console.ccc:1:1306)  
at o (C:\ProgramData\cocos\editors\Creator\3.6.0\resources\app.asar\builtin\builder\dist\worker\builder\setting-task\group.ccc:1:497)  
at C:\ProgramData\cocos\editors\Creator\3.6.0\resources\app.asar\builtin\builder\dist\worker\builder\setting-task\group.ccc:1:735  
at Array.forEach (<anonymous>)  
at BuildTask.handle (C:\ProgramData\cocos\editors\Creator\3.6.0\resources\app.asar\builtin\builder\dist\worker\builder\setting-task\group.ccc:1:618)  
at BuildTask.runBuildTask (C:\ProgramData\cocos\editors\Creator\3.6.0\resources\app.asar\builtin\builder\dist\worker\builder\index.ccc:1:7308)
2025-08-30T13:19:32.321Z - warn: [Build] 资源 {asset(db://assets/resources/texture/big/bg.jpg/texture)} 与资源 {asset(db://assets/resources/texture/big/bg.png/texture)} 的动态加载 URL 相同(texture/big/bg/texture)，请调整目录结构来避免动态加载资源时出现异常。[Build] 资源 {asset(db://assets/resources/texture/big/bg.jpg/texture)} 与资源 {asset(db://assets/resources/texture/big/bg.png/texture)} 的动态加载 URL 相同(texture/big/bg/texture)，请调整目录结构来避免动态加载资源时出现异常。  
at NewConsole.warn (C:\ProgramData\cocos\editors\Creator\3.6.0\resources\app.asar\builtin\builder\dist\worker\console.ccc:1:1306)  
at o (C:\ProgramData\cocos\editors\Creator\3.6.0\resources\app.asar\builtin\builder\dist\worker\builder\setting-task\group.ccc:1:497)  
at C:\ProgramData\cocos\editors\Creator\3.6.0\resources\app.asar\builtin\builder\dist\worker\builder\setting-task\group.ccc:1:735  
at Array.forEach (<anonymous>)  
at BuildTask.handle (C:\ProgramData\cocos\editors\Creator\3.6.0\resources\app.asar\builtin\builder\dist\worker\builder\setting-task\group.ccc:1:618)  
at BuildTask.runBuildTask (C:\ProgramData\cocos\editors\Creator\3.6.0\resources\app.asar\builtin\builder\dist\worker\builder\index.ccc:1:7308)
2025-08-30T13:19:32.323Z - warn: [Build] 资源 {asset(db://assets/resources/texture/big/bg.jpg/spriteFrame)} 与资源 {asset(db://assets/resources/texture/big/bg.png/spriteFrame)} 的动态加载 URL 相同(texture/big/bg/spriteFrame)，请调整目录结构来避免动态加载资源时出现异常。[Build] 资源 {asset(db://assets/resources/texture/big/bg.jpg/spriteFrame)} 与资源 {asset(db://assets/resources/texture/big/bg.png/spriteFrame)} 的动态加载 URL 相同(texture/big/bg/spriteFrame)，请调整目录结构来避免动态加载资源时出现异常。  
at NewConsole.warn (C:\ProgramData\cocos\editors\Creator\3.6.0\resources\app.asar\builtin\builder\dist\worker\console.ccc:1:1306)  
at o (C:\ProgramData\cocos\editors\Creator\3.6.0\resources\app.asar\builtin\builder\dist\worker\builder\setting-task\group.ccc:1:497)  
at C:\ProgramData\cocos\editors\Creator\3.6.0\resources\app.asar\builtin\builder\dist\worker\builder\setting-task\group.ccc:1:735  
at Array.forEach (<anonymous>)  
at BuildTask.handle (C:\ProgramData\cocos\editors\Creator\3.6.0\resources\app.asar\builtin\builder\dist\worker\builder\setting-task\group.ccc:1:618)  
at BuildTask.runBuildTask (C:\ProgramData\cocos\editors\Creator\3.6.0\resources\app.asar\builtin\builder\dist\worker\builder\index.ccc:1:7308)
2025-08-30T13:19:50.198Z - warn: [Build] 资源 {asset(db://assets/resources/texture/big/bg.jpg)} 与资源 {asset(db://assets/resources/texture/big/bg.png)} 的动态加载 URL 相同(texture/big/bg)，请调整目录结构来避免动态加载资源时出现异常。[Build] 资源 {asset(db://assets/resources/texture/big/bg.jpg)} 与资源 {asset(db://assets/resources/texture/big/bg.png)} 的动态加载 URL 相同(texture/big/bg)，请调整目录结构来避免动态加载资源时出现异常。  
at NewConsole.warn (C:\ProgramData\cocos\editors\Creator\3.6.0\resources\app.asar\builtin\builder\dist\worker\console.ccc:1:1306)  
at o (C:\ProgramData\cocos\editors\Creator\3.6.0\resources\app.asar\builtin\builder\dist\worker\builder\setting-task\group.ccc:1:497)  
at C:\ProgramData\cocos\editors\Creator\3.6.0\resources\app.asar\builtin\builder\dist\worker\builder\setting-task\group.ccc:1:735  
at Array.forEach (<anonymous>)  
at BuildTask.handle (C:\ProgramData\cocos\editors\Creator\3.6.0\resources\app.asar\builtin\builder\dist\worker\builder\setting-task\group.ccc:1:618)  
at BuildTask.runBuildTask (C:\ProgramData\cocos\editors\Creator\3.6.0\resources\app.asar\builtin\builder\dist\worker\builder\index.ccc:1:7308)
2025-08-30T13:19:50.199Z - warn: [Build] 资源 {asset(db://assets/resources/texture/big/bg.jpg/texture)} 与资源 {asset(db://assets/resources/texture/big/bg.png/texture)} 的动态加载 URL 相同(texture/big/bg/texture)，请调整目录结构来避免动态加载资源时出现异常。[Build] 资源 {asset(db://assets/resources/texture/big/bg.jpg/texture)} 与资源 {asset(db://assets/resources/texture/big/bg.png/texture)} 的动态加载 URL 相同(texture/big/bg/texture)，请调整目录结构来避免动态加载资源时出现异常。  
at NewConsole.warn (C:\ProgramData\cocos\editors\Creator\3.6.0\resources\app.asar\builtin\builder\dist\worker\console.ccc:1:1306)  
at o (C:\ProgramData\cocos\editors\Creator\3.6.0\resources\app.asar\builtin\builder\dist\worker\builder\setting-task\group.ccc:1:497)  
at C:\ProgramData\cocos\editors\Creator\3.6.0\resources\app.asar\builtin\builder\dist\worker\builder\setting-task\group.ccc:1:735  
at Array.forEach (<anonymous>)  
at BuildTask.handle (C:\ProgramData\cocos\editors\Creator\3.6.0\resources\app.asar\builtin\builder\dist\worker\builder\setting-task\group.ccc:1:618)  
at BuildTask.runBuildTask (C:\ProgramData\cocos\editors\Creator\3.6.0\resources\app.asar\builtin\builder\dist\worker\builder\index.ccc:1:7308)
2025-08-30T13:19:50.199Z - warn: [Build] 资源 {asset(db://assets/resources/texture/big/bg.jpg/spriteFrame)} 与资源 {asset(db://assets/resources/texture/big/bg.png/spriteFrame)} 的动态加载 URL 相同(texture/big/bg/spriteFrame)，请调整目录结构来避免动态加载资源时出现异常。[Build] 资源 {asset(db://assets/resources/texture/big/bg.jpg/spriteFrame)} 与资源 {asset(db://assets/resources/texture/big/bg.png/spriteFrame)} 的动态加载 URL 相同(texture/big/bg/spriteFrame)，请调整目录结构来避免动态加载资源时出现异常。  
at NewConsole.warn (C:\ProgramData\cocos\editors\Creator\3.6.0\resources\app.asar\builtin\builder\dist\worker\console.ccc:1:1306)  
at o (C:\ProgramData\cocos\editors\Creator\3.6.0\resources\app.asar\builtin\builder\dist\worker\builder\setting-task\group.ccc:1:497)  
at C:\ProgramData\cocos\editors\Creator\3.6.0\resources\app.asar\builtin\builder\dist\worker\builder\setting-task\group.ccc:1:735  
at Array.forEach (<anonymous>)  
at BuildTask.handle (C:\ProgramData\cocos\editors\Creator\3.6.0\resources\app.asar\builtin\builder\dist\worker\builder\setting-task\group.ccc:1:618)  
at BuildTask.runBuildTask (C:\ProgramData\cocos\editors\Creator\3.6.0\resources\app.asar\builtin\builder\dist\worker\builder\index.ccc:1:7308)
2025-08-30T13:21:24.411Z - error: [Scene] {hidden(::SceneExecutorImportExceptionHandler::)} ReferenceError: protobuf is not defined
    at factory (file:///D:/xuhang/guan_dan/temp/programming/packer-driver/targets/editor/chunks/8a/file:/D:/xuhang/guan_dan/assets/scripts/proto/gameMsg.js:5335:5)
    at CjsLoader._load (file:///D:/xuhang/guan_dan/temp/programming/packer-driver/targets/editor/chunks/e2/cce:/internal/ml/cjs-loader.mjs:78:9)
    at CjsLoader._tryModuleLoad (file:///D:/xuhang/guan_dan/temp/programming/packer-driver/targets/editor/chunks/e2/cce:/internal/ml/cjs-loader.mjs:63:18)
    at CjsLoader._require (file:///D:/xuhang/guan_dan/temp/programming/packer-driver/targets/editor/chunks/e2/cce:/internal/ml/cjs-loader.mjs:42:14)
    at CjsLoader.require (file:///D:/xuhang/guan_dan/temp/programming/packer-driver/targets/editor/chunks/e2/cce:/internal/ml/cjs-loader.mjs:27:21)
    at Object.execute (file:///D:/xuhang/guan_dan/temp/programming/packer-driver/targets/editor/chunks/ee/file:/D:/xuhang/guan_dan/assets/scripts/proto/gameMsg.mjs?cjs=&original=.js:7:8)
    at doExec (C:\ProgramData\cocos\editors\Creator\3.6.0\resources\app.asar\node_modules\@editor\lib-programming\static\executor\systemjs-bridge\out\index.js:517:30)
    at postOrderExec (C:\ProgramData\cocos\editors\Creator\3.6.0\resources\app.asar\node_modules\@editor\lib-programming\static\executor\systemjs-bridge\out\index.js:508:21)
    at C:\ProgramData\cocos\editors\Creator\3.6.0\resources\app.asar\node_modules\@editor\lib-programming\static\executor\systemjs-bridge\out\index.js:440:12
    at file:///D:/xuhang/guan_dan/temp/programming/packer-driver/targets/editor/chunks/04/cce:/internal/x/prerequisite-imports:8:13Error: [Scene] {hidden(::SceneExecutorImportExceptionHandler::)} ReferenceError: protobuf is not defined
    at CjsLoader._require (file:///D:/xuhang/guan_dan/temp/programming/packer-driver/targets/editor/chunks/e2/cce:/internal/ml/cjs-loader.mjs:42:14)
    at CjsLoader.require (file:///D:/xuhang/guan_dan/temp/programming/packer-driver/targets/editor/chunks/e2/cce:/internal/ml/cjs-loader.mjs:27:21)
    at Object.execute (file:///D:/xuhang/guan_dan/temp/programming/packer-driver/targets/editor/chunks/ee/file:/D:/xuhang/guan_dan/assets/scripts/proto/gameMsg.mjs?cjs=&original=.js:7:8)
    at doExec (C:\ProgramData\cocos\editors\Creator\3.6.0\resources\app.asar\node_modules\@editor\lib-programming\static\executor\systemjs-bridge\out\index.js:517:30)
    at postOrderExec (C:\ProgramData\cocos\editors\Creator\3.6.0\resources\app.asar\node_modules\@editor\lib-programming\static\executor\systemjs-bridge\out\index.js:508:21)
    at C:\ProgramData\cocos\editors\Creator\3.6.0\resources\app.asar\node_modules\@editor\lib-programming\static\executor\systemjs-bridge\out\index.js:440:12
    at file:///D:/xuhang/guan_dan/temp/programming/packer-driver/targets/editor/chunks/04/cce:/internal/x/prerequisite-imports:8:13
    at Logger._logHandler (C:\ProgramData\cocos\editors\Creator\3.6.0\resources\app.asar\builtin\scene\dist\script\3d\manager\startup\log.ccc:1:318)
    at Logger.record (C:\ProgramData\cocos\editors\Creator\3.6.0\resources\app.asar\node_modules\@base\electron-logger\lib\renderer.ccc:1:458)
    at console.error (C:\ProgramData\cocos\editors\Creator\3.6.0\resources\app.asar\node_modules\@base\electron-logger\lib\renderer.ccc:1:1414)
    at ScriptManager._handleImportException (C:\ProgramData\cocos\editors\Creator\3.6.0\resources\app.asar\builtin\scene\dist\script\3d\manager\scripts.ccc:1:5825)
    at Executor.importExceptionHandler [as _importExceptionHandler] (C:\ProgramData\cocos\editors\Creator\3.6.0\resources\app.asar\builtin\scene\dist\script\3d\manager\scripts.ccc:1:3509)
    at Executor._onModuleLoaded (C:\ProgramData\cocos\editors\Creator\3.6.0\resources\app.asar\node_modules\@editor\lib-programming\src\executor\index.ts:312:22)
    at SystemJS.onload (C:\ProgramData\cocos\editors\Creator\3.6.0\resources\app.asar\node_modules\@editor\lib-programming\src\executor\index.ts:73:18)
    at triggerOnload (C:\ProgramData\cocos\editors\Creator\3.6.0\resources\app.asar\node_modules\@editor\lib-programming\static\executor\systemjs-bridge\out\index.js:270:10)
    at doExec (C:\ProgramData\cocos\editors\Creator\3.6.0\resources\app.asar\node_modules\@editor\lib-programming\static\executor\systemjs-bridge\out\index.js:538:7)
    at postOrderExec (C:\ProgramData\cocos\editors\Creator\3.6.0\resources\app.asar\node_modules\@editor\lib-programming\static\executor\systemjs-bridge\out\index.js:508:21)
2025-08-30T13:21:25.047Z - warn: [Build] 资源 {asset(db://assets/resources/texture/big/bg.jpg)} 与资源 {asset(db://assets/resources/texture/big/bg.png)} 的动态加载 URL 相同(texture/big/bg)，请调整目录结构来避免动态加载资源时出现异常。[Build] 资源 {asset(db://assets/resources/texture/big/bg.jpg)} 与资源 {asset(db://assets/resources/texture/big/bg.png)} 的动态加载 URL 相同(texture/big/bg)，请调整目录结构来避免动态加载资源时出现异常。  
at NewConsole.warn (C:\ProgramData\cocos\editors\Creator\3.6.0\resources\app.asar\builtin\builder\dist\worker\console.ccc:1:1306)  
at o (C:\ProgramData\cocos\editors\Creator\3.6.0\resources\app.asar\builtin\builder\dist\worker\builder\setting-task\group.ccc:1:497)  
at C:\ProgramData\cocos\editors\Creator\3.6.0\resources\app.asar\builtin\builder\dist\worker\builder\setting-task\group.ccc:1:735  
at Array.forEach (<anonymous>)  
at BuildTask.handle (C:\ProgramData\cocos\editors\Creator\3.6.0\resources\app.asar\builtin\builder\dist\worker\builder\setting-task\group.ccc:1:618)  
at BuildTask.runBuildTask (C:\ProgramData\cocos\editors\Creator\3.6.0\resources\app.asar\builtin\builder\dist\worker\builder\index.ccc:1:7308)
2025-08-30T13:21:25.047Z - warn: [Build] 资源 {asset(db://assets/resources/texture/big/bg.jpg/texture)} 与资源 {asset(db://assets/resources/texture/big/bg.png/texture)} 的动态加载 URL 相同(texture/big/bg/texture)，请调整目录结构来避免动态加载资源时出现异常。[Build] 资源 {asset(db://assets/resources/texture/big/bg.jpg/texture)} 与资源 {asset(db://assets/resources/texture/big/bg.png/texture)} 的动态加载 URL 相同(texture/big/bg/texture)，请调整目录结构来避免动态加载资源时出现异常。  
at NewConsole.warn (C:\ProgramData\cocos\editors\Creator\3.6.0\resources\app.asar\builtin\builder\dist\worker\console.ccc:1:1306)  
at o (C:\ProgramData\cocos\editors\Creator\3.6.0\resources\app.asar\builtin\builder\dist\worker\builder\setting-task\group.ccc:1:497)  
at C:\ProgramData\cocos\editors\Creator\3.6.0\resources\app.asar\builtin\builder\dist\worker\builder\setting-task\group.ccc:1:735  
at Array.forEach (<anonymous>)  
at BuildTask.handle (C:\ProgramData\cocos\editors\Creator\3.6.0\resources\app.asar\builtin\builder\dist\worker\builder\setting-task\group.ccc:1:618)  
at BuildTask.runBuildTask (C:\ProgramData\cocos\editors\Creator\3.6.0\resources\app.asar\builtin\builder\dist\worker\builder\index.ccc:1:7308)
2025-08-30T13:21:25.047Z - warn: [Build] 资源 {asset(db://assets/resources/texture/big/bg.jpg/spriteFrame)} 与资源 {asset(db://assets/resources/texture/big/bg.png/spriteFrame)} 的动态加载 URL 相同(texture/big/bg/spriteFrame)，请调整目录结构来避免动态加载资源时出现异常。[Build] 资源 {asset(db://assets/resources/texture/big/bg.jpg/spriteFrame)} 与资源 {asset(db://assets/resources/texture/big/bg.png/spriteFrame)} 的动态加载 URL 相同(texture/big/bg/spriteFrame)，请调整目录结构来避免动态加载资源时出现异常。  
at NewConsole.warn (C:\ProgramData\cocos\editors\Creator\3.6.0\resources\app.asar\builtin\builder\dist\worker\console.ccc:1:1306)  
at o (C:\ProgramData\cocos\editors\Creator\3.6.0\resources\app.asar\builtin\builder\dist\worker\builder\setting-task\group.ccc:1:497)  
at C:\ProgramData\cocos\editors\Creator\3.6.0\resources\app.asar\builtin\builder\dist\worker\builder\setting-task\group.ccc:1:735  
at Array.forEach (<anonymous>)  
at BuildTask.handle (C:\ProgramData\cocos\editors\Creator\3.6.0\resources\app.asar\builtin\builder\dist\worker\builder\setting-task\group.ccc:1:618)  
at BuildTask.runBuildTask (C:\ProgramData\cocos\editors\Creator\3.6.0\resources\app.asar\builtin\builder\dist\worker\builder\index.ccc:1:7308)
2025-08-30T13:21:51.682Z - warn: [Build] 资源 {asset(db://assets/resources/texture/big/bg.jpg)} 与资源 {asset(db://assets/resources/texture/big/bg.png)} 的动态加载 URL 相同(texture/big/bg)，请调整目录结构来避免动态加载资源时出现异常。[Build] 资源 {asset(db://assets/resources/texture/big/bg.jpg)} 与资源 {asset(db://assets/resources/texture/big/bg.png)} 的动态加载 URL 相同(texture/big/bg)，请调整目录结构来避免动态加载资源时出现异常。  
at NewConsole.warn (C:\ProgramData\cocos\editors\Creator\3.6.0\resources\app.asar\builtin\builder\dist\worker\console.ccc:1:1306)  
at o (C:\ProgramData\cocos\editors\Creator\3.6.0\resources\app.asar\builtin\builder\dist\worker\builder\setting-task\group.ccc:1:497)  
at C:\ProgramData\cocos\editors\Creator\3.6.0\resources\app.asar\builtin\builder\dist\worker\builder\setting-task\group.ccc:1:735  
at Array.forEach (<anonymous>)  
at BuildTask.handle (C:\ProgramData\cocos\editors\Creator\3.6.0\resources\app.asar\builtin\builder\dist\worker\builder\setting-task\group.ccc:1:618)  
at BuildTask.runBuildTask (C:\ProgramData\cocos\editors\Creator\3.6.0\resources\app.asar\builtin\builder\dist\worker\builder\index.ccc:1:7308)
2025-08-30T13:21:51.683Z - warn: [Build] 资源 {asset(db://assets/resources/texture/big/bg.jpg/texture)} 与资源 {asset(db://assets/resources/texture/big/bg.png/texture)} 的动态加载 URL 相同(texture/big/bg/texture)，请调整目录结构来避免动态加载资源时出现异常。[Build] 资源 {asset(db://assets/resources/texture/big/bg.jpg/texture)} 与资源 {asset(db://assets/resources/texture/big/bg.png/texture)} 的动态加载 URL 相同(texture/big/bg/texture)，请调整目录结构来避免动态加载资源时出现异常。  
at NewConsole.warn (C:\ProgramData\cocos\editors\Creator\3.6.0\resources\app.asar\builtin\builder\dist\worker\console.ccc:1:1306)  
at o (C:\ProgramData\cocos\editors\Creator\3.6.0\resources\app.asar\builtin\builder\dist\worker\builder\setting-task\group.ccc:1:497)  
at C:\ProgramData\cocos\editors\Creator\3.6.0\resources\app.asar\builtin\builder\dist\worker\builder\setting-task\group.ccc:1:735  
at Array.forEach (<anonymous>)  
at BuildTask.handle (C:\ProgramData\cocos\editors\Creator\3.6.0\resources\app.asar\builtin\builder\dist\worker\builder\setting-task\group.ccc:1:618)  
at BuildTask.runBuildTask (C:\ProgramData\cocos\editors\Creator\3.6.0\resources\app.asar\builtin\builder\dist\worker\builder\index.ccc:1:7308)
2025-08-30T13:21:51.684Z - warn: [Build] 资源 {asset(db://assets/resources/texture/big/bg.jpg/spriteFrame)} 与资源 {asset(db://assets/resources/texture/big/bg.png/spriteFrame)} 的动态加载 URL 相同(texture/big/bg/spriteFrame)，请调整目录结构来避免动态加载资源时出现异常。[Build] 资源 {asset(db://assets/resources/texture/big/bg.jpg/spriteFrame)} 与资源 {asset(db://assets/resources/texture/big/bg.png/spriteFrame)} 的动态加载 URL 相同(texture/big/bg/spriteFrame)，请调整目录结构来避免动态加载资源时出现异常。  
at NewConsole.warn (C:\ProgramData\cocos\editors\Creator\3.6.0\resources\app.asar\builtin\builder\dist\worker\console.ccc:1:1306)  
at o (C:\ProgramData\cocos\editors\Creator\3.6.0\resources\app.asar\builtin\builder\dist\worker\builder\setting-task\group.ccc:1:497)  
at C:\ProgramData\cocos\editors\Creator\3.6.0\resources\app.asar\builtin\builder\dist\worker\builder\setting-task\group.ccc:1:735  
at Array.forEach (<anonymous>)  
at BuildTask.handle (C:\ProgramData\cocos\editors\Creator\3.6.0\resources\app.asar\builtin\builder\dist\worker\builder\setting-task\group.ccc:1:618)  
at BuildTask.runBuildTask (C:\ProgramData\cocos\editors\Creator\3.6.0\resources\app.asar\builtin\builder\dist\worker\builder\index.ccc:1:7308)
2025-08-30T13:21:53.942Z - warn: [Build] 资源 {asset(db://assets/resources/texture/big/bg.jpg)} 与资源 {asset(db://assets/resources/texture/big/bg.png)} 的动态加载 URL 相同(texture/big/bg)，请调整目录结构来避免动态加载资源时出现异常。[Build] 资源 {asset(db://assets/resources/texture/big/bg.jpg)} 与资源 {asset(db://assets/resources/texture/big/bg.png)} 的动态加载 URL 相同(texture/big/bg)，请调整目录结构来避免动态加载资源时出现异常。  
at NewConsole.warn (C:\ProgramData\cocos\editors\Creator\3.6.0\resources\app.asar\builtin\builder\dist\worker\console.ccc:1:1306)  
at o (C:\ProgramData\cocos\editors\Creator\3.6.0\resources\app.asar\builtin\builder\dist\worker\builder\setting-task\group.ccc:1:497)  
at C:\ProgramData\cocos\editors\Creator\3.6.0\resources\app.asar\builtin\builder\dist\worker\builder\setting-task\group.ccc:1:735  
at Array.forEach (<anonymous>)  
at BuildTask.handle (C:\ProgramData\cocos\editors\Creator\3.6.0\resources\app.asar\builtin\builder\dist\worker\builder\setting-task\group.ccc:1:618)  
at BuildTask.runBuildTask (C:\ProgramData\cocos\editors\Creator\3.6.0\resources\app.asar\builtin\builder\dist\worker\builder\index.ccc:1:7308)
2025-08-30T13:21:53.943Z - warn: [Build] 资源 {asset(db://assets/resources/texture/big/bg.jpg/texture)} 与资源 {asset(db://assets/resources/texture/big/bg.png/texture)} 的动态加载 URL 相同(texture/big/bg/texture)，请调整目录结构来避免动态加载资源时出现异常。[Build] 资源 {asset(db://assets/resources/texture/big/bg.jpg/texture)} 与资源 {asset(db://assets/resources/texture/big/bg.png/texture)} 的动态加载 URL 相同(texture/big/bg/texture)，请调整目录结构来避免动态加载资源时出现异常。  
at NewConsole.warn (C:\ProgramData\cocos\editors\Creator\3.6.0\resources\app.asar\builtin\builder\dist\worker\console.ccc:1:1306)  
at o (C:\ProgramData\cocos\editors\Creator\3.6.0\resources\app.asar\builtin\builder\dist\worker\builder\setting-task\group.ccc:1:497)  
at C:\ProgramData\cocos\editors\Creator\3.6.0\resources\app.asar\builtin\builder\dist\worker\builder\setting-task\group.ccc:1:735  
at Array.forEach (<anonymous>)  
at BuildTask.handle (C:\ProgramData\cocos\editors\Creator\3.6.0\resources\app.asar\builtin\builder\dist\worker\builder\setting-task\group.ccc:1:618)  
at BuildTask.runBuildTask (C:\ProgramData\cocos\editors\Creator\3.6.0\resources\app.asar\builtin\builder\dist\worker\builder\index.ccc:1:7308)
2025-08-30T13:21:53.943Z - warn: [Build] 资源 {asset(db://assets/resources/texture/big/bg.jpg/spriteFrame)} 与资源 {asset(db://assets/resources/texture/big/bg.png/spriteFrame)} 的动态加载 URL 相同(texture/big/bg/spriteFrame)，请调整目录结构来避免动态加载资源时出现异常。[Build] 资源 {asset(db://assets/resources/texture/big/bg.jpg/spriteFrame)} 与资源 {asset(db://assets/resources/texture/big/bg.png/spriteFrame)} 的动态加载 URL 相同(texture/big/bg/spriteFrame)，请调整目录结构来避免动态加载资源时出现异常。  
at NewConsole.warn (C:\ProgramData\cocos\editors\Creator\3.6.0\resources\app.asar\builtin\builder\dist\worker\console.ccc:1:1306)  
at o (C:\ProgramData\cocos\editors\Creator\3.6.0\resources\app.asar\builtin\builder\dist\worker\builder\setting-task\group.ccc:1:497)  
at C:\ProgramData\cocos\editors\Creator\3.6.0\resources\app.asar\builtin\builder\dist\worker\builder\setting-task\group.ccc:1:735  
at Array.forEach (<anonymous>)  
at BuildTask.handle (C:\ProgramData\cocos\editors\Creator\3.6.0\resources\app.asar\builtin\builder\dist\worker\builder\setting-task\group.ccc:1:618)  
at BuildTask.runBuildTask (C:\ProgramData\cocos\editors\Creator\3.6.0\resources\app.asar\builtin\builder\dist\worker\builder\index.ccc:1:7308)
2025-08-30T13:22:24.644Z - warn: [Build] 资源 {asset(db://assets/resources/texture/big/bg.jpg)} 与资源 {asset(db://assets/resources/texture/big/bg.png)} 的动态加载 URL 相同(texture/big/bg)，请调整目录结构来避免动态加载资源时出现异常。[Build] 资源 {asset(db://assets/resources/texture/big/bg.jpg)} 与资源 {asset(db://assets/resources/texture/big/bg.png)} 的动态加载 URL 相同(texture/big/bg)，请调整目录结构来避免动态加载资源时出现异常。  
at NewConsole.warn (C:\ProgramData\cocos\editors\Creator\3.6.0\resources\app.asar\builtin\builder\dist\worker\console.ccc:1:1306)  
at o (C:\ProgramData\cocos\editors\Creator\3.6.0\resources\app.asar\builtin\builder\dist\worker\builder\setting-task\group.ccc:1:497)  
at C:\ProgramData\cocos\editors\Creator\3.6.0\resources\app.asar\builtin\builder\dist\worker\builder\setting-task\group.ccc:1:735  
at Array.forEach (<anonymous>)  
at BuildTask.handle (C:\ProgramData\cocos\editors\Creator\3.6.0\resources\app.asar\builtin\builder\dist\worker\builder\setting-task\group.ccc:1:618)  
at BuildTask.runBuildTask (C:\ProgramData\cocos\editors\Creator\3.6.0\resources\app.asar\builtin\builder\dist\worker\builder\index.ccc:1:7308)
2025-08-30T13:22:24.644Z - warn: [Build] 资源 {asset(db://assets/resources/texture/big/bg.jpg/texture)} 与资源 {asset(db://assets/resources/texture/big/bg.png/texture)} 的动态加载 URL 相同(texture/big/bg/texture)，请调整目录结构来避免动态加载资源时出现异常。[Build] 资源 {asset(db://assets/resources/texture/big/bg.jpg/texture)} 与资源 {asset(db://assets/resources/texture/big/bg.png/texture)} 的动态加载 URL 相同(texture/big/bg/texture)，请调整目录结构来避免动态加载资源时出现异常。  
at NewConsole.warn (C:\ProgramData\cocos\editors\Creator\3.6.0\resources\app.asar\builtin\builder\dist\worker\console.ccc:1:1306)  
at o (C:\ProgramData\cocos\editors\Creator\3.6.0\resources\app.asar\builtin\builder\dist\worker\builder\setting-task\group.ccc:1:497)  
at C:\ProgramData\cocos\editors\Creator\3.6.0\resources\app.asar\builtin\builder\dist\worker\builder\setting-task\group.ccc:1:735  
at Array.forEach (<anonymous>)  
at BuildTask.handle (C:\ProgramData\cocos\editors\Creator\3.6.0\resources\app.asar\builtin\builder\dist\worker\builder\setting-task\group.ccc:1:618)  
at BuildTask.runBuildTask (C:\ProgramData\cocos\editors\Creator\3.6.0\resources\app.asar\builtin\builder\dist\worker\builder\index.ccc:1:7308)
2025-08-30T13:22:24.644Z - warn: [Build] 资源 {asset(db://assets/resources/texture/big/bg.jpg/spriteFrame)} 与资源 {asset(db://assets/resources/texture/big/bg.png/spriteFrame)} 的动态加载 URL 相同(texture/big/bg/spriteFrame)，请调整目录结构来避免动态加载资源时出现异常。[Build] 资源 {asset(db://assets/resources/texture/big/bg.jpg/spriteFrame)} 与资源 {asset(db://assets/resources/texture/big/bg.png/spriteFrame)} 的动态加载 URL 相同(texture/big/bg/spriteFrame)，请调整目录结构来避免动态加载资源时出现异常。  
at NewConsole.warn (C:\ProgramData\cocos\editors\Creator\3.6.0\resources\app.asar\builtin\builder\dist\worker\console.ccc:1:1306)  
at o (C:\ProgramData\cocos\editors\Creator\3.6.0\resources\app.asar\builtin\builder\dist\worker\builder\setting-task\group.ccc:1:497)  
at C:\ProgramData\cocos\editors\Creator\3.6.0\resources\app.asar\builtin\builder\dist\worker\builder\setting-task\group.ccc:1:735  
at Array.forEach (<anonymous>)  
at BuildTask.handle (C:\ProgramData\cocos\editors\Creator\3.6.0\resources\app.asar\builtin\builder\dist\worker\builder\setting-task\group.ccc:1:618)  
at BuildTask.runBuildTask (C:\ProgramData\cocos\editors\Creator\3.6.0\resources\app.asar\builtin\builder\dist\worker\builder\index.ccc:1:7308)
2025-08-30T13:22:27.259Z - warn: [Build] 资源 {asset(db://assets/resources/texture/big/bg.jpg)} 与资源 {asset(db://assets/resources/texture/big/bg.png)} 的动态加载 URL 相同(texture/big/bg)，请调整目录结构来避免动态加载资源时出现异常。[Build] 资源 {asset(db://assets/resources/texture/big/bg.jpg)} 与资源 {asset(db://assets/resources/texture/big/bg.png)} 的动态加载 URL 相同(texture/big/bg)，请调整目录结构来避免动态加载资源时出现异常。  
at NewConsole.warn (C:\ProgramData\cocos\editors\Creator\3.6.0\resources\app.asar\builtin\builder\dist\worker\console.ccc:1:1306)  
at o (C:\ProgramData\cocos\editors\Creator\3.6.0\resources\app.asar\builtin\builder\dist\worker\builder\setting-task\group.ccc:1:497)  
at C:\ProgramData\cocos\editors\Creator\3.6.0\resources\app.asar\builtin\builder\dist\worker\builder\setting-task\group.ccc:1:735  
at Array.forEach (<anonymous>)  
at BuildTask.handle (C:\ProgramData\cocos\editors\Creator\3.6.0\resources\app.asar\builtin\builder\dist\worker\builder\setting-task\group.ccc:1:618)  
at BuildTask.runBuildTask (C:\ProgramData\cocos\editors\Creator\3.6.0\resources\app.asar\builtin\builder\dist\worker\builder\index.ccc:1:7308)
2025-08-30T13:22:27.259Z - warn: [Build] 资源 {asset(db://assets/resources/texture/big/bg.jpg/texture)} 与资源 {asset(db://assets/resources/texture/big/bg.png/texture)} 的动态加载 URL 相同(texture/big/bg/texture)，请调整目录结构来避免动态加载资源时出现异常。[Build] 资源 {asset(db://assets/resources/texture/big/bg.jpg/texture)} 与资源 {asset(db://assets/resources/texture/big/bg.png/texture)} 的动态加载 URL 相同(texture/big/bg/texture)，请调整目录结构来避免动态加载资源时出现异常。  
at NewConsole.warn (C:\ProgramData\cocos\editors\Creator\3.6.0\resources\app.asar\builtin\builder\dist\worker\console.ccc:1:1306)  
at o (C:\ProgramData\cocos\editors\Creator\3.6.0\resources\app.asar\builtin\builder\dist\worker\builder\setting-task\group.ccc:1:497)  
at C:\ProgramData\cocos\editors\Creator\3.6.0\resources\app.asar\builtin\builder\dist\worker\builder\setting-task\group.ccc:1:735  
at Array.forEach (<anonymous>)  
at BuildTask.handle (C:\ProgramData\cocos\editors\Creator\3.6.0\resources\app.asar\builtin\builder\dist\worker\builder\setting-task\group.ccc:1:618)  
at BuildTask.runBuildTask (C:\ProgramData\cocos\editors\Creator\3.6.0\resources\app.asar\builtin\builder\dist\worker\builder\index.ccc:1:7308)
2025-08-30T13:22:27.259Z - warn: [Build] 资源 {asset(db://assets/resources/texture/big/bg.jpg/spriteFrame)} 与资源 {asset(db://assets/resources/texture/big/bg.png/spriteFrame)} 的动态加载 URL 相同(texture/big/bg/spriteFrame)，请调整目录结构来避免动态加载资源时出现异常。[Build] 资源 {asset(db://assets/resources/texture/big/bg.jpg/spriteFrame)} 与资源 {asset(db://assets/resources/texture/big/bg.png/spriteFrame)} 的动态加载 URL 相同(texture/big/bg/spriteFrame)，请调整目录结构来避免动态加载资源时出现异常。  
at NewConsole.warn (C:\ProgramData\cocos\editors\Creator\3.6.0\resources\app.asar\builtin\builder\dist\worker\console.ccc:1:1306)  
at o (C:\ProgramData\cocos\editors\Creator\3.6.0\resources\app.asar\builtin\builder\dist\worker\builder\setting-task\group.ccc:1:497)  
at C:\ProgramData\cocos\editors\Creator\3.6.0\resources\app.asar\builtin\builder\dist\worker\builder\setting-task\group.ccc:1:735  
at Array.forEach (<anonymous>)  
at BuildTask.handle (C:\ProgramData\cocos\editors\Creator\3.6.0\resources\app.asar\builtin\builder\dist\worker\builder\setting-task\group.ccc:1:618)  
at BuildTask.runBuildTask (C:\ProgramData\cocos\editors\Creator\3.6.0\resources\app.asar\builtin\builder\dist\worker\builder\index.ccc:1:7308)
2025-08-30T13:22:38.508Z - warn: [Build] 资源 {asset(db://assets/resources/texture/big/bg.jpg)} 与资源 {asset(db://assets/resources/texture/big/bg.png)} 的动态加载 URL 相同(texture/big/bg)，请调整目录结构来避免动态加载资源时出现异常。[Build] 资源 {asset(db://assets/resources/texture/big/bg.jpg)} 与资源 {asset(db://assets/resources/texture/big/bg.png)} 的动态加载 URL 相同(texture/big/bg)，请调整目录结构来避免动态加载资源时出现异常。  
at NewConsole.warn (C:\ProgramData\cocos\editors\Creator\3.6.0\resources\app.asar\builtin\builder\dist\worker\console.ccc:1:1306)  
at o (C:\ProgramData\cocos\editors\Creator\3.6.0\resources\app.asar\builtin\builder\dist\worker\builder\setting-task\group.ccc:1:497)  
at C:\ProgramData\cocos\editors\Creator\3.6.0\resources\app.asar\builtin\builder\dist\worker\builder\setting-task\group.ccc:1:735  
at Array.forEach (<anonymous>)  
at BuildTask.handle (C:\ProgramData\cocos\editors\Creator\3.6.0\resources\app.asar\builtin\builder\dist\worker\builder\setting-task\group.ccc:1:618)  
at BuildTask.runBuildTask (C:\ProgramData\cocos\editors\Creator\3.6.0\resources\app.asar\builtin\builder\dist\worker\builder\index.ccc:1:7308)
2025-08-30T13:22:38.508Z - warn: [Build] 资源 {asset(db://assets/resources/texture/big/bg.jpg/texture)} 与资源 {asset(db://assets/resources/texture/big/bg.png/texture)} 的动态加载 URL 相同(texture/big/bg/texture)，请调整目录结构来避免动态加载资源时出现异常。[Build] 资源 {asset(db://assets/resources/texture/big/bg.jpg/texture)} 与资源 {asset(db://assets/resources/texture/big/bg.png/texture)} 的动态加载 URL 相同(texture/big/bg/texture)，请调整目录结构来避免动态加载资源时出现异常。  
at NewConsole.warn (C:\ProgramData\cocos\editors\Creator\3.6.0\resources\app.asar\builtin\builder\dist\worker\console.ccc:1:1306)  
at o (C:\ProgramData\cocos\editors\Creator\3.6.0\resources\app.asar\builtin\builder\dist\worker\builder\setting-task\group.ccc:1:497)  
at C:\ProgramData\cocos\editors\Creator\3.6.0\resources\app.asar\builtin\builder\dist\worker\builder\setting-task\group.ccc:1:735  
at Array.forEach (<anonymous>)  
at BuildTask.handle (C:\ProgramData\cocos\editors\Creator\3.6.0\resources\app.asar\builtin\builder\dist\worker\builder\setting-task\group.ccc:1:618)  
at BuildTask.runBuildTask (C:\ProgramData\cocos\editors\Creator\3.6.0\resources\app.asar\builtin\builder\dist\worker\builder\index.ccc:1:7308)
2025-08-30T13:22:38.508Z - warn: [Build] 资源 {asset(db://assets/resources/texture/big/bg.jpg/spriteFrame)} 与资源 {asset(db://assets/resources/texture/big/bg.png/spriteFrame)} 的动态加载 URL 相同(texture/big/bg/spriteFrame)，请调整目录结构来避免动态加载资源时出现异常。[Build] 资源 {asset(db://assets/resources/texture/big/bg.jpg/spriteFrame)} 与资源 {asset(db://assets/resources/texture/big/bg.png/spriteFrame)} 的动态加载 URL 相同(texture/big/bg/spriteFrame)，请调整目录结构来避免动态加载资源时出现异常。  
at NewConsole.warn (C:\ProgramData\cocos\editors\Creator\3.6.0\resources\app.asar\builtin\builder\dist\worker\console.ccc:1:1306)  
at o (C:\ProgramData\cocos\editors\Creator\3.6.0\resources\app.asar\builtin\builder\dist\worker\builder\setting-task\group.ccc:1:497)  
at C:\ProgramData\cocos\editors\Creator\3.6.0\resources\app.asar\builtin\builder\dist\worker\builder\setting-task\group.ccc:1:735  
at Array.forEach (<anonymous>)  
at BuildTask.handle (C:\ProgramData\cocos\editors\Creator\3.6.0\resources\app.asar\builtin\builder\dist\worker\builder\setting-task\group.ccc:1:618)  
at BuildTask.runBuildTask (C:\ProgramData\cocos\editors\Creator\3.6.0\resources\app.asar\builtin\builder\dist\worker\builder\index.ccc:1:7308)
2025-08-30T13:22:54.677Z - warn: [Build] 资源 {asset(db://assets/resources/texture/big/bg.jpg)} 与资源 {asset(db://assets/resources/texture/big/bg.png)} 的动态加载 URL 相同(texture/big/bg)，请调整目录结构来避免动态加载资源时出现异常。[Build] 资源 {asset(db://assets/resources/texture/big/bg.jpg)} 与资源 {asset(db://assets/resources/texture/big/bg.png)} 的动态加载 URL 相同(texture/big/bg)，请调整目录结构来避免动态加载资源时出现异常。  
at NewConsole.warn (C:\ProgramData\cocos\editors\Creator\3.6.0\resources\app.asar\builtin\builder\dist\worker\console.ccc:1:1306)  
at o (C:\ProgramData\cocos\editors\Creator\3.6.0\resources\app.asar\builtin\builder\dist\worker\builder\setting-task\group.ccc:1:497)  
at C:\ProgramData\cocos\editors\Creator\3.6.0\resources\app.asar\builtin\builder\dist\worker\builder\setting-task\group.ccc:1:735  
at Array.forEach (<anonymous>)  
at BuildTask.handle (C:\ProgramData\cocos\editors\Creator\3.6.0\resources\app.asar\builtin\builder\dist\worker\builder\setting-task\group.ccc:1:618)  
at BuildTask.runBuildTask (C:\ProgramData\cocos\editors\Creator\3.6.0\resources\app.asar\builtin\builder\dist\worker\builder\index.ccc:1:7308)
2025-08-30T13:22:54.677Z - warn: [Build] 资源 {asset(db://assets/resources/texture/big/bg.jpg/texture)} 与资源 {asset(db://assets/resources/texture/big/bg.png/texture)} 的动态加载 URL 相同(texture/big/bg/texture)，请调整目录结构来避免动态加载资源时出现异常。[Build] 资源 {asset(db://assets/resources/texture/big/bg.jpg/texture)} 与资源 {asset(db://assets/resources/texture/big/bg.png/texture)} 的动态加载 URL 相同(texture/big/bg/texture)，请调整目录结构来避免动态加载资源时出现异常。  
at NewConsole.warn (C:\ProgramData\cocos\editors\Creator\3.6.0\resources\app.asar\builtin\builder\dist\worker\console.ccc:1:1306)  
at o (C:\ProgramData\cocos\editors\Creator\3.6.0\resources\app.asar\builtin\builder\dist\worker\builder\setting-task\group.ccc:1:497)  
at C:\ProgramData\cocos\editors\Creator\3.6.0\resources\app.asar\builtin\builder\dist\worker\builder\setting-task\group.ccc:1:735  
at Array.forEach (<anonymous>)  
at BuildTask.handle (C:\ProgramData\cocos\editors\Creator\3.6.0\resources\app.asar\builtin\builder\dist\worker\builder\setting-task\group.ccc:1:618)  
at BuildTask.runBuildTask (C:\ProgramData\cocos\editors\Creator\3.6.0\resources\app.asar\builtin\builder\dist\worker\builder\index.ccc:1:7308)
2025-08-30T13:22:54.677Z - warn: [Build] 资源 {asset(db://assets/resources/texture/big/bg.jpg/spriteFrame)} 与资源 {asset(db://assets/resources/texture/big/bg.png/spriteFrame)} 的动态加载 URL 相同(texture/big/bg/spriteFrame)，请调整目录结构来避免动态加载资源时出现异常。[Build] 资源 {asset(db://assets/resources/texture/big/bg.jpg/spriteFrame)} 与资源 {asset(db://assets/resources/texture/big/bg.png/spriteFrame)} 的动态加载 URL 相同(texture/big/bg/spriteFrame)，请调整目录结构来避免动态加载资源时出现异常。  
at NewConsole.warn (C:\ProgramData\cocos\editors\Creator\3.6.0\resources\app.asar\builtin\builder\dist\worker\console.ccc:1:1306)  
at o (C:\ProgramData\cocos\editors\Creator\3.6.0\resources\app.asar\builtin\builder\dist\worker\builder\setting-task\group.ccc:1:497)  
at C:\ProgramData\cocos\editors\Creator\3.6.0\resources\app.asar\builtin\builder\dist\worker\builder\setting-task\group.ccc:1:735  
at Array.forEach (<anonymous>)  
at BuildTask.handle (C:\ProgramData\cocos\editors\Creator\3.6.0\resources\app.asar\builtin\builder\dist\worker\builder\setting-task\group.ccc:1:618)  
at BuildTask.runBuildTask (C:\ProgramData\cocos\editors\Creator\3.6.0\resources\app.asar\builtin\builder\dist\worker\builder\index.ccc:1:7308)
2025-08-30T13:23:10.698Z - warn: [Build] 资源 {asset(db://assets/resources/texture/big/bg.jpg)} 与资源 {asset(db://assets/resources/texture/big/bg.png)} 的动态加载 URL 相同(texture/big/bg)，请调整目录结构来避免动态加载资源时出现异常。[Build] 资源 {asset(db://assets/resources/texture/big/bg.jpg)} 与资源 {asset(db://assets/resources/texture/big/bg.png)} 的动态加载 URL 相同(texture/big/bg)，请调整目录结构来避免动态加载资源时出现异常。  
at NewConsole.warn (C:\ProgramData\cocos\editors\Creator\3.6.0\resources\app.asar\builtin\builder\dist\worker\console.ccc:1:1306)  
at o (C:\ProgramData\cocos\editors\Creator\3.6.0\resources\app.asar\builtin\builder\dist\worker\builder\setting-task\group.ccc:1:497)  
at C:\ProgramData\cocos\editors\Creator\3.6.0\resources\app.asar\builtin\builder\dist\worker\builder\setting-task\group.ccc:1:735  
at Array.forEach (<anonymous>)  
at BuildTask.handle (C:\ProgramData\cocos\editors\Creator\3.6.0\resources\app.asar\builtin\builder\dist\worker\builder\setting-task\group.ccc:1:618)  
at BuildTask.runBuildTask (C:\ProgramData\cocos\editors\Creator\3.6.0\resources\app.asar\builtin\builder\dist\worker\builder\index.ccc:1:7308)
2025-08-30T13:23:10.699Z - warn: [Build] 资源 {asset(db://assets/resources/texture/big/bg.jpg/texture)} 与资源 {asset(db://assets/resources/texture/big/bg.png/texture)} 的动态加载 URL 相同(texture/big/bg/texture)，请调整目录结构来避免动态加载资源时出现异常。[Build] 资源 {asset(db://assets/resources/texture/big/bg.jpg/texture)} 与资源 {asset(db://assets/resources/texture/big/bg.png/texture)} 的动态加载 URL 相同(texture/big/bg/texture)，请调整目录结构来避免动态加载资源时出现异常。  
at NewConsole.warn (C:\ProgramData\cocos\editors\Creator\3.6.0\resources\app.asar\builtin\builder\dist\worker\console.ccc:1:1306)  
at o (C:\ProgramData\cocos\editors\Creator\3.6.0\resources\app.asar\builtin\builder\dist\worker\builder\setting-task\group.ccc:1:497)  
at C:\ProgramData\cocos\editors\Creator\3.6.0\resources\app.asar\builtin\builder\dist\worker\builder\setting-task\group.ccc:1:735  
at Array.forEach (<anonymous>)  
at BuildTask.handle (C:\ProgramData\cocos\editors\Creator\3.6.0\resources\app.asar\builtin\builder\dist\worker\builder\setting-task\group.ccc:1:618)  
at BuildTask.runBuildTask (C:\ProgramData\cocos\editors\Creator\3.6.0\resources\app.asar\builtin\builder\dist\worker\builder\index.ccc:1:7308)
2025-08-30T13:23:10.699Z - warn: [Build] 资源 {asset(db://assets/resources/texture/big/bg.jpg/spriteFrame)} 与资源 {asset(db://assets/resources/texture/big/bg.png/spriteFrame)} 的动态加载 URL 相同(texture/big/bg/spriteFrame)，请调整目录结构来避免动态加载资源时出现异常。[Build] 资源 {asset(db://assets/resources/texture/big/bg.jpg/spriteFrame)} 与资源 {asset(db://assets/resources/texture/big/bg.png/spriteFrame)} 的动态加载 URL 相同(texture/big/bg/spriteFrame)，请调整目录结构来避免动态加载资源时出现异常。  
at NewConsole.warn (C:\ProgramData\cocos\editors\Creator\3.6.0\resources\app.asar\builtin\builder\dist\worker\console.ccc:1:1306)  
at o (C:\ProgramData\cocos\editors\Creator\3.6.0\resources\app.asar\builtin\builder\dist\worker\builder\setting-task\group.ccc:1:497)  
at C:\ProgramData\cocos\editors\Creator\3.6.0\resources\app.asar\builtin\builder\dist\worker\builder\setting-task\group.ccc:1:735  
at Array.forEach (<anonymous>)  
at BuildTask.handle (C:\ProgramData\cocos\editors\Creator\3.6.0\resources\app.asar\builtin\builder\dist\worker\builder\setting-task\group.ccc:1:618)  
at BuildTask.runBuildTask (C:\ProgramData\cocos\editors\Creator\3.6.0\resources\app.asar\builtin\builder\dist\worker\builder\index.ccc:1:7308)
2025-08-30T13:23:13.599Z - error: [Scene] {hidden(::SceneExecutorImportExceptionHandler::)} ReferenceError: protobuf is not defined
    at factory (file:///D:/xuhang/guan_dan/temp/programming/packer-driver/targets/editor/chunks/8a/file:/D:/xuhang/guan_dan/assets/scripts/proto/gameMsg.js:5335:5)
    at CjsLoader._load (file:///D:/xuhang/guan_dan/temp/programming/packer-driver/targets/editor/chunks/e2/cce:/internal/ml/cjs-loader.mjs:78:9)
    at CjsLoader._tryModuleLoad (file:///D:/xuhang/guan_dan/temp/programming/packer-driver/targets/editor/chunks/e2/cce:/internal/ml/cjs-loader.mjs:63:18)
    at CjsLoader._require (file:///D:/xuhang/guan_dan/temp/programming/packer-driver/targets/editor/chunks/e2/cce:/internal/ml/cjs-loader.mjs:42:14)
    at CjsLoader.require (file:///D:/xuhang/guan_dan/temp/programming/packer-driver/targets/editor/chunks/e2/cce:/internal/ml/cjs-loader.mjs:27:21)
    at Object.execute (file:///D:/xuhang/guan_dan/temp/programming/packer-driver/targets/editor/chunks/ee/file:/D:/xuhang/guan_dan/assets/scripts/proto/gameMsg.mjs?cjs=&original=.js:7:8)
    at doExec (C:\ProgramData\cocos\editors\Creator\3.6.0\resources\app.asar\node_modules\@editor\lib-programming\static\executor\systemjs-bridge\out\index.js:517:30)
    at postOrderExec (C:\ProgramData\cocos\editors\Creator\3.6.0\resources\app.asar\node_modules\@editor\lib-programming\static\executor\systemjs-bridge\out\index.js:508:21)
    at C:\ProgramData\cocos\editors\Creator\3.6.0\resources\app.asar\node_modules\@editor\lib-programming\static\executor\systemjs-bridge\out\index.js:440:12
    at file:///D:/xuhang/guan_dan/temp/programming/packer-driver/targets/editor/chunks/04/cce:/internal/x/prerequisite-imports:8:13Error: [Scene] {hidden(::SceneExecutorImportExceptionHandler::)} ReferenceError: protobuf is not defined
    at CjsLoader._require (file:///D:/xuhang/guan_dan/temp/programming/packer-driver/targets/editor/chunks/e2/cce:/internal/ml/cjs-loader.mjs:42:14)
    at CjsLoader.require (file:///D:/xuhang/guan_dan/temp/programming/packer-driver/targets/editor/chunks/e2/cce:/internal/ml/cjs-loader.mjs:27:21)
    at Object.execute (file:///D:/xuhang/guan_dan/temp/programming/packer-driver/targets/editor/chunks/ee/file:/D:/xuhang/guan_dan/assets/scripts/proto/gameMsg.mjs?cjs=&original=.js:7:8)
    at doExec (C:\ProgramData\cocos\editors\Creator\3.6.0\resources\app.asar\node_modules\@editor\lib-programming\static\executor\systemjs-bridge\out\index.js:517:30)
    at postOrderExec (C:\ProgramData\cocos\editors\Creator\3.6.0\resources\app.asar\node_modules\@editor\lib-programming\static\executor\systemjs-bridge\out\index.js:508:21)
    at C:\ProgramData\cocos\editors\Creator\3.6.0\resources\app.asar\node_modules\@editor\lib-programming\static\executor\systemjs-bridge\out\index.js:440:12
    at file:///D:/xuhang/guan_dan/temp/programming/packer-driver/targets/editor/chunks/04/cce:/internal/x/prerequisite-imports:8:13
    at Logger._logHandler (C:\ProgramData\cocos\editors\Creator\3.6.0\resources\app.asar\builtin\scene\dist\script\3d\manager\startup\log.ccc:1:318)
    at Logger.record (C:\ProgramData\cocos\editors\Creator\3.6.0\resources\app.asar\node_modules\@base\electron-logger\lib\renderer.ccc:1:458)
    at console.error (C:\ProgramData\cocos\editors\Creator\3.6.0\resources\app.asar\node_modules\@base\electron-logger\lib\renderer.ccc:1:1414)
    at ScriptManager._handleImportException (C:\ProgramData\cocos\editors\Creator\3.6.0\resources\app.asar\builtin\scene\dist\script\3d\manager\scripts.ccc:1:5825)
    at Executor.importExceptionHandler [as _importExceptionHandler] (C:\ProgramData\cocos\editors\Creator\3.6.0\resources\app.asar\builtin\scene\dist\script\3d\manager\scripts.ccc:1:3509)
    at Executor._onModuleLoaded (C:\ProgramData\cocos\editors\Creator\3.6.0\resources\app.asar\node_modules\@editor\lib-programming\src\executor\index.ts:312:22)
    at SystemJS.onload (C:\ProgramData\cocos\editors\Creator\3.6.0\resources\app.asar\node_modules\@editor\lib-programming\src\executor\index.ts:73:18)
    at triggerOnload (C:\ProgramData\cocos\editors\Creator\3.6.0\resources\app.asar\node_modules\@editor\lib-programming\static\executor\systemjs-bridge\out\index.js:270:10)
    at doExec (C:\ProgramData\cocos\editors\Creator\3.6.0\resources\app.asar\node_modules\@editor\lib-programming\static\executor\systemjs-bridge\out\index.js:538:7)
    at postOrderExec (C:\ProgramData\cocos\editors\Creator\3.6.0\resources\app.asar\node_modules\@editor\lib-programming\static\executor\systemjs-bridge\out\index.js:508:21)
2025-08-30T13:23:14.589Z - warn: [Build] 资源 {asset(db://assets/resources/texture/big/bg.jpg)} 与资源 {asset(db://assets/resources/texture/big/bg.png)} 的动态加载 URL 相同(texture/big/bg)，请调整目录结构来避免动态加载资源时出现异常。[Build] 资源 {asset(db://assets/resources/texture/big/bg.jpg)} 与资源 {asset(db://assets/resources/texture/big/bg.png)} 的动态加载 URL 相同(texture/big/bg)，请调整目录结构来避免动态加载资源时出现异常。  
at NewConsole.warn (C:\ProgramData\cocos\editors\Creator\3.6.0\resources\app.asar\builtin\builder\dist\worker\console.ccc:1:1306)  
at o (C:\ProgramData\cocos\editors\Creator\3.6.0\resources\app.asar\builtin\builder\dist\worker\builder\setting-task\group.ccc:1:497)  
at C:\ProgramData\cocos\editors\Creator\3.6.0\resources\app.asar\builtin\builder\dist\worker\builder\setting-task\group.ccc:1:735  
at Array.forEach (<anonymous>)  
at BuildTask.handle (C:\ProgramData\cocos\editors\Creator\3.6.0\resources\app.asar\builtin\builder\dist\worker\builder\setting-task\group.ccc:1:618)  
at BuildTask.runBuildTask (C:\ProgramData\cocos\editors\Creator\3.6.0\resources\app.asar\builtin\builder\dist\worker\builder\index.ccc:1:7308)
2025-08-30T13:23:14.589Z - warn: [Build] 资源 {asset(db://assets/resources/texture/big/bg.jpg/texture)} 与资源 {asset(db://assets/resources/texture/big/bg.png/texture)} 的动态加载 URL 相同(texture/big/bg/texture)，请调整目录结构来避免动态加载资源时出现异常。[Build] 资源 {asset(db://assets/resources/texture/big/bg.jpg/texture)} 与资源 {asset(db://assets/resources/texture/big/bg.png/texture)} 的动态加载 URL 相同(texture/big/bg/texture)，请调整目录结构来避免动态加载资源时出现异常。  
at NewConsole.warn (C:\ProgramData\cocos\editors\Creator\3.6.0\resources\app.asar\builtin\builder\dist\worker\console.ccc:1:1306)  
at o (C:\ProgramData\cocos\editors\Creator\3.6.0\resources\app.asar\builtin\builder\dist\worker\builder\setting-task\group.ccc:1:497)  
at C:\ProgramData\cocos\editors\Creator\3.6.0\resources\app.asar\builtin\builder\dist\worker\builder\setting-task\group.ccc:1:735  
at Array.forEach (<anonymous>)  
at BuildTask.handle (C:\ProgramData\cocos\editors\Creator\3.6.0\resources\app.asar\builtin\builder\dist\worker\builder\setting-task\group.ccc:1:618)  
at BuildTask.runBuildTask (C:\ProgramData\cocos\editors\Creator\3.6.0\resources\app.asar\builtin\builder\dist\worker\builder\index.ccc:1:7308)
2025-08-30T13:23:14.589Z - warn: [Build] 资源 {asset(db://assets/resources/texture/big/bg.jpg/spriteFrame)} 与资源 {asset(db://assets/resources/texture/big/bg.png/spriteFrame)} 的动态加载 URL 相同(texture/big/bg/spriteFrame)，请调整目录结构来避免动态加载资源时出现异常。[Build] 资源 {asset(db://assets/resources/texture/big/bg.jpg/spriteFrame)} 与资源 {asset(db://assets/resources/texture/big/bg.png/spriteFrame)} 的动态加载 URL 相同(texture/big/bg/spriteFrame)，请调整目录结构来避免动态加载资源时出现异常。  
at NewConsole.warn (C:\ProgramData\cocos\editors\Creator\3.6.0\resources\app.asar\builtin\builder\dist\worker\console.ccc:1:1306)  
at o (C:\ProgramData\cocos\editors\Creator\3.6.0\resources\app.asar\builtin\builder\dist\worker\builder\setting-task\group.ccc:1:497)  
at C:\ProgramData\cocos\editors\Creator\3.6.0\resources\app.asar\builtin\builder\dist\worker\builder\setting-task\group.ccc:1:735  
at Array.forEach (<anonymous>)  
at BuildTask.handle (C:\ProgramData\cocos\editors\Creator\3.6.0\resources\app.asar\builtin\builder\dist\worker\builder\setting-task\group.ccc:1:618)  
at BuildTask.runBuildTask (C:\ProgramData\cocos\editors\Creator\3.6.0\resources\app.asar\builtin\builder\dist\worker\builder\index.ccc:1:7308)
2025-08-30T13:24:39.745Z - warn: [Build] 资源 {asset(db://assets/resources/texture/big/bg.jpg)} 与资源 {asset(db://assets/resources/texture/big/bg.png)} 的动态加载 URL 相同(texture/big/bg)，请调整目录结构来避免动态加载资源时出现异常。[Build] 资源 {asset(db://assets/resources/texture/big/bg.jpg)} 与资源 {asset(db://assets/resources/texture/big/bg.png)} 的动态加载 URL 相同(texture/big/bg)，请调整目录结构来避免动态加载资源时出现异常。  
at NewConsole.warn (C:\ProgramData\cocos\editors\Creator\3.6.0\resources\app.asar\builtin\builder\dist\worker\console.ccc:1:1306)  
at o (C:\ProgramData\cocos\editors\Creator\3.6.0\resources\app.asar\builtin\builder\dist\worker\builder\setting-task\group.ccc:1:497)  
at C:\ProgramData\cocos\editors\Creator\3.6.0\resources\app.asar\builtin\builder\dist\worker\builder\setting-task\group.ccc:1:735  
at Array.forEach (<anonymous>)  
at BuildTask.handle (C:\ProgramData\cocos\editors\Creator\3.6.0\resources\app.asar\builtin\builder\dist\worker\builder\setting-task\group.ccc:1:618)  
at BuildTask.runBuildTask (C:\ProgramData\cocos\editors\Creator\3.6.0\resources\app.asar\builtin\builder\dist\worker\builder\index.ccc:1:7308)
2025-08-30T13:24:39.745Z - warn: [Build] 资源 {asset(db://assets/resources/texture/big/bg.jpg/texture)} 与资源 {asset(db://assets/resources/texture/big/bg.png/texture)} 的动态加载 URL 相同(texture/big/bg/texture)，请调整目录结构来避免动态加载资源时出现异常。[Build] 资源 {asset(db://assets/resources/texture/big/bg.jpg/texture)} 与资源 {asset(db://assets/resources/texture/big/bg.png/texture)} 的动态加载 URL 相同(texture/big/bg/texture)，请调整目录结构来避免动态加载资源时出现异常。  
at NewConsole.warn (C:\ProgramData\cocos\editors\Creator\3.6.0\resources\app.asar\builtin\builder\dist\worker\console.ccc:1:1306)  
at o (C:\ProgramData\cocos\editors\Creator\3.6.0\resources\app.asar\builtin\builder\dist\worker\builder\setting-task\group.ccc:1:497)  
at C:\ProgramData\cocos\editors\Creator\3.6.0\resources\app.asar\builtin\builder\dist\worker\builder\setting-task\group.ccc:1:735  
at Array.forEach (<anonymous>)  
at BuildTask.handle (C:\ProgramData\cocos\editors\Creator\3.6.0\resources\app.asar\builtin\builder\dist\worker\builder\setting-task\group.ccc:1:618)  
at BuildTask.runBuildTask (C:\ProgramData\cocos\editors\Creator\3.6.0\resources\app.asar\builtin\builder\dist\worker\builder\index.ccc:1:7308)
2025-08-30T13:24:39.745Z - warn: [Build] 资源 {asset(db://assets/resources/texture/big/bg.jpg/spriteFrame)} 与资源 {asset(db://assets/resources/texture/big/bg.png/spriteFrame)} 的动态加载 URL 相同(texture/big/bg/spriteFrame)，请调整目录结构来避免动态加载资源时出现异常。[Build] 资源 {asset(db://assets/resources/texture/big/bg.jpg/spriteFrame)} 与资源 {asset(db://assets/resources/texture/big/bg.png/spriteFrame)} 的动态加载 URL 相同(texture/big/bg/spriteFrame)，请调整目录结构来避免动态加载资源时出现异常。  
at NewConsole.warn (C:\ProgramData\cocos\editors\Creator\3.6.0\resources\app.asar\builtin\builder\dist\worker\console.ccc:1:1306)  
at o (C:\ProgramData\cocos\editors\Creator\3.6.0\resources\app.asar\builtin\builder\dist\worker\builder\setting-task\group.ccc:1:497)  
at C:\ProgramData\cocos\editors\Creator\3.6.0\resources\app.asar\builtin\builder\dist\worker\builder\setting-task\group.ccc:1:735  
at Array.forEach (<anonymous>)  
at BuildTask.handle (C:\ProgramData\cocos\editors\Creator\3.6.0\resources\app.asar\builtin\builder\dist\worker\builder\setting-task\group.ccc:1:618)  
at BuildTask.runBuildTask (C:\ProgramData\cocos\editors\Creator\3.6.0\resources\app.asar\builtin\builder\dist\worker\builder\index.ccc:1:7308)
2025-08-30T13:24:44.395Z - warn: [Build] 资源 {asset(db://assets/resources/texture/big/bg.jpg)} 与资源 {asset(db://assets/resources/texture/big/bg.png)} 的动态加载 URL 相同(texture/big/bg)，请调整目录结构来避免动态加载资源时出现异常。[Build] 资源 {asset(db://assets/resources/texture/big/bg.jpg)} 与资源 {asset(db://assets/resources/texture/big/bg.png)} 的动态加载 URL 相同(texture/big/bg)，请调整目录结构来避免动态加载资源时出现异常。  
at NewConsole.warn (C:\ProgramData\cocos\editors\Creator\3.6.0\resources\app.asar\builtin\builder\dist\worker\console.ccc:1:1306)  
at o (C:\ProgramData\cocos\editors\Creator\3.6.0\resources\app.asar\builtin\builder\dist\worker\builder\setting-task\group.ccc:1:497)  
at C:\ProgramData\cocos\editors\Creator\3.6.0\resources\app.asar\builtin\builder\dist\worker\builder\setting-task\group.ccc:1:735  
at Array.forEach (<anonymous>)  
at BuildTask.handle (C:\ProgramData\cocos\editors\Creator\3.6.0\resources\app.asar\builtin\builder\dist\worker\builder\setting-task\group.ccc:1:618)  
at BuildTask.runBuildTask (C:\ProgramData\cocos\editors\Creator\3.6.0\resources\app.asar\builtin\builder\dist\worker\builder\index.ccc:1:7308)
2025-08-30T13:24:44.396Z - warn: [Build] 资源 {asset(db://assets/resources/texture/big/bg.jpg/texture)} 与资源 {asset(db://assets/resources/texture/big/bg.png/texture)} 的动态加载 URL 相同(texture/big/bg/texture)，请调整目录结构来避免动态加载资源时出现异常。[Build] 资源 {asset(db://assets/resources/texture/big/bg.jpg/texture)} 与资源 {asset(db://assets/resources/texture/big/bg.png/texture)} 的动态加载 URL 相同(texture/big/bg/texture)，请调整目录结构来避免动态加载资源时出现异常。  
at NewConsole.warn (C:\ProgramData\cocos\editors\Creator\3.6.0\resources\app.asar\builtin\builder\dist\worker\console.ccc:1:1306)  
at o (C:\ProgramData\cocos\editors\Creator\3.6.0\resources\app.asar\builtin\builder\dist\worker\builder\setting-task\group.ccc:1:497)  
at C:\ProgramData\cocos\editors\Creator\3.6.0\resources\app.asar\builtin\builder\dist\worker\builder\setting-task\group.ccc:1:735  
at Array.forEach (<anonymous>)  
at BuildTask.handle (C:\ProgramData\cocos\editors\Creator\3.6.0\resources\app.asar\builtin\builder\dist\worker\builder\setting-task\group.ccc:1:618)  
at BuildTask.runBuildTask (C:\ProgramData\cocos\editors\Creator\3.6.0\resources\app.asar\builtin\builder\dist\worker\builder\index.ccc:1:7308)
2025-08-30T13:24:44.396Z - warn: [Build] 资源 {asset(db://assets/resources/texture/big/bg.jpg/spriteFrame)} 与资源 {asset(db://assets/resources/texture/big/bg.png/spriteFrame)} 的动态加载 URL 相同(texture/big/bg/spriteFrame)，请调整目录结构来避免动态加载资源时出现异常。[Build] 资源 {asset(db://assets/resources/texture/big/bg.jpg/spriteFrame)} 与资源 {asset(db://assets/resources/texture/big/bg.png/spriteFrame)} 的动态加载 URL 相同(texture/big/bg/spriteFrame)，请调整目录结构来避免动态加载资源时出现异常。  
at NewConsole.warn (C:\ProgramData\cocos\editors\Creator\3.6.0\resources\app.asar\builtin\builder\dist\worker\console.ccc:1:1306)  
at o (C:\ProgramData\cocos\editors\Creator\3.6.0\resources\app.asar\builtin\builder\dist\worker\builder\setting-task\group.ccc:1:497)  
at C:\ProgramData\cocos\editors\Creator\3.6.0\resources\app.asar\builtin\builder\dist\worker\builder\setting-task\group.ccc:1:735  
at Array.forEach (<anonymous>)  
at BuildTask.handle (C:\ProgramData\cocos\editors\Creator\3.6.0\resources\app.asar\builtin\builder\dist\worker\builder\setting-task\group.ccc:1:618)  
at BuildTask.runBuildTask (C:\ProgramData\cocos\editors\Creator\3.6.0\resources\app.asar\builtin\builder\dist\worker\builder\index.ccc:1:7308)
2025-08-30T13:24:49.114Z - warn: [Build] 资源 {asset(db://assets/resources/texture/big/bg.jpg)} 与资源 {asset(db://assets/resources/texture/big/bg.png)} 的动态加载 URL 相同(texture/big/bg)，请调整目录结构来避免动态加载资源时出现异常。[Build] 资源 {asset(db://assets/resources/texture/big/bg.jpg)} 与资源 {asset(db://assets/resources/texture/big/bg.png)} 的动态加载 URL 相同(texture/big/bg)，请调整目录结构来避免动态加载资源时出现异常。  
at NewConsole.warn (C:\ProgramData\cocos\editors\Creator\3.6.0\resources\app.asar\builtin\builder\dist\worker\console.ccc:1:1306)  
at o (C:\ProgramData\cocos\editors\Creator\3.6.0\resources\app.asar\builtin\builder\dist\worker\builder\setting-task\group.ccc:1:497)  
at C:\ProgramData\cocos\editors\Creator\3.6.0\resources\app.asar\builtin\builder\dist\worker\builder\setting-task\group.ccc:1:735  
at Array.forEach (<anonymous>)  
at BuildTask.handle (C:\ProgramData\cocos\editors\Creator\3.6.0\resources\app.asar\builtin\builder\dist\worker\builder\setting-task\group.ccc:1:618)  
at BuildTask.runBuildTask (C:\ProgramData\cocos\editors\Creator\3.6.0\resources\app.asar\builtin\builder\dist\worker\builder\index.ccc:1:7308)
2025-08-30T13:24:49.114Z - warn: [Build] 资源 {asset(db://assets/resources/texture/big/bg.jpg/texture)} 与资源 {asset(db://assets/resources/texture/big/bg.png/texture)} 的动态加载 URL 相同(texture/big/bg/texture)，请调整目录结构来避免动态加载资源时出现异常。[Build] 资源 {asset(db://assets/resources/texture/big/bg.jpg/texture)} 与资源 {asset(db://assets/resources/texture/big/bg.png/texture)} 的动态加载 URL 相同(texture/big/bg/texture)，请调整目录结构来避免动态加载资源时出现异常。  
at NewConsole.warn (C:\ProgramData\cocos\editors\Creator\3.6.0\resources\app.asar\builtin\builder\dist\worker\console.ccc:1:1306)  
at o (C:\ProgramData\cocos\editors\Creator\3.6.0\resources\app.asar\builtin\builder\dist\worker\builder\setting-task\group.ccc:1:497)  
at C:\ProgramData\cocos\editors\Creator\3.6.0\resources\app.asar\builtin\builder\dist\worker\builder\setting-task\group.ccc:1:735  
at Array.forEach (<anonymous>)  
at BuildTask.handle (C:\ProgramData\cocos\editors\Creator\3.6.0\resources\app.asar\builtin\builder\dist\worker\builder\setting-task\group.ccc:1:618)  
at BuildTask.runBuildTask (C:\ProgramData\cocos\editors\Creator\3.6.0\resources\app.asar\builtin\builder\dist\worker\builder\index.ccc:1:7308)
2025-08-30T13:24:49.114Z - warn: [Build] 资源 {asset(db://assets/resources/texture/big/bg.jpg/spriteFrame)} 与资源 {asset(db://assets/resources/texture/big/bg.png/spriteFrame)} 的动态加载 URL 相同(texture/big/bg/spriteFrame)，请调整目录结构来避免动态加载资源时出现异常。[Build] 资源 {asset(db://assets/resources/texture/big/bg.jpg/spriteFrame)} 与资源 {asset(db://assets/resources/texture/big/bg.png/spriteFrame)} 的动态加载 URL 相同(texture/big/bg/spriteFrame)，请调整目录结构来避免动态加载资源时出现异常。  
at NewConsole.warn (C:\ProgramData\cocos\editors\Creator\3.6.0\resources\app.asar\builtin\builder\dist\worker\console.ccc:1:1306)  
at o (C:\ProgramData\cocos\editors\Creator\3.6.0\resources\app.asar\builtin\builder\dist\worker\builder\setting-task\group.ccc:1:497)  
at C:\ProgramData\cocos\editors\Creator\3.6.0\resources\app.asar\builtin\builder\dist\worker\builder\setting-task\group.ccc:1:735  
at Array.forEach (<anonymous>)  
at BuildTask.handle (C:\ProgramData\cocos\editors\Creator\3.6.0\resources\app.asar\builtin\builder\dist\worker\builder\setting-task\group.ccc:1:618)  
at BuildTask.runBuildTask (C:\ProgramData\cocos\editors\Creator\3.6.0\resources\app.asar\builtin\builder\dist\worker\builder\index.ccc:1:7308)
2025-08-30T13:25:01.319Z - error: [Scene] {hidden(::SceneExecutorImportExceptionHandler::)} ReferenceError: protobuf is not defined
    at factory (file:///D:/xuhang/guan_dan/temp/programming/packer-driver/targets/editor/chunks/8a/file:/D:/xuhang/guan_dan/assets/scripts/proto/gameMsg.js:5335:5)
    at CjsLoader._load (file:///D:/xuhang/guan_dan/temp/programming/packer-driver/targets/editor/chunks/e2/cce:/internal/ml/cjs-loader.mjs:78:9)
    at CjsLoader._tryModuleLoad (file:///D:/xuhang/guan_dan/temp/programming/packer-driver/targets/editor/chunks/e2/cce:/internal/ml/cjs-loader.mjs:63:18)
    at CjsLoader._require (file:///D:/xuhang/guan_dan/temp/programming/packer-driver/targets/editor/chunks/e2/cce:/internal/ml/cjs-loader.mjs:42:14)
    at CjsLoader.require (file:///D:/xuhang/guan_dan/temp/programming/packer-driver/targets/editor/chunks/e2/cce:/internal/ml/cjs-loader.mjs:27:21)
    at Object.execute (file:///D:/xuhang/guan_dan/temp/programming/packer-driver/targets/editor/chunks/ee/file:/D:/xuhang/guan_dan/assets/scripts/proto/gameMsg.mjs?cjs=&original=.js:7:8)
    at doExec (C:\ProgramData\cocos\editors\Creator\3.6.0\resources\app.asar\node_modules\@editor\lib-programming\static\executor\systemjs-bridge\out\index.js:517:30)
    at postOrderExec (C:\ProgramData\cocos\editors\Creator\3.6.0\resources\app.asar\node_modules\@editor\lib-programming\static\executor\systemjs-bridge\out\index.js:508:21)
    at C:\ProgramData\cocos\editors\Creator\3.6.0\resources\app.asar\node_modules\@editor\lib-programming\static\executor\systemjs-bridge\out\index.js:440:12
    at file:///D:/xuhang/guan_dan/temp/programming/packer-driver/targets/editor/chunks/04/cce:/internal/x/prerequisite-imports:8:13Error: [Scene] {hidden(::SceneExecutorImportExceptionHandler::)} ReferenceError: protobuf is not defined
    at CjsLoader._require (file:///D:/xuhang/guan_dan/temp/programming/packer-driver/targets/editor/chunks/e2/cce:/internal/ml/cjs-loader.mjs:42:14)
    at CjsLoader.require (file:///D:/xuhang/guan_dan/temp/programming/packer-driver/targets/editor/chunks/e2/cce:/internal/ml/cjs-loader.mjs:27:21)
    at Object.execute (file:///D:/xuhang/guan_dan/temp/programming/packer-driver/targets/editor/chunks/ee/file:/D:/xuhang/guan_dan/assets/scripts/proto/gameMsg.mjs?cjs=&original=.js:7:8)
    at doExec (C:\ProgramData\cocos\editors\Creator\3.6.0\resources\app.asar\node_modules\@editor\lib-programming\static\executor\systemjs-bridge\out\index.js:517:30)
    at postOrderExec (C:\ProgramData\cocos\editors\Creator\3.6.0\resources\app.asar\node_modules\@editor\lib-programming\static\executor\systemjs-bridge\out\index.js:508:21)
    at C:\ProgramData\cocos\editors\Creator\3.6.0\resources\app.asar\node_modules\@editor\lib-programming\static\executor\systemjs-bridge\out\index.js:440:12
    at file:///D:/xuhang/guan_dan/temp/programming/packer-driver/targets/editor/chunks/04/cce:/internal/x/prerequisite-imports:8:13
    at Logger._logHandler (C:\ProgramData\cocos\editors\Creator\3.6.0\resources\app.asar\builtin\scene\dist\script\3d\manager\startup\log.ccc:1:318)
    at Logger.record (C:\ProgramData\cocos\editors\Creator\3.6.0\resources\app.asar\node_modules\@base\electron-logger\lib\renderer.ccc:1:458)
    at console.error (C:\ProgramData\cocos\editors\Creator\3.6.0\resources\app.asar\node_modules\@base\electron-logger\lib\renderer.ccc:1:1414)
    at ScriptManager._handleImportException (C:\ProgramData\cocos\editors\Creator\3.6.0\resources\app.asar\builtin\scene\dist\script\3d\manager\scripts.ccc:1:5825)
    at Executor.importExceptionHandler [as _importExceptionHandler] (C:\ProgramData\cocos\editors\Creator\3.6.0\resources\app.asar\builtin\scene\dist\script\3d\manager\scripts.ccc:1:3509)
    at Executor._onModuleLoaded (C:\ProgramData\cocos\editors\Creator\3.6.0\resources\app.asar\node_modules\@editor\lib-programming\src\executor\index.ts:312:22)
    at SystemJS.onload (C:\ProgramData\cocos\editors\Creator\3.6.0\resources\app.asar\node_modules\@editor\lib-programming\src\executor\index.ts:73:18)
    at triggerOnload (C:\ProgramData\cocos\editors\Creator\3.6.0\resources\app.asar\node_modules\@editor\lib-programming\static\executor\systemjs-bridge\out\index.js:270:10)
    at doExec (C:\ProgramData\cocos\editors\Creator\3.6.0\resources\app.asar\node_modules\@editor\lib-programming\static\executor\systemjs-bridge\out\index.js:538:7)
    at postOrderExec (C:\ProgramData\cocos\editors\Creator\3.6.0\resources\app.asar\node_modules\@editor\lib-programming\static\executor\systemjs-bridge\out\index.js:508:21)
2025-08-30T13:25:02.304Z - warn: [Build] 资源 {asset(db://assets/resources/texture/big/bg.jpg)} 与资源 {asset(db://assets/resources/texture/big/bg.png)} 的动态加载 URL 相同(texture/big/bg)，请调整目录结构来避免动态加载资源时出现异常。[Build] 资源 {asset(db://assets/resources/texture/big/bg.jpg)} 与资源 {asset(db://assets/resources/texture/big/bg.png)} 的动态加载 URL 相同(texture/big/bg)，请调整目录结构来避免动态加载资源时出现异常。  
at NewConsole.warn (C:\ProgramData\cocos\editors\Creator\3.6.0\resources\app.asar\builtin\builder\dist\worker\console.ccc:1:1306)  
at o (C:\ProgramData\cocos\editors\Creator\3.6.0\resources\app.asar\builtin\builder\dist\worker\builder\setting-task\group.ccc:1:497)  
at C:\ProgramData\cocos\editors\Creator\3.6.0\resources\app.asar\builtin\builder\dist\worker\builder\setting-task\group.ccc:1:735  
at Array.forEach (<anonymous>)  
at BuildTask.handle (C:\ProgramData\cocos\editors\Creator\3.6.0\resources\app.asar\builtin\builder\dist\worker\builder\setting-task\group.ccc:1:618)  
at BuildTask.runBuildTask (C:\ProgramData\cocos\editors\Creator\3.6.0\resources\app.asar\builtin\builder\dist\worker\builder\index.ccc:1:7308)
2025-08-30T13:25:02.304Z - warn: [Build] 资源 {asset(db://assets/resources/texture/big/bg.jpg/texture)} 与资源 {asset(db://assets/resources/texture/big/bg.png/texture)} 的动态加载 URL 相同(texture/big/bg/texture)，请调整目录结构来避免动态加载资源时出现异常。[Build] 资源 {asset(db://assets/resources/texture/big/bg.jpg/texture)} 与资源 {asset(db://assets/resources/texture/big/bg.png/texture)} 的动态加载 URL 相同(texture/big/bg/texture)，请调整目录结构来避免动态加载资源时出现异常。  
at NewConsole.warn (C:\ProgramData\cocos\editors\Creator\3.6.0\resources\app.asar\builtin\builder\dist\worker\console.ccc:1:1306)  
at o (C:\ProgramData\cocos\editors\Creator\3.6.0\resources\app.asar\builtin\builder\dist\worker\builder\setting-task\group.ccc:1:497)  
at C:\ProgramData\cocos\editors\Creator\3.6.0\resources\app.asar\builtin\builder\dist\worker\builder\setting-task\group.ccc:1:735  
at Array.forEach (<anonymous>)  
at BuildTask.handle (C:\ProgramData\cocos\editors\Creator\3.6.0\resources\app.asar\builtin\builder\dist\worker\builder\setting-task\group.ccc:1:618)  
at BuildTask.runBuildTask (C:\ProgramData\cocos\editors\Creator\3.6.0\resources\app.asar\builtin\builder\dist\worker\builder\index.ccc:1:7308)
2025-08-30T13:25:02.305Z - warn: [Build] 资源 {asset(db://assets/resources/texture/big/bg.jpg/spriteFrame)} 与资源 {asset(db://assets/resources/texture/big/bg.png/spriteFrame)} 的动态加载 URL 相同(texture/big/bg/spriteFrame)，请调整目录结构来避免动态加载资源时出现异常。[Build] 资源 {asset(db://assets/resources/texture/big/bg.jpg/spriteFrame)} 与资源 {asset(db://assets/resources/texture/big/bg.png/spriteFrame)} 的动态加载 URL 相同(texture/big/bg/spriteFrame)，请调整目录结构来避免动态加载资源时出现异常。  
at NewConsole.warn (C:\ProgramData\cocos\editors\Creator\3.6.0\resources\app.asar\builtin\builder\dist\worker\console.ccc:1:1306)  
at o (C:\ProgramData\cocos\editors\Creator\3.6.0\resources\app.asar\builtin\builder\dist\worker\builder\setting-task\group.ccc:1:497)  
at C:\ProgramData\cocos\editors\Creator\3.6.0\resources\app.asar\builtin\builder\dist\worker\builder\setting-task\group.ccc:1:735  
at Array.forEach (<anonymous>)  
at BuildTask.handle (C:\ProgramData\cocos\editors\Creator\3.6.0\resources\app.asar\builtin\builder\dist\worker\builder\setting-task\group.ccc:1:618)  
at BuildTask.runBuildTask (C:\ProgramData\cocos\editors\Creator\3.6.0\resources\app.asar\builtin\builder\dist\worker\builder\index.ccc:1:7308)
2025-08-30T13:25:26.152Z - warn: [Build] 资源 {asset(db://assets/resources/texture/big/bg.jpg)} 与资源 {asset(db://assets/resources/texture/big/bg.png)} 的动态加载 URL 相同(texture/big/bg)，请调整目录结构来避免动态加载资源时出现异常。[Build] 资源 {asset(db://assets/resources/texture/big/bg.jpg)} 与资源 {asset(db://assets/resources/texture/big/bg.png)} 的动态加载 URL 相同(texture/big/bg)，请调整目录结构来避免动态加载资源时出现异常。  
at NewConsole.warn (C:\ProgramData\cocos\editors\Creator\3.6.0\resources\app.asar\builtin\builder\dist\worker\console.ccc:1:1306)  
at o (C:\ProgramData\cocos\editors\Creator\3.6.0\resources\app.asar\builtin\builder\dist\worker\builder\setting-task\group.ccc:1:497)  
at C:\ProgramData\cocos\editors\Creator\3.6.0\resources\app.asar\builtin\builder\dist\worker\builder\setting-task\group.ccc:1:735  
at Array.forEach (<anonymous>)  
at BuildTask.handle (C:\ProgramData\cocos\editors\Creator\3.6.0\resources\app.asar\builtin\builder\dist\worker\builder\setting-task\group.ccc:1:618)  
at BuildTask.runBuildTask (C:\ProgramData\cocos\editors\Creator\3.6.0\resources\app.asar\builtin\builder\dist\worker\builder\index.ccc:1:7308)
2025-08-30T13:25:26.152Z - warn: [Build] 资源 {asset(db://assets/resources/texture/big/bg.jpg/texture)} 与资源 {asset(db://assets/resources/texture/big/bg.png/texture)} 的动态加载 URL 相同(texture/big/bg/texture)，请调整目录结构来避免动态加载资源时出现异常。[Build] 资源 {asset(db://assets/resources/texture/big/bg.jpg/texture)} 与资源 {asset(db://assets/resources/texture/big/bg.png/texture)} 的动态加载 URL 相同(texture/big/bg/texture)，请调整目录结构来避免动态加载资源时出现异常。  
at NewConsole.warn (C:\ProgramData\cocos\editors\Creator\3.6.0\resources\app.asar\builtin\builder\dist\worker\console.ccc:1:1306)  
at o (C:\ProgramData\cocos\editors\Creator\3.6.0\resources\app.asar\builtin\builder\dist\worker\builder\setting-task\group.ccc:1:497)  
at C:\ProgramData\cocos\editors\Creator\3.6.0\resources\app.asar\builtin\builder\dist\worker\builder\setting-task\group.ccc:1:735  
at Array.forEach (<anonymous>)  
at BuildTask.handle (C:\ProgramData\cocos\editors\Creator\3.6.0\resources\app.asar\builtin\builder\dist\worker\builder\setting-task\group.ccc:1:618)  
at BuildTask.runBuildTask (C:\ProgramData\cocos\editors\Creator\3.6.0\resources\app.asar\builtin\builder\dist\worker\builder\index.ccc:1:7308)
2025-08-30T13:25:26.153Z - warn: [Build] 资源 {asset(db://assets/resources/texture/big/bg.jpg/spriteFrame)} 与资源 {asset(db://assets/resources/texture/big/bg.png/spriteFrame)} 的动态加载 URL 相同(texture/big/bg/spriteFrame)，请调整目录结构来避免动态加载资源时出现异常。[Build] 资源 {asset(db://assets/resources/texture/big/bg.jpg/spriteFrame)} 与资源 {asset(db://assets/resources/texture/big/bg.png/spriteFrame)} 的动态加载 URL 相同(texture/big/bg/spriteFrame)，请调整目录结构来避免动态加载资源时出现异常。  
at NewConsole.warn (C:\ProgramData\cocos\editors\Creator\3.6.0\resources\app.asar\builtin\builder\dist\worker\console.ccc:1:1306)  
at o (C:\ProgramData\cocos\editors\Creator\3.6.0\resources\app.asar\builtin\builder\dist\worker\builder\setting-task\group.ccc:1:497)  
at C:\ProgramData\cocos\editors\Creator\3.6.0\resources\app.asar\builtin\builder\dist\worker\builder\setting-task\group.ccc:1:735  
at Array.forEach (<anonymous>)  
at BuildTask.handle (C:\ProgramData\cocos\editors\Creator\3.6.0\resources\app.asar\builtin\builder\dist\worker\builder\setting-task\group.ccc:1:618)  
at BuildTask.runBuildTask (C:\ProgramData\cocos\editors\Creator\3.6.0\resources\app.asar\builtin\builder\dist\worker\builder\index.ccc:1:7308)
2025-08-30T13:25:27.109Z - warn: [Build] 资源 {asset(db://assets/resources/texture/big/bg.jpg)} 与资源 {asset(db://assets/resources/texture/big/bg.png)} 的动态加载 URL 相同(texture/big/bg)，请调整目录结构来避免动态加载资源时出现异常。[Build] 资源 {asset(db://assets/resources/texture/big/bg.jpg)} 与资源 {asset(db://assets/resources/texture/big/bg.png)} 的动态加载 URL 相同(texture/big/bg)，请调整目录结构来避免动态加载资源时出现异常。  
at NewConsole.warn (C:\ProgramData\cocos\editors\Creator\3.6.0\resources\app.asar\builtin\builder\dist\worker\console.ccc:1:1306)  
at o (C:\ProgramData\cocos\editors\Creator\3.6.0\resources\app.asar\builtin\builder\dist\worker\builder\setting-task\group.ccc:1:497)  
at C:\ProgramData\cocos\editors\Creator\3.6.0\resources\app.asar\builtin\builder\dist\worker\builder\setting-task\group.ccc:1:735  
at Array.forEach (<anonymous>)  
at BuildTask.handle (C:\ProgramData\cocos\editors\Creator\3.6.0\resources\app.asar\builtin\builder\dist\worker\builder\setting-task\group.ccc:1:618)  
at BuildTask.runBuildTask (C:\ProgramData\cocos\editors\Creator\3.6.0\resources\app.asar\builtin\builder\dist\worker\builder\index.ccc:1:7308)
2025-08-30T13:25:27.109Z - warn: [Build] 资源 {asset(db://assets/resources/texture/big/bg.jpg/texture)} 与资源 {asset(db://assets/resources/texture/big/bg.png/texture)} 的动态加载 URL 相同(texture/big/bg/texture)，请调整目录结构来避免动态加载资源时出现异常。[Build] 资源 {asset(db://assets/resources/texture/big/bg.jpg/texture)} 与资源 {asset(db://assets/resources/texture/big/bg.png/texture)} 的动态加载 URL 相同(texture/big/bg/texture)，请调整目录结构来避免动态加载资源时出现异常。  
at NewConsole.warn (C:\ProgramData\cocos\editors\Creator\3.6.0\resources\app.asar\builtin\builder\dist\worker\console.ccc:1:1306)  
at o (C:\ProgramData\cocos\editors\Creator\3.6.0\resources\app.asar\builtin\builder\dist\worker\builder\setting-task\group.ccc:1:497)  
at C:\ProgramData\cocos\editors\Creator\3.6.0\resources\app.asar\builtin\builder\dist\worker\builder\setting-task\group.ccc:1:735  
at Array.forEach (<anonymous>)  
at BuildTask.handle (C:\ProgramData\cocos\editors\Creator\3.6.0\resources\app.asar\builtin\builder\dist\worker\builder\setting-task\group.ccc:1:618)  
at BuildTask.runBuildTask (C:\ProgramData\cocos\editors\Creator\3.6.0\resources\app.asar\builtin\builder\dist\worker\builder\index.ccc:1:7308)
2025-08-30T13:25:27.109Z - warn: [Build] 资源 {asset(db://assets/resources/texture/big/bg.jpg/spriteFrame)} 与资源 {asset(db://assets/resources/texture/big/bg.png/spriteFrame)} 的动态加载 URL 相同(texture/big/bg/spriteFrame)，请调整目录结构来避免动态加载资源时出现异常。[Build] 资源 {asset(db://assets/resources/texture/big/bg.jpg/spriteFrame)} 与资源 {asset(db://assets/resources/texture/big/bg.png/spriteFrame)} 的动态加载 URL 相同(texture/big/bg/spriteFrame)，请调整目录结构来避免动态加载资源时出现异常。  
at NewConsole.warn (C:\ProgramData\cocos\editors\Creator\3.6.0\resources\app.asar\builtin\builder\dist\worker\console.ccc:1:1306)  
at o (C:\ProgramData\cocos\editors\Creator\3.6.0\resources\app.asar\builtin\builder\dist\worker\builder\setting-task\group.ccc:1:497)  
at C:\ProgramData\cocos\editors\Creator\3.6.0\resources\app.asar\builtin\builder\dist\worker\builder\setting-task\group.ccc:1:735  
at Array.forEach (<anonymous>)  
at BuildTask.handle (C:\ProgramData\cocos\editors\Creator\3.6.0\resources\app.asar\builtin\builder\dist\worker\builder\setting-task\group.ccc:1:618)  
at BuildTask.runBuildTask (C:\ProgramData\cocos\editors\Creator\3.6.0\resources\app.asar\builtin\builder\dist\worker\builder\index.ccc:1:7308)
2025-08-30T13:25:33.756Z - warn: [Build] 资源 {asset(db://assets/resources/texture/big/bg.jpg)} 与资源 {asset(db://assets/resources/texture/big/bg.png)} 的动态加载 URL 相同(texture/big/bg)，请调整目录结构来避免动态加载资源时出现异常。[Build] 资源 {asset(db://assets/resources/texture/big/bg.jpg)} 与资源 {asset(db://assets/resources/texture/big/bg.png)} 的动态加载 URL 相同(texture/big/bg)，请调整目录结构来避免动态加载资源时出现异常。  
at NewConsole.warn (C:\ProgramData\cocos\editors\Creator\3.6.0\resources\app.asar\builtin\builder\dist\worker\console.ccc:1:1306)  
at o (C:\ProgramData\cocos\editors\Creator\3.6.0\resources\app.asar\builtin\builder\dist\worker\builder\setting-task\group.ccc:1:497)  
at C:\ProgramData\cocos\editors\Creator\3.6.0\resources\app.asar\builtin\builder\dist\worker\builder\setting-task\group.ccc:1:735  
at Array.forEach (<anonymous>)  
at BuildTask.handle (C:\ProgramData\cocos\editors\Creator\3.6.0\resources\app.asar\builtin\builder\dist\worker\builder\setting-task\group.ccc:1:618)  
at BuildTask.runBuildTask (C:\ProgramData\cocos\editors\Creator\3.6.0\resources\app.asar\builtin\builder\dist\worker\builder\index.ccc:1:7308)
2025-08-30T13:25:33.757Z - warn: [Build] 资源 {asset(db://assets/resources/texture/big/bg.jpg/texture)} 与资源 {asset(db://assets/resources/texture/big/bg.png/texture)} 的动态加载 URL 相同(texture/big/bg/texture)，请调整目录结构来避免动态加载资源时出现异常。[Build] 资源 {asset(db://assets/resources/texture/big/bg.jpg/texture)} 与资源 {asset(db://assets/resources/texture/big/bg.png/texture)} 的动态加载 URL 相同(texture/big/bg/texture)，请调整目录结构来避免动态加载资源时出现异常。  
at NewConsole.warn (C:\ProgramData\cocos\editors\Creator\3.6.0\resources\app.asar\builtin\builder\dist\worker\console.ccc:1:1306)  
at o (C:\ProgramData\cocos\editors\Creator\3.6.0\resources\app.asar\builtin\builder\dist\worker\builder\setting-task\group.ccc:1:497)  
at C:\ProgramData\cocos\editors\Creator\3.6.0\resources\app.asar\builtin\builder\dist\worker\builder\setting-task\group.ccc:1:735  
at Array.forEach (<anonymous>)  
at BuildTask.handle (C:\ProgramData\cocos\editors\Creator\3.6.0\resources\app.asar\builtin\builder\dist\worker\builder\setting-task\group.ccc:1:618)  
at BuildTask.runBuildTask (C:\ProgramData\cocos\editors\Creator\3.6.0\resources\app.asar\builtin\builder\dist\worker\builder\index.ccc:1:7308)
2025-08-30T13:25:33.758Z - warn: [Build] 资源 {asset(db://assets/resources/texture/big/bg.jpg/spriteFrame)} 与资源 {asset(db://assets/resources/texture/big/bg.png/spriteFrame)} 的动态加载 URL 相同(texture/big/bg/spriteFrame)，请调整目录结构来避免动态加载资源时出现异常。[Build] 资源 {asset(db://assets/resources/texture/big/bg.jpg/spriteFrame)} 与资源 {asset(db://assets/resources/texture/big/bg.png/spriteFrame)} 的动态加载 URL 相同(texture/big/bg/spriteFrame)，请调整目录结构来避免动态加载资源时出现异常。  
at NewConsole.warn (C:\ProgramData\cocos\editors\Creator\3.6.0\resources\app.asar\builtin\builder\dist\worker\console.ccc:1:1306)  
at o (C:\ProgramData\cocos\editors\Creator\3.6.0\resources\app.asar\builtin\builder\dist\worker\builder\setting-task\group.ccc:1:497)  
at C:\ProgramData\cocos\editors\Creator\3.6.0\resources\app.asar\builtin\builder\dist\worker\builder\setting-task\group.ccc:1:735  
at Array.forEach (<anonymous>)  
at BuildTask.handle (C:\ProgramData\cocos\editors\Creator\3.6.0\resources\app.asar\builtin\builder\dist\worker\builder\setting-task\group.ccc:1:618)  
at BuildTask.runBuildTask (C:\ProgramData\cocos\editors\Creator\3.6.0\resources\app.asar\builtin\builder\dist\worker\builder\index.ccc:1:7308)
2025-08-30T13:26:10.007Z - error: [Scene] {hidden(::SceneExecutorImportExceptionHandler::)} ReferenceError: protobuf is not defined
    at factory (file:///D:/xuhang/guan_dan/temp/programming/packer-driver/targets/editor/chunks/8a/file:/D:/xuhang/guan_dan/assets/scripts/proto/gameMsg.js:5335:5)
    at CjsLoader._load (file:///D:/xuhang/guan_dan/temp/programming/packer-driver/targets/editor/chunks/e2/cce:/internal/ml/cjs-loader.mjs:78:9)
    at CjsLoader._tryModuleLoad (file:///D:/xuhang/guan_dan/temp/programming/packer-driver/targets/editor/chunks/e2/cce:/internal/ml/cjs-loader.mjs:63:18)
    at CjsLoader._require (file:///D:/xuhang/guan_dan/temp/programming/packer-driver/targets/editor/chunks/e2/cce:/internal/ml/cjs-loader.mjs:42:14)
    at CjsLoader.require (file:///D:/xuhang/guan_dan/temp/programming/packer-driver/targets/editor/chunks/e2/cce:/internal/ml/cjs-loader.mjs:27:21)
    at Object.execute (file:///D:/xuhang/guan_dan/temp/programming/packer-driver/targets/editor/chunks/ee/file:/D:/xuhang/guan_dan/assets/scripts/proto/gameMsg.mjs?cjs=&original=.js:7:8)
    at doExec (C:\ProgramData\cocos\editors\Creator\3.6.0\resources\app.asar\node_modules\@editor\lib-programming\static\executor\systemjs-bridge\out\index.js:517:30)
    at postOrderExec (C:\ProgramData\cocos\editors\Creator\3.6.0\resources\app.asar\node_modules\@editor\lib-programming\static\executor\systemjs-bridge\out\index.js:508:21)
    at C:\ProgramData\cocos\editors\Creator\3.6.0\resources\app.asar\node_modules\@editor\lib-programming\static\executor\systemjs-bridge\out\index.js:440:12
    at file:///D:/xuhang/guan_dan/temp/programming/packer-driver/targets/editor/chunks/04/cce:/internal/x/prerequisite-imports:8:13Error: [Scene] {hidden(::SceneExecutorImportExceptionHandler::)} ReferenceError: protobuf is not defined
    at CjsLoader._require (file:///D:/xuhang/guan_dan/temp/programming/packer-driver/targets/editor/chunks/e2/cce:/internal/ml/cjs-loader.mjs:42:14)
    at CjsLoader.require (file:///D:/xuhang/guan_dan/temp/programming/packer-driver/targets/editor/chunks/e2/cce:/internal/ml/cjs-loader.mjs:27:21)
    at Object.execute (file:///D:/xuhang/guan_dan/temp/programming/packer-driver/targets/editor/chunks/ee/file:/D:/xuhang/guan_dan/assets/scripts/proto/gameMsg.mjs?cjs=&original=.js:7:8)
    at doExec (C:\ProgramData\cocos\editors\Creator\3.6.0\resources\app.asar\node_modules\@editor\lib-programming\static\executor\systemjs-bridge\out\index.js:517:30)
    at postOrderExec (C:\ProgramData\cocos\editors\Creator\3.6.0\resources\app.asar\node_modules\@editor\lib-programming\static\executor\systemjs-bridge\out\index.js:508:21)
    at C:\ProgramData\cocos\editors\Creator\3.6.0\resources\app.asar\node_modules\@editor\lib-programming\static\executor\systemjs-bridge\out\index.js:440:12
    at file:///D:/xuhang/guan_dan/temp/programming/packer-driver/targets/editor/chunks/04/cce:/internal/x/prerequisite-imports:8:13
    at Logger._logHandler (C:\ProgramData\cocos\editors\Creator\3.6.0\resources\app.asar\builtin\scene\dist\script\3d\manager\startup\log.ccc:1:318)
    at Logger.record (C:\ProgramData\cocos\editors\Creator\3.6.0\resources\app.asar\node_modules\@base\electron-logger\lib\renderer.ccc:1:458)
    at console.error (C:\ProgramData\cocos\editors\Creator\3.6.0\resources\app.asar\node_modules\@base\electron-logger\lib\renderer.ccc:1:1414)
    at ScriptManager._handleImportException (C:\ProgramData\cocos\editors\Creator\3.6.0\resources\app.asar\builtin\scene\dist\script\3d\manager\scripts.ccc:1:5825)
    at Executor.importExceptionHandler [as _importExceptionHandler] (C:\ProgramData\cocos\editors\Creator\3.6.0\resources\app.asar\builtin\scene\dist\script\3d\manager\scripts.ccc:1:3509)
    at Executor._onModuleLoaded (C:\ProgramData\cocos\editors\Creator\3.6.0\resources\app.asar\node_modules\@editor\lib-programming\src\executor\index.ts:312:22)
    at SystemJS.onload (C:\ProgramData\cocos\editors\Creator\3.6.0\resources\app.asar\node_modules\@editor\lib-programming\src\executor\index.ts:73:18)
    at triggerOnload (C:\ProgramData\cocos\editors\Creator\3.6.0\resources\app.asar\node_modules\@editor\lib-programming\static\executor\systemjs-bridge\out\index.js:270:10)
    at doExec (C:\ProgramData\cocos\editors\Creator\3.6.0\resources\app.asar\node_modules\@editor\lib-programming\static\executor\systemjs-bridge\out\index.js:538:7)
    at postOrderExec (C:\ProgramData\cocos\editors\Creator\3.6.0\resources\app.asar\node_modules\@editor\lib-programming\static\executor\systemjs-bridge\out\index.js:508:21)
2025-08-30T13:26:10.759Z - warn: [Build] 资源 {asset(db://assets/resources/texture/big/bg.jpg)} 与资源 {asset(db://assets/resources/texture/big/bg.png)} 的动态加载 URL 相同(texture/big/bg)，请调整目录结构来避免动态加载资源时出现异常。[Build] 资源 {asset(db://assets/resources/texture/big/bg.jpg)} 与资源 {asset(db://assets/resources/texture/big/bg.png)} 的动态加载 URL 相同(texture/big/bg)，请调整目录结构来避免动态加载资源时出现异常。  
at NewConsole.warn (C:\ProgramData\cocos\editors\Creator\3.6.0\resources\app.asar\builtin\builder\dist\worker\console.ccc:1:1306)  
at o (C:\ProgramData\cocos\editors\Creator\3.6.0\resources\app.asar\builtin\builder\dist\worker\builder\setting-task\group.ccc:1:497)  
at C:\ProgramData\cocos\editors\Creator\3.6.0\resources\app.asar\builtin\builder\dist\worker\builder\setting-task\group.ccc:1:735  
at Array.forEach (<anonymous>)  
at BuildTask.handle (C:\ProgramData\cocos\editors\Creator\3.6.0\resources\app.asar\builtin\builder\dist\worker\builder\setting-task\group.ccc:1:618)  
at BuildTask.runBuildTask (C:\ProgramData\cocos\editors\Creator\3.6.0\resources\app.asar\builtin\builder\dist\worker\builder\index.ccc:1:7308)
2025-08-30T13:26:10.760Z - warn: [Build] 资源 {asset(db://assets/resources/texture/big/bg.jpg/texture)} 与资源 {asset(db://assets/resources/texture/big/bg.png/texture)} 的动态加载 URL 相同(texture/big/bg/texture)，请调整目录结构来避免动态加载资源时出现异常。[Build] 资源 {asset(db://assets/resources/texture/big/bg.jpg/texture)} 与资源 {asset(db://assets/resources/texture/big/bg.png/texture)} 的动态加载 URL 相同(texture/big/bg/texture)，请调整目录结构来避免动态加载资源时出现异常。  
at NewConsole.warn (C:\ProgramData\cocos\editors\Creator\3.6.0\resources\app.asar\builtin\builder\dist\worker\console.ccc:1:1306)  
at o (C:\ProgramData\cocos\editors\Creator\3.6.0\resources\app.asar\builtin\builder\dist\worker\builder\setting-task\group.ccc:1:497)  
at C:\ProgramData\cocos\editors\Creator\3.6.0\resources\app.asar\builtin\builder\dist\worker\builder\setting-task\group.ccc:1:735  
at Array.forEach (<anonymous>)  
at BuildTask.handle (C:\ProgramData\cocos\editors\Creator\3.6.0\resources\app.asar\builtin\builder\dist\worker\builder\setting-task\group.ccc:1:618)  
at BuildTask.runBuildTask (C:\ProgramData\cocos\editors\Creator\3.6.0\resources\app.asar\builtin\builder\dist\worker\builder\index.ccc:1:7308)
2025-08-30T13:26:10.760Z - warn: [Build] 资源 {asset(db://assets/resources/texture/big/bg.jpg/spriteFrame)} 与资源 {asset(db://assets/resources/texture/big/bg.png/spriteFrame)} 的动态加载 URL 相同(texture/big/bg/spriteFrame)，请调整目录结构来避免动态加载资源时出现异常。[Build] 资源 {asset(db://assets/resources/texture/big/bg.jpg/spriteFrame)} 与资源 {asset(db://assets/resources/texture/big/bg.png/spriteFrame)} 的动态加载 URL 相同(texture/big/bg/spriteFrame)，请调整目录结构来避免动态加载资源时出现异常。  
at NewConsole.warn (C:\ProgramData\cocos\editors\Creator\3.6.0\resources\app.asar\builtin\builder\dist\worker\console.ccc:1:1306)  
at o (C:\ProgramData\cocos\editors\Creator\3.6.0\resources\app.asar\builtin\builder\dist\worker\builder\setting-task\group.ccc:1:497)  
at C:\ProgramData\cocos\editors\Creator\3.6.0\resources\app.asar\builtin\builder\dist\worker\builder\setting-task\group.ccc:1:735  
at Array.forEach (<anonymous>)  
at BuildTask.handle (C:\ProgramData\cocos\editors\Creator\3.6.0\resources\app.asar\builtin\builder\dist\worker\builder\setting-task\group.ccc:1:618)  
at BuildTask.runBuildTask (C:\ProgramData\cocos\editors\Creator\3.6.0\resources\app.asar\builtin\builder\dist\worker\builder\index.ccc:1:7308)
2025-08-30T13:26:25.348Z - warn: [Build] 资源 {asset(db://assets/resources/texture/big/bg.jpg)} 与资源 {asset(db://assets/resources/texture/big/bg.png)} 的动态加载 URL 相同(texture/big/bg)，请调整目录结构来避免动态加载资源时出现异常。[Build] 资源 {asset(db://assets/resources/texture/big/bg.jpg)} 与资源 {asset(db://assets/resources/texture/big/bg.png)} 的动态加载 URL 相同(texture/big/bg)，请调整目录结构来避免动态加载资源时出现异常。  
at NewConsole.warn (C:\ProgramData\cocos\editors\Creator\3.6.0\resources\app.asar\builtin\builder\dist\worker\console.ccc:1:1306)  
at o (C:\ProgramData\cocos\editors\Creator\3.6.0\resources\app.asar\builtin\builder\dist\worker\builder\setting-task\group.ccc:1:497)  
at C:\ProgramData\cocos\editors\Creator\3.6.0\resources\app.asar\builtin\builder\dist\worker\builder\setting-task\group.ccc:1:735  
at Array.forEach (<anonymous>)  
at BuildTask.handle (C:\ProgramData\cocos\editors\Creator\3.6.0\resources\app.asar\builtin\builder\dist\worker\builder\setting-task\group.ccc:1:618)  
at BuildTask.runBuildTask (C:\ProgramData\cocos\editors\Creator\3.6.0\resources\app.asar\builtin\builder\dist\worker\builder\index.ccc:1:7308)
2025-08-30T13:26:25.348Z - warn: [Build] 资源 {asset(db://assets/resources/texture/big/bg.jpg/texture)} 与资源 {asset(db://assets/resources/texture/big/bg.png/texture)} 的动态加载 URL 相同(texture/big/bg/texture)，请调整目录结构来避免动态加载资源时出现异常。[Build] 资源 {asset(db://assets/resources/texture/big/bg.jpg/texture)} 与资源 {asset(db://assets/resources/texture/big/bg.png/texture)} 的动态加载 URL 相同(texture/big/bg/texture)，请调整目录结构来避免动态加载资源时出现异常。  
at NewConsole.warn (C:\ProgramData\cocos\editors\Creator\3.6.0\resources\app.asar\builtin\builder\dist\worker\console.ccc:1:1306)  
at o (C:\ProgramData\cocos\editors\Creator\3.6.0\resources\app.asar\builtin\builder\dist\worker\builder\setting-task\group.ccc:1:497)  
at C:\ProgramData\cocos\editors\Creator\3.6.0\resources\app.asar\builtin\builder\dist\worker\builder\setting-task\group.ccc:1:735  
at Array.forEach (<anonymous>)  
at BuildTask.handle (C:\ProgramData\cocos\editors\Creator\3.6.0\resources\app.asar\builtin\builder\dist\worker\builder\setting-task\group.ccc:1:618)  
at BuildTask.runBuildTask (C:\ProgramData\cocos\editors\Creator\3.6.0\resources\app.asar\builtin\builder\dist\worker\builder\index.ccc:1:7308)
2025-08-30T13:26:25.348Z - warn: [Build] 资源 {asset(db://assets/resources/texture/big/bg.jpg/spriteFrame)} 与资源 {asset(db://assets/resources/texture/big/bg.png/spriteFrame)} 的动态加载 URL 相同(texture/big/bg/spriteFrame)，请调整目录结构来避免动态加载资源时出现异常。[Build] 资源 {asset(db://assets/resources/texture/big/bg.jpg/spriteFrame)} 与资源 {asset(db://assets/resources/texture/big/bg.png/spriteFrame)} 的动态加载 URL 相同(texture/big/bg/spriteFrame)，请调整目录结构来避免动态加载资源时出现异常。  
at NewConsole.warn (C:\ProgramData\cocos\editors\Creator\3.6.0\resources\app.asar\builtin\builder\dist\worker\console.ccc:1:1306)  
at o (C:\ProgramData\cocos\editors\Creator\3.6.0\resources\app.asar\builtin\builder\dist\worker\builder\setting-task\group.ccc:1:497)  
at C:\ProgramData\cocos\editors\Creator\3.6.0\resources\app.asar\builtin\builder\dist\worker\builder\setting-task\group.ccc:1:735  
at Array.forEach (<anonymous>)  
at BuildTask.handle (C:\ProgramData\cocos\editors\Creator\3.6.0\resources\app.asar\builtin\builder\dist\worker\builder\setting-task\group.ccc:1:618)  
at BuildTask.runBuildTask (C:\ProgramData\cocos\editors\Creator\3.6.0\resources\app.asar\builtin\builder\dist\worker\builder\index.ccc:1:7308)
2025-08-30T13:26:44.299Z - warn: [Build] 资源 {asset(db://assets/resources/texture/big/bg.jpg)} 与资源 {asset(db://assets/resources/texture/big/bg.png)} 的动态加载 URL 相同(texture/big/bg)，请调整目录结构来避免动态加载资源时出现异常。[Build] 资源 {asset(db://assets/resources/texture/big/bg.jpg)} 与资源 {asset(db://assets/resources/texture/big/bg.png)} 的动态加载 URL 相同(texture/big/bg)，请调整目录结构来避免动态加载资源时出现异常。  
at NewConsole.warn (C:\ProgramData\cocos\editors\Creator\3.6.0\resources\app.asar\builtin\builder\dist\worker\console.ccc:1:1306)  
at o (C:\ProgramData\cocos\editors\Creator\3.6.0\resources\app.asar\builtin\builder\dist\worker\builder\setting-task\group.ccc:1:497)  
at C:\ProgramData\cocos\editors\Creator\3.6.0\resources\app.asar\builtin\builder\dist\worker\builder\setting-task\group.ccc:1:735  
at Array.forEach (<anonymous>)  
at BuildTask.handle (C:\ProgramData\cocos\editors\Creator\3.6.0\resources\app.asar\builtin\builder\dist\worker\builder\setting-task\group.ccc:1:618)  
at BuildTask.runBuildTask (C:\ProgramData\cocos\editors\Creator\3.6.0\resources\app.asar\builtin\builder\dist\worker\builder\index.ccc:1:7308)
2025-08-30T13:26:44.300Z - warn: [Build] 资源 {asset(db://assets/resources/texture/big/bg.jpg/texture)} 与资源 {asset(db://assets/resources/texture/big/bg.png/texture)} 的动态加载 URL 相同(texture/big/bg/texture)，请调整目录结构来避免动态加载资源时出现异常。[Build] 资源 {asset(db://assets/resources/texture/big/bg.jpg/texture)} 与资源 {asset(db://assets/resources/texture/big/bg.png/texture)} 的动态加载 URL 相同(texture/big/bg/texture)，请调整目录结构来避免动态加载资源时出现异常。  
at NewConsole.warn (C:\ProgramData\cocos\editors\Creator\3.6.0\resources\app.asar\builtin\builder\dist\worker\console.ccc:1:1306)  
at o (C:\ProgramData\cocos\editors\Creator\3.6.0\resources\app.asar\builtin\builder\dist\worker\builder\setting-task\group.ccc:1:497)  
at C:\ProgramData\cocos\editors\Creator\3.6.0\resources\app.asar\builtin\builder\dist\worker\builder\setting-task\group.ccc:1:735  
at Array.forEach (<anonymous>)  
at BuildTask.handle (C:\ProgramData\cocos\editors\Creator\3.6.0\resources\app.asar\builtin\builder\dist\worker\builder\setting-task\group.ccc:1:618)  
at BuildTask.runBuildTask (C:\ProgramData\cocos\editors\Creator\3.6.0\resources\app.asar\builtin\builder\dist\worker\builder\index.ccc:1:7308)
2025-08-30T13:26:44.300Z - warn: [Build] 资源 {asset(db://assets/resources/texture/big/bg.jpg/spriteFrame)} 与资源 {asset(db://assets/resources/texture/big/bg.png/spriteFrame)} 的动态加载 URL 相同(texture/big/bg/spriteFrame)，请调整目录结构来避免动态加载资源时出现异常。[Build] 资源 {asset(db://assets/resources/texture/big/bg.jpg/spriteFrame)} 与资源 {asset(db://assets/resources/texture/big/bg.png/spriteFrame)} 的动态加载 URL 相同(texture/big/bg/spriteFrame)，请调整目录结构来避免动态加载资源时出现异常。  
at NewConsole.warn (C:\ProgramData\cocos\editors\Creator\3.6.0\resources\app.asar\builtin\builder\dist\worker\console.ccc:1:1306)  
at o (C:\ProgramData\cocos\editors\Creator\3.6.0\resources\app.asar\builtin\builder\dist\worker\builder\setting-task\group.ccc:1:497)  
at C:\ProgramData\cocos\editors\Creator\3.6.0\resources\app.asar\builtin\builder\dist\worker\builder\setting-task\group.ccc:1:735  
at Array.forEach (<anonymous>)  
at BuildTask.handle (C:\ProgramData\cocos\editors\Creator\3.6.0\resources\app.asar\builtin\builder\dist\worker\builder\setting-task\group.ccc:1:618)  
at BuildTask.runBuildTask (C:\ProgramData\cocos\editors\Creator\3.6.0\resources\app.asar\builtin\builder\dist\worker\builder\index.ccc:1:7308)
2025-08-30T13:26:58.296Z - warn: [Build] 资源 {asset(db://assets/resources/texture/big/bg.jpg)} 与资源 {asset(db://assets/resources/texture/big/bg.png)} 的动态加载 URL 相同(texture/big/bg)，请调整目录结构来避免动态加载资源时出现异常。[Build] 资源 {asset(db://assets/resources/texture/big/bg.jpg)} 与资源 {asset(db://assets/resources/texture/big/bg.png)} 的动态加载 URL 相同(texture/big/bg)，请调整目录结构来避免动态加载资源时出现异常。  
at NewConsole.warn (C:\ProgramData\cocos\editors\Creator\3.6.0\resources\app.asar\builtin\builder\dist\worker\console.ccc:1:1306)  
at o (C:\ProgramData\cocos\editors\Creator\3.6.0\resources\app.asar\builtin\builder\dist\worker\builder\setting-task\group.ccc:1:497)  
at C:\ProgramData\cocos\editors\Creator\3.6.0\resources\app.asar\builtin\builder\dist\worker\builder\setting-task\group.ccc:1:735  
at Array.forEach (<anonymous>)  
at BuildTask.handle (C:\ProgramData\cocos\editors\Creator\3.6.0\resources\app.asar\builtin\builder\dist\worker\builder\setting-task\group.ccc:1:618)  
at BuildTask.runBuildTask (C:\ProgramData\cocos\editors\Creator\3.6.0\resources\app.asar\builtin\builder\dist\worker\builder\index.ccc:1:7308)
2025-08-30T13:26:58.296Z - warn: [Build] 资源 {asset(db://assets/resources/texture/big/bg.jpg/texture)} 与资源 {asset(db://assets/resources/texture/big/bg.png/texture)} 的动态加载 URL 相同(texture/big/bg/texture)，请调整目录结构来避免动态加载资源时出现异常。[Build] 资源 {asset(db://assets/resources/texture/big/bg.jpg/texture)} 与资源 {asset(db://assets/resources/texture/big/bg.png/texture)} 的动态加载 URL 相同(texture/big/bg/texture)，请调整目录结构来避免动态加载资源时出现异常。  
at NewConsole.warn (C:\ProgramData\cocos\editors\Creator\3.6.0\resources\app.asar\builtin\builder\dist\worker\console.ccc:1:1306)  
at o (C:\ProgramData\cocos\editors\Creator\3.6.0\resources\app.asar\builtin\builder\dist\worker\builder\setting-task\group.ccc:1:497)  
at C:\ProgramData\cocos\editors\Creator\3.6.0\resources\app.asar\builtin\builder\dist\worker\builder\setting-task\group.ccc:1:735  
at Array.forEach (<anonymous>)  
at BuildTask.handle (C:\ProgramData\cocos\editors\Creator\3.6.0\resources\app.asar\builtin\builder\dist\worker\builder\setting-task\group.ccc:1:618)  
at BuildTask.runBuildTask (C:\ProgramData\cocos\editors\Creator\3.6.0\resources\app.asar\builtin\builder\dist\worker\builder\index.ccc:1:7308)
2025-08-30T13:26:58.296Z - warn: [Build] 资源 {asset(db://assets/resources/texture/big/bg.jpg/spriteFrame)} 与资源 {asset(db://assets/resources/texture/big/bg.png/spriteFrame)} 的动态加载 URL 相同(texture/big/bg/spriteFrame)，请调整目录结构来避免动态加载资源时出现异常。[Build] 资源 {asset(db://assets/resources/texture/big/bg.jpg/spriteFrame)} 与资源 {asset(db://assets/resources/texture/big/bg.png/spriteFrame)} 的动态加载 URL 相同(texture/big/bg/spriteFrame)，请调整目录结构来避免动态加载资源时出现异常。  
at NewConsole.warn (C:\ProgramData\cocos\editors\Creator\3.6.0\resources\app.asar\builtin\builder\dist\worker\console.ccc:1:1306)  
at o (C:\ProgramData\cocos\editors\Creator\3.6.0\resources\app.asar\builtin\builder\dist\worker\builder\setting-task\group.ccc:1:497)  
at C:\ProgramData\cocos\editors\Creator\3.6.0\resources\app.asar\builtin\builder\dist\worker\builder\setting-task\group.ccc:1:735  
at Array.forEach (<anonymous>)  
at BuildTask.handle (C:\ProgramData\cocos\editors\Creator\3.6.0\resources\app.asar\builtin\builder\dist\worker\builder\setting-task\group.ccc:1:618)  
at BuildTask.runBuildTask (C:\ProgramData\cocos\editors\Creator\3.6.0\resources\app.asar\builtin\builder\dist\worker\builder\index.ccc:1:7308)
2025-08-30T13:27:57.626Z - error: [Scene] {hidden(::SceneExecutorImportExceptionHandler::)} ReferenceError: protobuf is not defined
    at factory (file:///D:/xuhang/guan_dan/temp/programming/packer-driver/targets/editor/chunks/8a/file:/D:/xuhang/guan_dan/assets/scripts/proto/gameMsg.js:5335:5)
    at CjsLoader._load (file:///D:/xuhang/guan_dan/temp/programming/packer-driver/targets/editor/chunks/e2/cce:/internal/ml/cjs-loader.mjs:78:9)
    at CjsLoader._tryModuleLoad (file:///D:/xuhang/guan_dan/temp/programming/packer-driver/targets/editor/chunks/e2/cce:/internal/ml/cjs-loader.mjs:63:18)
    at CjsLoader._require (file:///D:/xuhang/guan_dan/temp/programming/packer-driver/targets/editor/chunks/e2/cce:/internal/ml/cjs-loader.mjs:42:14)
    at CjsLoader.require (file:///D:/xuhang/guan_dan/temp/programming/packer-driver/targets/editor/chunks/e2/cce:/internal/ml/cjs-loader.mjs:27:21)
    at Object.execute (file:///D:/xuhang/guan_dan/temp/programming/packer-driver/targets/editor/chunks/ee/file:/D:/xuhang/guan_dan/assets/scripts/proto/gameMsg.mjs?cjs=&original=.js:7:8)
    at doExec (C:\ProgramData\cocos\editors\Creator\3.6.0\resources\app.asar\node_modules\@editor\lib-programming\static\executor\systemjs-bridge\out\index.js:517:30)
    at postOrderExec (C:\ProgramData\cocos\editors\Creator\3.6.0\resources\app.asar\node_modules\@editor\lib-programming\static\executor\systemjs-bridge\out\index.js:508:21)
    at C:\ProgramData\cocos\editors\Creator\3.6.0\resources\app.asar\node_modules\@editor\lib-programming\static\executor\systemjs-bridge\out\index.js:440:12
    at file:///D:/xuhang/guan_dan/temp/programming/packer-driver/targets/editor/chunks/04/cce:/internal/x/prerequisite-imports:8:13Error: [Scene] {hidden(::SceneExecutorImportExceptionHandler::)} ReferenceError: protobuf is not defined
    at CjsLoader._require (file:///D:/xuhang/guan_dan/temp/programming/packer-driver/targets/editor/chunks/e2/cce:/internal/ml/cjs-loader.mjs:42:14)
    at CjsLoader.require (file:///D:/xuhang/guan_dan/temp/programming/packer-driver/targets/editor/chunks/e2/cce:/internal/ml/cjs-loader.mjs:27:21)
    at Object.execute (file:///D:/xuhang/guan_dan/temp/programming/packer-driver/targets/editor/chunks/ee/file:/D:/xuhang/guan_dan/assets/scripts/proto/gameMsg.mjs?cjs=&original=.js:7:8)
    at doExec (C:\ProgramData\cocos\editors\Creator\3.6.0\resources\app.asar\node_modules\@editor\lib-programming\static\executor\systemjs-bridge\out\index.js:517:30)
    at postOrderExec (C:\ProgramData\cocos\editors\Creator\3.6.0\resources\app.asar\node_modules\@editor\lib-programming\static\executor\systemjs-bridge\out\index.js:508:21)
    at C:\ProgramData\cocos\editors\Creator\3.6.0\resources\app.asar\node_modules\@editor\lib-programming\static\executor\systemjs-bridge\out\index.js:440:12
    at file:///D:/xuhang/guan_dan/temp/programming/packer-driver/targets/editor/chunks/04/cce:/internal/x/prerequisite-imports:8:13
    at Logger._logHandler (C:\ProgramData\cocos\editors\Creator\3.6.0\resources\app.asar\builtin\scene\dist\script\3d\manager\startup\log.ccc:1:318)
    at Logger.record (C:\ProgramData\cocos\editors\Creator\3.6.0\resources\app.asar\node_modules\@base\electron-logger\lib\renderer.ccc:1:458)
    at console.error (C:\ProgramData\cocos\editors\Creator\3.6.0\resources\app.asar\node_modules\@base\electron-logger\lib\renderer.ccc:1:1414)
    at ScriptManager._handleImportException (C:\ProgramData\cocos\editors\Creator\3.6.0\resources\app.asar\builtin\scene\dist\script\3d\manager\scripts.ccc:1:5825)
    at Executor.importExceptionHandler [as _importExceptionHandler] (C:\ProgramData\cocos\editors\Creator\3.6.0\resources\app.asar\builtin\scene\dist\script\3d\manager\scripts.ccc:1:3509)
    at Executor._onModuleLoaded (C:\ProgramData\cocos\editors\Creator\3.6.0\resources\app.asar\node_modules\@editor\lib-programming\src\executor\index.ts:312:22)
    at SystemJS.onload (C:\ProgramData\cocos\editors\Creator\3.6.0\resources\app.asar\node_modules\@editor\lib-programming\src\executor\index.ts:73:18)
    at triggerOnload (C:\ProgramData\cocos\editors\Creator\3.6.0\resources\app.asar\node_modules\@editor\lib-programming\static\executor\systemjs-bridge\out\index.js:270:10)
    at doExec (C:\ProgramData\cocos\editors\Creator\3.6.0\resources\app.asar\node_modules\@editor\lib-programming\static\executor\systemjs-bridge\out\index.js:538:7)
    at postOrderExec (C:\ProgramData\cocos\editors\Creator\3.6.0\resources\app.asar\node_modules\@editor\lib-programming\static\executor\systemjs-bridge\out\index.js:508:21)
2025-08-30T13:27:58.352Z - warn: [Build] 资源 {asset(db://assets/resources/texture/big/bg.jpg)} 与资源 {asset(db://assets/resources/texture/big/bg.png)} 的动态加载 URL 相同(texture/big/bg)，请调整目录结构来避免动态加载资源时出现异常。[Build] 资源 {asset(db://assets/resources/texture/big/bg.jpg)} 与资源 {asset(db://assets/resources/texture/big/bg.png)} 的动态加载 URL 相同(texture/big/bg)，请调整目录结构来避免动态加载资源时出现异常。  
at NewConsole.warn (C:\ProgramData\cocos\editors\Creator\3.6.0\resources\app.asar\builtin\builder\dist\worker\console.ccc:1:1306)  
at o (C:\ProgramData\cocos\editors\Creator\3.6.0\resources\app.asar\builtin\builder\dist\worker\builder\setting-task\group.ccc:1:497)  
at C:\ProgramData\cocos\editors\Creator\3.6.0\resources\app.asar\builtin\builder\dist\worker\builder\setting-task\group.ccc:1:735  
at Array.forEach (<anonymous>)  
at BuildTask.handle (C:\ProgramData\cocos\editors\Creator\3.6.0\resources\app.asar\builtin\builder\dist\worker\builder\setting-task\group.ccc:1:618)  
at BuildTask.runBuildTask (C:\ProgramData\cocos\editors\Creator\3.6.0\resources\app.asar\builtin\builder\dist\worker\builder\index.ccc:1:7308)
2025-08-30T13:27:58.352Z - warn: [Build] 资源 {asset(db://assets/resources/texture/big/bg.jpg/texture)} 与资源 {asset(db://assets/resources/texture/big/bg.png/texture)} 的动态加载 URL 相同(texture/big/bg/texture)，请调整目录结构来避免动态加载资源时出现异常。[Build] 资源 {asset(db://assets/resources/texture/big/bg.jpg/texture)} 与资源 {asset(db://assets/resources/texture/big/bg.png/texture)} 的动态加载 URL 相同(texture/big/bg/texture)，请调整目录结构来避免动态加载资源时出现异常。  
at NewConsole.warn (C:\ProgramData\cocos\editors\Creator\3.6.0\resources\app.asar\builtin\builder\dist\worker\console.ccc:1:1306)  
at o (C:\ProgramData\cocos\editors\Creator\3.6.0\resources\app.asar\builtin\builder\dist\worker\builder\setting-task\group.ccc:1:497)  
at C:\ProgramData\cocos\editors\Creator\3.6.0\resources\app.asar\builtin\builder\dist\worker\builder\setting-task\group.ccc:1:735  
at Array.forEach (<anonymous>)  
at BuildTask.handle (C:\ProgramData\cocos\editors\Creator\3.6.0\resources\app.asar\builtin\builder\dist\worker\builder\setting-task\group.ccc:1:618)  
at BuildTask.runBuildTask (C:\ProgramData\cocos\editors\Creator\3.6.0\resources\app.asar\builtin\builder\dist\worker\builder\index.ccc:1:7308)
2025-08-30T13:27:58.353Z - warn: [Build] 资源 {asset(db://assets/resources/texture/big/bg.jpg/spriteFrame)} 与资源 {asset(db://assets/resources/texture/big/bg.png/spriteFrame)} 的动态加载 URL 相同(texture/big/bg/spriteFrame)，请调整目录结构来避免动态加载资源时出现异常。[Build] 资源 {asset(db://assets/resources/texture/big/bg.jpg/spriteFrame)} 与资源 {asset(db://assets/resources/texture/big/bg.png/spriteFrame)} 的动态加载 URL 相同(texture/big/bg/spriteFrame)，请调整目录结构来避免动态加载资源时出现异常。  
at NewConsole.warn (C:\ProgramData\cocos\editors\Creator\3.6.0\resources\app.asar\builtin\builder\dist\worker\console.ccc:1:1306)  
at o (C:\ProgramData\cocos\editors\Creator\3.6.0\resources\app.asar\builtin\builder\dist\worker\builder\setting-task\group.ccc:1:497)  
at C:\ProgramData\cocos\editors\Creator\3.6.0\resources\app.asar\builtin\builder\dist\worker\builder\setting-task\group.ccc:1:735  
at Array.forEach (<anonymous>)  
at BuildTask.handle (C:\ProgramData\cocos\editors\Creator\3.6.0\resources\app.asar\builtin\builder\dist\worker\builder\setting-task\group.ccc:1:618)  
at BuildTask.runBuildTask (C:\ProgramData\cocos\editors\Creator\3.6.0\resources\app.asar\builtin\builder\dist\worker\builder\index.ccc:1:7308)
2025-08-30T13:28:03.957Z - warn: [Build] 资源 {asset(db://assets/resources/texture/big/bg.jpg)} 与资源 {asset(db://assets/resources/texture/big/bg.png)} 的动态加载 URL 相同(texture/big/bg)，请调整目录结构来避免动态加载资源时出现异常。[Build] 资源 {asset(db://assets/resources/texture/big/bg.jpg)} 与资源 {asset(db://assets/resources/texture/big/bg.png)} 的动态加载 URL 相同(texture/big/bg)，请调整目录结构来避免动态加载资源时出现异常。  
at NewConsole.warn (C:\ProgramData\cocos\editors\Creator\3.6.0\resources\app.asar\builtin\builder\dist\worker\console.ccc:1:1306)  
at o (C:\ProgramData\cocos\editors\Creator\3.6.0\resources\app.asar\builtin\builder\dist\worker\builder\setting-task\group.ccc:1:497)  
at C:\ProgramData\cocos\editors\Creator\3.6.0\resources\app.asar\builtin\builder\dist\worker\builder\setting-task\group.ccc:1:735  
at Array.forEach (<anonymous>)  
at BuildTask.handle (C:\ProgramData\cocos\editors\Creator\3.6.0\resources\app.asar\builtin\builder\dist\worker\builder\setting-task\group.ccc:1:618)  
at BuildTask.runBuildTask (C:\ProgramData\cocos\editors\Creator\3.6.0\resources\app.asar\builtin\builder\dist\worker\builder\index.ccc:1:7308)
2025-08-30T13:28:03.958Z - warn: [Build] 资源 {asset(db://assets/resources/texture/big/bg.jpg/texture)} 与资源 {asset(db://assets/resources/texture/big/bg.png/texture)} 的动态加载 URL 相同(texture/big/bg/texture)，请调整目录结构来避免动态加载资源时出现异常。[Build] 资源 {asset(db://assets/resources/texture/big/bg.jpg/texture)} 与资源 {asset(db://assets/resources/texture/big/bg.png/texture)} 的动态加载 URL 相同(texture/big/bg/texture)，请调整目录结构来避免动态加载资源时出现异常。  
at NewConsole.warn (C:\ProgramData\cocos\editors\Creator\3.6.0\resources\app.asar\builtin\builder\dist\worker\console.ccc:1:1306)  
at o (C:\ProgramData\cocos\editors\Creator\3.6.0\resources\app.asar\builtin\builder\dist\worker\builder\setting-task\group.ccc:1:497)  
at C:\ProgramData\cocos\editors\Creator\3.6.0\resources\app.asar\builtin\builder\dist\worker\builder\setting-task\group.ccc:1:735  
at Array.forEach (<anonymous>)  
at BuildTask.handle (C:\ProgramData\cocos\editors\Creator\3.6.0\resources\app.asar\builtin\builder\dist\worker\builder\setting-task\group.ccc:1:618)  
at BuildTask.runBuildTask (C:\ProgramData\cocos\editors\Creator\3.6.0\resources\app.asar\builtin\builder\dist\worker\builder\index.ccc:1:7308)
2025-08-30T13:28:03.958Z - warn: [Build] 资源 {asset(db://assets/resources/texture/big/bg.jpg/spriteFrame)} 与资源 {asset(db://assets/resources/texture/big/bg.png/spriteFrame)} 的动态加载 URL 相同(texture/big/bg/spriteFrame)，请调整目录结构来避免动态加载资源时出现异常。[Build] 资源 {asset(db://assets/resources/texture/big/bg.jpg/spriteFrame)} 与资源 {asset(db://assets/resources/texture/big/bg.png/spriteFrame)} 的动态加载 URL 相同(texture/big/bg/spriteFrame)，请调整目录结构来避免动态加载资源时出现异常。  
at NewConsole.warn (C:\ProgramData\cocos\editors\Creator\3.6.0\resources\app.asar\builtin\builder\dist\worker\console.ccc:1:1306)  
at o (C:\ProgramData\cocos\editors\Creator\3.6.0\resources\app.asar\builtin\builder\dist\worker\builder\setting-task\group.ccc:1:497)  
at C:\ProgramData\cocos\editors\Creator\3.6.0\resources\app.asar\builtin\builder\dist\worker\builder\setting-task\group.ccc:1:735  
at Array.forEach (<anonymous>)  
at BuildTask.handle (C:\ProgramData\cocos\editors\Creator\3.6.0\resources\app.asar\builtin\builder\dist\worker\builder\setting-task\group.ccc:1:618)  
at BuildTask.runBuildTask (C:\ProgramData\cocos\editors\Creator\3.6.0\resources\app.asar\builtin\builder\dist\worker\builder\index.ccc:1:7308)
2025-08-30T13:28:25.180Z - warn: [Build] 资源 {asset(db://assets/resources/texture/big/bg.jpg)} 与资源 {asset(db://assets/resources/texture/big/bg.png)} 的动态加载 URL 相同(texture/big/bg)，请调整目录结构来避免动态加载资源时出现异常。[Build] 资源 {asset(db://assets/resources/texture/big/bg.jpg)} 与资源 {asset(db://assets/resources/texture/big/bg.png)} 的动态加载 URL 相同(texture/big/bg)，请调整目录结构来避免动态加载资源时出现异常。  
at NewConsole.warn (C:\ProgramData\cocos\editors\Creator\3.6.0\resources\app.asar\builtin\builder\dist\worker\console.ccc:1:1306)  
at o (C:\ProgramData\cocos\editors\Creator\3.6.0\resources\app.asar\builtin\builder\dist\worker\builder\setting-task\group.ccc:1:497)  
at C:\ProgramData\cocos\editors\Creator\3.6.0\resources\app.asar\builtin\builder\dist\worker\builder\setting-task\group.ccc:1:735  
at Array.forEach (<anonymous>)  
at BuildTask.handle (C:\ProgramData\cocos\editors\Creator\3.6.0\resources\app.asar\builtin\builder\dist\worker\builder\setting-task\group.ccc:1:618)  
at BuildTask.runBuildTask (C:\ProgramData\cocos\editors\Creator\3.6.0\resources\app.asar\builtin\builder\dist\worker\builder\index.ccc:1:7308)
2025-08-30T13:28:25.180Z - warn: [Build] 资源 {asset(db://assets/resources/texture/big/bg.jpg/texture)} 与资源 {asset(db://assets/resources/texture/big/bg.png/texture)} 的动态加载 URL 相同(texture/big/bg/texture)，请调整目录结构来避免动态加载资源时出现异常。[Build] 资源 {asset(db://assets/resources/texture/big/bg.jpg/texture)} 与资源 {asset(db://assets/resources/texture/big/bg.png/texture)} 的动态加载 URL 相同(texture/big/bg/texture)，请调整目录结构来避免动态加载资源时出现异常。  
at NewConsole.warn (C:\ProgramData\cocos\editors\Creator\3.6.0\resources\app.asar\builtin\builder\dist\worker\console.ccc:1:1306)  
at o (C:\ProgramData\cocos\editors\Creator\3.6.0\resources\app.asar\builtin\builder\dist\worker\builder\setting-task\group.ccc:1:497)  
at C:\ProgramData\cocos\editors\Creator\3.6.0\resources\app.asar\builtin\builder\dist\worker\builder\setting-task\group.ccc:1:735  
at Array.forEach (<anonymous>)  
at BuildTask.handle (C:\ProgramData\cocos\editors\Creator\3.6.0\resources\app.asar\builtin\builder\dist\worker\builder\setting-task\group.ccc:1:618)  
at BuildTask.runBuildTask (C:\ProgramData\cocos\editors\Creator\3.6.0\resources\app.asar\builtin\builder\dist\worker\builder\index.ccc:1:7308)
2025-08-30T13:28:25.181Z - warn: [Build] 资源 {asset(db://assets/resources/texture/big/bg.jpg/spriteFrame)} 与资源 {asset(db://assets/resources/texture/big/bg.png/spriteFrame)} 的动态加载 URL 相同(texture/big/bg/spriteFrame)，请调整目录结构来避免动态加载资源时出现异常。[Build] 资源 {asset(db://assets/resources/texture/big/bg.jpg/spriteFrame)} 与资源 {asset(db://assets/resources/texture/big/bg.png/spriteFrame)} 的动态加载 URL 相同(texture/big/bg/spriteFrame)，请调整目录结构来避免动态加载资源时出现异常。  
at NewConsole.warn (C:\ProgramData\cocos\editors\Creator\3.6.0\resources\app.asar\builtin\builder\dist\worker\console.ccc:1:1306)  
at o (C:\ProgramData\cocos\editors\Creator\3.6.0\resources\app.asar\builtin\builder\dist\worker\builder\setting-task\group.ccc:1:497)  
at C:\ProgramData\cocos\editors\Creator\3.6.0\resources\app.asar\builtin\builder\dist\worker\builder\setting-task\group.ccc:1:735  
at Array.forEach (<anonymous>)  
at BuildTask.handle (C:\ProgramData\cocos\editors\Creator\3.6.0\resources\app.asar\builtin\builder\dist\worker\builder\setting-task\group.ccc:1:618)  
at BuildTask.runBuildTask (C:\ProgramData\cocos\editors\Creator\3.6.0\resources\app.asar\builtin\builder\dist\worker\builder\index.ccc:1:7308)
2025-08-30T13:28:39.028Z - warn: [Build] 资源 {asset(db://assets/resources/texture/big/bg.jpg)} 与资源 {asset(db://assets/resources/texture/big/bg.png)} 的动态加载 URL 相同(texture/big/bg)，请调整目录结构来避免动态加载资源时出现异常。[Build] 资源 {asset(db://assets/resources/texture/big/bg.jpg)} 与资源 {asset(db://assets/resources/texture/big/bg.png)} 的动态加载 URL 相同(texture/big/bg)，请调整目录结构来避免动态加载资源时出现异常。  
at NewConsole.warn (C:\ProgramData\cocos\editors\Creator\3.6.0\resources\app.asar\builtin\builder\dist\worker\console.ccc:1:1306)  
at o (C:\ProgramData\cocos\editors\Creator\3.6.0\resources\app.asar\builtin\builder\dist\worker\builder\setting-task\group.ccc:1:497)  
at C:\ProgramData\cocos\editors\Creator\3.6.0\resources\app.asar\builtin\builder\dist\worker\builder\setting-task\group.ccc:1:735  
at Array.forEach (<anonymous>)  
at BuildTask.handle (C:\ProgramData\cocos\editors\Creator\3.6.0\resources\app.asar\builtin\builder\dist\worker\builder\setting-task\group.ccc:1:618)  
at BuildTask.runBuildTask (C:\ProgramData\cocos\editors\Creator\3.6.0\resources\app.asar\builtin\builder\dist\worker\builder\index.ccc:1:7308)
2025-08-30T13:28:39.028Z - warn: [Build] 资源 {asset(db://assets/resources/texture/big/bg.jpg/texture)} 与资源 {asset(db://assets/resources/texture/big/bg.png/texture)} 的动态加载 URL 相同(texture/big/bg/texture)，请调整目录结构来避免动态加载资源时出现异常。[Build] 资源 {asset(db://assets/resources/texture/big/bg.jpg/texture)} 与资源 {asset(db://assets/resources/texture/big/bg.png/texture)} 的动态加载 URL 相同(texture/big/bg/texture)，请调整目录结构来避免动态加载资源时出现异常。  
at NewConsole.warn (C:\ProgramData\cocos\editors\Creator\3.6.0\resources\app.asar\builtin\builder\dist\worker\console.ccc:1:1306)  
at o (C:\ProgramData\cocos\editors\Creator\3.6.0\resources\app.asar\builtin\builder\dist\worker\builder\setting-task\group.ccc:1:497)  
at C:\ProgramData\cocos\editors\Creator\3.6.0\resources\app.asar\builtin\builder\dist\worker\builder\setting-task\group.ccc:1:735  
at Array.forEach (<anonymous>)  
at BuildTask.handle (C:\ProgramData\cocos\editors\Creator\3.6.0\resources\app.asar\builtin\builder\dist\worker\builder\setting-task\group.ccc:1:618)  
at BuildTask.runBuildTask (C:\ProgramData\cocos\editors\Creator\3.6.0\resources\app.asar\builtin\builder\dist\worker\builder\index.ccc:1:7308)
2025-08-30T13:28:39.029Z - warn: [Build] 资源 {asset(db://assets/resources/texture/big/bg.jpg/spriteFrame)} 与资源 {asset(db://assets/resources/texture/big/bg.png/spriteFrame)} 的动态加载 URL 相同(texture/big/bg/spriteFrame)，请调整目录结构来避免动态加载资源时出现异常。[Build] 资源 {asset(db://assets/resources/texture/big/bg.jpg/spriteFrame)} 与资源 {asset(db://assets/resources/texture/big/bg.png/spriteFrame)} 的动态加载 URL 相同(texture/big/bg/spriteFrame)，请调整目录结构来避免动态加载资源时出现异常。  
at NewConsole.warn (C:\ProgramData\cocos\editors\Creator\3.6.0\resources\app.asar\builtin\builder\dist\worker\console.ccc:1:1306)  
at o (C:\ProgramData\cocos\editors\Creator\3.6.0\resources\app.asar\builtin\builder\dist\worker\builder\setting-task\group.ccc:1:497)  
at C:\ProgramData\cocos\editors\Creator\3.6.0\resources\app.asar\builtin\builder\dist\worker\builder\setting-task\group.ccc:1:735  
at Array.forEach (<anonymous>)  
at BuildTask.handle (C:\ProgramData\cocos\editors\Creator\3.6.0\resources\app.asar\builtin\builder\dist\worker\builder\setting-task\group.ccc:1:618)  
at BuildTask.runBuildTask (C:\ProgramData\cocos\editors\Creator\3.6.0\resources\app.asar\builtin\builder\dist\worker\builder\index.ccc:1:7308)
2025-08-30T13:29:10.900Z - warn: [Build] 资源 {asset(db://assets/resources/texture/big/bg.jpg)} 与资源 {asset(db://assets/resources/texture/big/bg.png)} 的动态加载 URL 相同(texture/big/bg)，请调整目录结构来避免动态加载资源时出现异常。[Build] 资源 {asset(db://assets/resources/texture/big/bg.jpg)} 与资源 {asset(db://assets/resources/texture/big/bg.png)} 的动态加载 URL 相同(texture/big/bg)，请调整目录结构来避免动态加载资源时出现异常。  
at NewConsole.warn (C:\ProgramData\cocos\editors\Creator\3.6.0\resources\app.asar\builtin\builder\dist\worker\console.ccc:1:1306)  
at o (C:\ProgramData\cocos\editors\Creator\3.6.0\resources\app.asar\builtin\builder\dist\worker\builder\setting-task\group.ccc:1:497)  
at C:\ProgramData\cocos\editors\Creator\3.6.0\resources\app.asar\builtin\builder\dist\worker\builder\setting-task\group.ccc:1:735  
at Array.forEach (<anonymous>)  
at BuildTask.handle (C:\ProgramData\cocos\editors\Creator\3.6.0\resources\app.asar\builtin\builder\dist\worker\builder\setting-task\group.ccc:1:618)  
at BuildTask.runBuildTask (C:\ProgramData\cocos\editors\Creator\3.6.0\resources\app.asar\builtin\builder\dist\worker\builder\index.ccc:1:7308)
2025-08-30T13:29:10.900Z - warn: [Build] 资源 {asset(db://assets/resources/texture/big/bg.jpg/texture)} 与资源 {asset(db://assets/resources/texture/big/bg.png/texture)} 的动态加载 URL 相同(texture/big/bg/texture)，请调整目录结构来避免动态加载资源时出现异常。[Build] 资源 {asset(db://assets/resources/texture/big/bg.jpg/texture)} 与资源 {asset(db://assets/resources/texture/big/bg.png/texture)} 的动态加载 URL 相同(texture/big/bg/texture)，请调整目录结构来避免动态加载资源时出现异常。  
at NewConsole.warn (C:\ProgramData\cocos\editors\Creator\3.6.0\resources\app.asar\builtin\builder\dist\worker\console.ccc:1:1306)  
at o (C:\ProgramData\cocos\editors\Creator\3.6.0\resources\app.asar\builtin\builder\dist\worker\builder\setting-task\group.ccc:1:497)  
at C:\ProgramData\cocos\editors\Creator\3.6.0\resources\app.asar\builtin\builder\dist\worker\builder\setting-task\group.ccc:1:735  
at Array.forEach (<anonymous>)  
at BuildTask.handle (C:\ProgramData\cocos\editors\Creator\3.6.0\resources\app.asar\builtin\builder\dist\worker\builder\setting-task\group.ccc:1:618)  
at BuildTask.runBuildTask (C:\ProgramData\cocos\editors\Creator\3.6.0\resources\app.asar\builtin\builder\dist\worker\builder\index.ccc:1:7308)
2025-08-30T13:29:10.900Z - warn: [Build] 资源 {asset(db://assets/resources/texture/big/bg.jpg/spriteFrame)} 与资源 {asset(db://assets/resources/texture/big/bg.png/spriteFrame)} 的动态加载 URL 相同(texture/big/bg/spriteFrame)，请调整目录结构来避免动态加载资源时出现异常。[Build] 资源 {asset(db://assets/resources/texture/big/bg.jpg/spriteFrame)} 与资源 {asset(db://assets/resources/texture/big/bg.png/spriteFrame)} 的动态加载 URL 相同(texture/big/bg/spriteFrame)，请调整目录结构来避免动态加载资源时出现异常。  
at NewConsole.warn (C:\ProgramData\cocos\editors\Creator\3.6.0\resources\app.asar\builtin\builder\dist\worker\console.ccc:1:1306)  
at o (C:\ProgramData\cocos\editors\Creator\3.6.0\resources\app.asar\builtin\builder\dist\worker\builder\setting-task\group.ccc:1:497)  
at C:\ProgramData\cocos\editors\Creator\3.6.0\resources\app.asar\builtin\builder\dist\worker\builder\setting-task\group.ccc:1:735  
at Array.forEach (<anonymous>)  
at BuildTask.handle (C:\ProgramData\cocos\editors\Creator\3.6.0\resources\app.asar\builtin\builder\dist\worker\builder\setting-task\group.ccc:1:618)  
at BuildTask.runBuildTask (C:\ProgramData\cocos\editors\Creator\3.6.0\resources\app.asar\builtin\builder\dist\worker\builder\index.ccc:1:7308)
2025-08-30T13:29:26.800Z - error: getImSetting failed
2025-08-30T13:30:13.519Z - error: [Scene] {hidden(::SceneExecutorImportExceptionHandler::)} ReferenceError: protobuf is not defined
    at factory (file:///D:/xuhang/guan_dan/temp/programming/packer-driver/targets/editor/chunks/8a/file:/D:/xuhang/guan_dan/assets/scripts/proto/gameMsg.js:5335:5)
    at CjsLoader._load (file:///D:/xuhang/guan_dan/temp/programming/packer-driver/targets/editor/chunks/e2/cce:/internal/ml/cjs-loader.mjs:78:9)
    at CjsLoader._tryModuleLoad (file:///D:/xuhang/guan_dan/temp/programming/packer-driver/targets/editor/chunks/e2/cce:/internal/ml/cjs-loader.mjs:63:18)
    at CjsLoader._require (file:///D:/xuhang/guan_dan/temp/programming/packer-driver/targets/editor/chunks/e2/cce:/internal/ml/cjs-loader.mjs:42:14)
    at CjsLoader.require (file:///D:/xuhang/guan_dan/temp/programming/packer-driver/targets/editor/chunks/e2/cce:/internal/ml/cjs-loader.mjs:27:21)
    at Object.execute (file:///D:/xuhang/guan_dan/temp/programming/packer-driver/targets/editor/chunks/ee/file:/D:/xuhang/guan_dan/assets/scripts/proto/gameMsg.mjs?cjs=&original=.js:7:8)
    at doExec (C:\ProgramData\cocos\editors\Creator\3.6.0\resources\app.asar\node_modules\@editor\lib-programming\static\executor\systemjs-bridge\out\index.js:517:30)
    at postOrderExec (C:\ProgramData\cocos\editors\Creator\3.6.0\resources\app.asar\node_modules\@editor\lib-programming\static\executor\systemjs-bridge\out\index.js:508:21)
    at C:\ProgramData\cocos\editors\Creator\3.6.0\resources\app.asar\node_modules\@editor\lib-programming\static\executor\systemjs-bridge\out\index.js:440:12
    at file:///D:/xuhang/guan_dan/temp/programming/packer-driver/targets/editor/chunks/04/cce:/internal/x/prerequisite-imports:8:13Error: [Scene] {hidden(::SceneExecutorImportExceptionHandler::)} ReferenceError: protobuf is not defined
    at CjsLoader._require (file:///D:/xuhang/guan_dan/temp/programming/packer-driver/targets/editor/chunks/e2/cce:/internal/ml/cjs-loader.mjs:42:14)
    at CjsLoader.require (file:///D:/xuhang/guan_dan/temp/programming/packer-driver/targets/editor/chunks/e2/cce:/internal/ml/cjs-loader.mjs:27:21)
    at Object.execute (file:///D:/xuhang/guan_dan/temp/programming/packer-driver/targets/editor/chunks/ee/file:/D:/xuhang/guan_dan/assets/scripts/proto/gameMsg.mjs?cjs=&original=.js:7:8)
    at doExec (C:\ProgramData\cocos\editors\Creator\3.6.0\resources\app.asar\node_modules\@editor\lib-programming\static\executor\systemjs-bridge\out\index.js:517:30)
    at postOrderExec (C:\ProgramData\cocos\editors\Creator\3.6.0\resources\app.asar\node_modules\@editor\lib-programming\static\executor\systemjs-bridge\out\index.js:508:21)
    at C:\ProgramData\cocos\editors\Creator\3.6.0\resources\app.asar\node_modules\@editor\lib-programming\static\executor\systemjs-bridge\out\index.js:440:12
    at file:///D:/xuhang/guan_dan/temp/programming/packer-driver/targets/editor/chunks/04/cce:/internal/x/prerequisite-imports:8:13
    at Logger._logHandler (C:\ProgramData\cocos\editors\Creator\3.6.0\resources\app.asar\builtin\scene\dist\script\3d\manager\startup\log.ccc:1:318)
    at Logger.record (C:\ProgramData\cocos\editors\Creator\3.6.0\resources\app.asar\node_modules\@base\electron-logger\lib\renderer.ccc:1:458)
    at console.error (C:\ProgramData\cocos\editors\Creator\3.6.0\resources\app.asar\node_modules\@base\electron-logger\lib\renderer.ccc:1:1414)
    at ScriptManager._handleImportException (C:\ProgramData\cocos\editors\Creator\3.6.0\resources\app.asar\builtin\scene\dist\script\3d\manager\scripts.ccc:1:5825)
    at Executor.importExceptionHandler [as _importExceptionHandler] (C:\ProgramData\cocos\editors\Creator\3.6.0\resources\app.asar\builtin\scene\dist\script\3d\manager\scripts.ccc:1:3509)
    at Executor._onModuleLoaded (C:\ProgramData\cocos\editors\Creator\3.6.0\resources\app.asar\node_modules\@editor\lib-programming\src\executor\index.ts:312:22)
    at SystemJS.onload (C:\ProgramData\cocos\editors\Creator\3.6.0\resources\app.asar\node_modules\@editor\lib-programming\src\executor\index.ts:73:18)
    at triggerOnload (C:\ProgramData\cocos\editors\Creator\3.6.0\resources\app.asar\node_modules\@editor\lib-programming\static\executor\systemjs-bridge\out\index.js:270:10)
    at doExec (C:\ProgramData\cocos\editors\Creator\3.6.0\resources\app.asar\node_modules\@editor\lib-programming\static\executor\systemjs-bridge\out\index.js:538:7)
    at postOrderExec (C:\ProgramData\cocos\editors\Creator\3.6.0\resources\app.asar\node_modules\@editor\lib-programming\static\executor\systemjs-bridge\out\index.js:508:21)
2025-08-30T13:30:14.329Z - warn: [Build] 资源 {asset(db://assets/resources/texture/big/bg.jpg)} 与资源 {asset(db://assets/resources/texture/big/bg.png)} 的动态加载 URL 相同(texture/big/bg)，请调整目录结构来避免动态加载资源时出现异常。[Build] 资源 {asset(db://assets/resources/texture/big/bg.jpg)} 与资源 {asset(db://assets/resources/texture/big/bg.png)} 的动态加载 URL 相同(texture/big/bg)，请调整目录结构来避免动态加载资源时出现异常。  
at NewConsole.warn (C:\ProgramData\cocos\editors\Creator\3.6.0\resources\app.asar\builtin\builder\dist\worker\console.ccc:1:1306)  
at o (C:\ProgramData\cocos\editors\Creator\3.6.0\resources\app.asar\builtin\builder\dist\worker\builder\setting-task\group.ccc:1:497)  
at C:\ProgramData\cocos\editors\Creator\3.6.0\resources\app.asar\builtin\builder\dist\worker\builder\setting-task\group.ccc:1:735  
at Array.forEach (<anonymous>)  
at BuildTask.handle (C:\ProgramData\cocos\editors\Creator\3.6.0\resources\app.asar\builtin\builder\dist\worker\builder\setting-task\group.ccc:1:618)  
at BuildTask.runBuildTask (C:\ProgramData\cocos\editors\Creator\3.6.0\resources\app.asar\builtin\builder\dist\worker\builder\index.ccc:1:7308)
2025-08-30T13:30:14.329Z - warn: [Build] 资源 {asset(db://assets/resources/texture/big/bg.jpg/texture)} 与资源 {asset(db://assets/resources/texture/big/bg.png/texture)} 的动态加载 URL 相同(texture/big/bg/texture)，请调整目录结构来避免动态加载资源时出现异常。[Build] 资源 {asset(db://assets/resources/texture/big/bg.jpg/texture)} 与资源 {asset(db://assets/resources/texture/big/bg.png/texture)} 的动态加载 URL 相同(texture/big/bg/texture)，请调整目录结构来避免动态加载资源时出现异常。  
at NewConsole.warn (C:\ProgramData\cocos\editors\Creator\3.6.0\resources\app.asar\builtin\builder\dist\worker\console.ccc:1:1306)  
at o (C:\ProgramData\cocos\editors\Creator\3.6.0\resources\app.asar\builtin\builder\dist\worker\builder\setting-task\group.ccc:1:497)  
at C:\ProgramData\cocos\editors\Creator\3.6.0\resources\app.asar\builtin\builder\dist\worker\builder\setting-task\group.ccc:1:735  
at Array.forEach (<anonymous>)  
at BuildTask.handle (C:\ProgramData\cocos\editors\Creator\3.6.0\resources\app.asar\builtin\builder\dist\worker\builder\setting-task\group.ccc:1:618)  
at BuildTask.runBuildTask (C:\ProgramData\cocos\editors\Creator\3.6.0\resources\app.asar\builtin\builder\dist\worker\builder\index.ccc:1:7308)
2025-08-30T13:30:14.330Z - warn: [Build] 资源 {asset(db://assets/resources/texture/big/bg.jpg/spriteFrame)} 与资源 {asset(db://assets/resources/texture/big/bg.png/spriteFrame)} 的动态加载 URL 相同(texture/big/bg/spriteFrame)，请调整目录结构来避免动态加载资源时出现异常。[Build] 资源 {asset(db://assets/resources/texture/big/bg.jpg/spriteFrame)} 与资源 {asset(db://assets/resources/texture/big/bg.png/spriteFrame)} 的动态加载 URL 相同(texture/big/bg/spriteFrame)，请调整目录结构来避免动态加载资源时出现异常。  
at NewConsole.warn (C:\ProgramData\cocos\editors\Creator\3.6.0\resources\app.asar\builtin\builder\dist\worker\console.ccc:1:1306)  
at o (C:\ProgramData\cocos\editors\Creator\3.6.0\resources\app.asar\builtin\builder\dist\worker\builder\setting-task\group.ccc:1:497)  
at C:\ProgramData\cocos\editors\Creator\3.6.0\resources\app.asar\builtin\builder\dist\worker\builder\setting-task\group.ccc:1:735  
at Array.forEach (<anonymous>)  
at BuildTask.handle (C:\ProgramData\cocos\editors\Creator\3.6.0\resources\app.asar\builtin\builder\dist\worker\builder\setting-task\group.ccc:1:618)  
at BuildTask.runBuildTask (C:\ProgramData\cocos\editors\Creator\3.6.0\resources\app.asar\builtin\builder\dist\worker\builder\index.ccc:1:7308)
2025-08-30T13:31:36.148Z - warn: [Build] 资源 {asset(db://assets/resources/texture/big/bg.jpg)} 与资源 {asset(db://assets/resources/texture/big/bg.png)} 的动态加载 URL 相同(texture/big/bg)，请调整目录结构来避免动态加载资源时出现异常。[Build] 资源 {asset(db://assets/resources/texture/big/bg.jpg)} 与资源 {asset(db://assets/resources/texture/big/bg.png)} 的动态加载 URL 相同(texture/big/bg)，请调整目录结构来避免动态加载资源时出现异常。  
at NewConsole.warn (C:\ProgramData\cocos\editors\Creator\3.6.0\resources\app.asar\builtin\builder\dist\worker\console.ccc:1:1306)  
at o (C:\ProgramData\cocos\editors\Creator\3.6.0\resources\app.asar\builtin\builder\dist\worker\builder\setting-task\group.ccc:1:497)  
at C:\ProgramData\cocos\editors\Creator\3.6.0\resources\app.asar\builtin\builder\dist\worker\builder\setting-task\group.ccc:1:735  
at Array.forEach (<anonymous>)  
at BuildTask.handle (C:\ProgramData\cocos\editors\Creator\3.6.0\resources\app.asar\builtin\builder\dist\worker\builder\setting-task\group.ccc:1:618)  
at BuildTask.runBuildTask (C:\ProgramData\cocos\editors\Creator\3.6.0\resources\app.asar\builtin\builder\dist\worker\builder\index.ccc:1:7308)
2025-08-30T13:31:36.148Z - warn: [Build] 资源 {asset(db://assets/resources/texture/big/bg.jpg/texture)} 与资源 {asset(db://assets/resources/texture/big/bg.png/texture)} 的动态加载 URL 相同(texture/big/bg/texture)，请调整目录结构来避免动态加载资源时出现异常。[Build] 资源 {asset(db://assets/resources/texture/big/bg.jpg/texture)} 与资源 {asset(db://assets/resources/texture/big/bg.png/texture)} 的动态加载 URL 相同(texture/big/bg/texture)，请调整目录结构来避免动态加载资源时出现异常。  
at NewConsole.warn (C:\ProgramData\cocos\editors\Creator\3.6.0\resources\app.asar\builtin\builder\dist\worker\console.ccc:1:1306)  
at o (C:\ProgramData\cocos\editors\Creator\3.6.0\resources\app.asar\builtin\builder\dist\worker\builder\setting-task\group.ccc:1:497)  
at C:\ProgramData\cocos\editors\Creator\3.6.0\resources\app.asar\builtin\builder\dist\worker\builder\setting-task\group.ccc:1:735  
at Array.forEach (<anonymous>)  
at BuildTask.handle (C:\ProgramData\cocos\editors\Creator\3.6.0\resources\app.asar\builtin\builder\dist\worker\builder\setting-task\group.ccc:1:618)  
at BuildTask.runBuildTask (C:\ProgramData\cocos\editors\Creator\3.6.0\resources\app.asar\builtin\builder\dist\worker\builder\index.ccc:1:7308)
2025-08-30T13:31:36.149Z - warn: [Build] 资源 {asset(db://assets/resources/texture/big/bg.jpg/spriteFrame)} 与资源 {asset(db://assets/resources/texture/big/bg.png/spriteFrame)} 的动态加载 URL 相同(texture/big/bg/spriteFrame)，请调整目录结构来避免动态加载资源时出现异常。[Build] 资源 {asset(db://assets/resources/texture/big/bg.jpg/spriteFrame)} 与资源 {asset(db://assets/resources/texture/big/bg.png/spriteFrame)} 的动态加载 URL 相同(texture/big/bg/spriteFrame)，请调整目录结构来避免动态加载资源时出现异常。  
at NewConsole.warn (C:\ProgramData\cocos\editors\Creator\3.6.0\resources\app.asar\builtin\builder\dist\worker\console.ccc:1:1306)  
at o (C:\ProgramData\cocos\editors\Creator\3.6.0\resources\app.asar\builtin\builder\dist\worker\builder\setting-task\group.ccc:1:497)  
at C:\ProgramData\cocos\editors\Creator\3.6.0\resources\app.asar\builtin\builder\dist\worker\builder\setting-task\group.ccc:1:735  
at Array.forEach (<anonymous>)  
at BuildTask.handle (C:\ProgramData\cocos\editors\Creator\3.6.0\resources\app.asar\builtin\builder\dist\worker\builder\setting-task\group.ccc:1:618)  
at BuildTask.runBuildTask (C:\ProgramData\cocos\editors\Creator\3.6.0\resources\app.asar\builtin\builder\dist\worker\builder\index.ccc:1:7308)
2025-08-30T13:33:31.227Z - warn: [Build] 资源 {asset(db://assets/resources/texture/big/bg.jpg)} 与资源 {asset(db://assets/resources/texture/big/bg.png)} 的动态加载 URL 相同(texture/big/bg)，请调整目录结构来避免动态加载资源时出现异常。[Build] 资源 {asset(db://assets/resources/texture/big/bg.jpg)} 与资源 {asset(db://assets/resources/texture/big/bg.png)} 的动态加载 URL 相同(texture/big/bg)，请调整目录结构来避免动态加载资源时出现异常。  
at NewConsole.warn (C:\ProgramData\cocos\editors\Creator\3.6.0\resources\app.asar\builtin\builder\dist\worker\console.ccc:1:1306)  
at o (C:\ProgramData\cocos\editors\Creator\3.6.0\resources\app.asar\builtin\builder\dist\worker\builder\setting-task\group.ccc:1:497)  
at C:\ProgramData\cocos\editors\Creator\3.6.0\resources\app.asar\builtin\builder\dist\worker\builder\setting-task\group.ccc:1:735  
at Array.forEach (<anonymous>)  
at BuildTask.handle (C:\ProgramData\cocos\editors\Creator\3.6.0\resources\app.asar\builtin\builder\dist\worker\builder\setting-task\group.ccc:1:618)  
at BuildTask.runBuildTask (C:\ProgramData\cocos\editors\Creator\3.6.0\resources\app.asar\builtin\builder\dist\worker\builder\index.ccc:1:7308)
2025-08-30T13:33:31.228Z - warn: [Build] 资源 {asset(db://assets/resources/texture/big/bg.jpg/texture)} 与资源 {asset(db://assets/resources/texture/big/bg.png/texture)} 的动态加载 URL 相同(texture/big/bg/texture)，请调整目录结构来避免动态加载资源时出现异常。[Build] 资源 {asset(db://assets/resources/texture/big/bg.jpg/texture)} 与资源 {asset(db://assets/resources/texture/big/bg.png/texture)} 的动态加载 URL 相同(texture/big/bg/texture)，请调整目录结构来避免动态加载资源时出现异常。  
at NewConsole.warn (C:\ProgramData\cocos\editors\Creator\3.6.0\resources\app.asar\builtin\builder\dist\worker\console.ccc:1:1306)  
at o (C:\ProgramData\cocos\editors\Creator\3.6.0\resources\app.asar\builtin\builder\dist\worker\builder\setting-task\group.ccc:1:497)  
at C:\ProgramData\cocos\editors\Creator\3.6.0\resources\app.asar\builtin\builder\dist\worker\builder\setting-task\group.ccc:1:735  
at Array.forEach (<anonymous>)  
at BuildTask.handle (C:\ProgramData\cocos\editors\Creator\3.6.0\resources\app.asar\builtin\builder\dist\worker\builder\setting-task\group.ccc:1:618)  
at BuildTask.runBuildTask (C:\ProgramData\cocos\editors\Creator\3.6.0\resources\app.asar\builtin\builder\dist\worker\builder\index.ccc:1:7308)
2025-08-30T13:33:31.228Z - warn: [Build] 资源 {asset(db://assets/resources/texture/big/bg.jpg/spriteFrame)} 与资源 {asset(db://assets/resources/texture/big/bg.png/spriteFrame)} 的动态加载 URL 相同(texture/big/bg/spriteFrame)，请调整目录结构来避免动态加载资源时出现异常。[Build] 资源 {asset(db://assets/resources/texture/big/bg.jpg/spriteFrame)} 与资源 {asset(db://assets/resources/texture/big/bg.png/spriteFrame)} 的动态加载 URL 相同(texture/big/bg/spriteFrame)，请调整目录结构来避免动态加载资源时出现异常。  
at NewConsole.warn (C:\ProgramData\cocos\editors\Creator\3.6.0\resources\app.asar\builtin\builder\dist\worker\console.ccc:1:1306)  
at o (C:\ProgramData\cocos\editors\Creator\3.6.0\resources\app.asar\builtin\builder\dist\worker\builder\setting-task\group.ccc:1:497)  
at C:\ProgramData\cocos\editors\Creator\3.6.0\resources\app.asar\builtin\builder\dist\worker\builder\setting-task\group.ccc:1:735  
at Array.forEach (<anonymous>)  
at BuildTask.handle (C:\ProgramData\cocos\editors\Creator\3.6.0\resources\app.asar\builtin\builder\dist\worker\builder\setting-task\group.ccc:1:618)  
at BuildTask.runBuildTask (C:\ProgramData\cocos\editors\Creator\3.6.0\resources\app.asar\builtin\builder\dist\worker\builder\index.ccc:1:7308)
2025-08-30T13:34:27.253Z - error: getImSetting failed
2025-08-30T13:34:36.947Z - error: [Scene] {hidden(::SceneExecutorImportExceptionHandler::)} ReferenceError: protobuf is not defined
    at factory (file:///D:/xuhang/guan_dan/temp/programming/packer-driver/targets/editor/chunks/8a/file:/D:/xuhang/guan_dan/assets/scripts/proto/gameMsg.js:5335:5)
    at CjsLoader._load (file:///D:/xuhang/guan_dan/temp/programming/packer-driver/targets/editor/chunks/e2/cce:/internal/ml/cjs-loader.mjs:78:9)
    at CjsLoader._tryModuleLoad (file:///D:/xuhang/guan_dan/temp/programming/packer-driver/targets/editor/chunks/e2/cce:/internal/ml/cjs-loader.mjs:63:18)
    at CjsLoader._require (file:///D:/xuhang/guan_dan/temp/programming/packer-driver/targets/editor/chunks/e2/cce:/internal/ml/cjs-loader.mjs:42:14)
    at CjsLoader.require (file:///D:/xuhang/guan_dan/temp/programming/packer-driver/targets/editor/chunks/e2/cce:/internal/ml/cjs-loader.mjs:27:21)
    at Object.execute (file:///D:/xuhang/guan_dan/temp/programming/packer-driver/targets/editor/chunks/ee/file:/D:/xuhang/guan_dan/assets/scripts/proto/gameMsg.mjs?cjs=&original=.js:7:8)
    at doExec (C:\ProgramData\cocos\editors\Creator\3.6.0\resources\app.asar\node_modules\@editor\lib-programming\static\executor\systemjs-bridge\out\index.js:517:30)
    at postOrderExec (C:\ProgramData\cocos\editors\Creator\3.6.0\resources\app.asar\node_modules\@editor\lib-programming\static\executor\systemjs-bridge\out\index.js:508:21)
    at C:\ProgramData\cocos\editors\Creator\3.6.0\resources\app.asar\node_modules\@editor\lib-programming\static\executor\systemjs-bridge\out\index.js:440:12
    at file:///D:/xuhang/guan_dan/temp/programming/packer-driver/targets/editor/chunks/04/cce:/internal/x/prerequisite-imports:8:13Error: [Scene] {hidden(::SceneExecutorImportExceptionHandler::)} ReferenceError: protobuf is not defined
    at CjsLoader._require (file:///D:/xuhang/guan_dan/temp/programming/packer-driver/targets/editor/chunks/e2/cce:/internal/ml/cjs-loader.mjs:42:14)
    at CjsLoader.require (file:///D:/xuhang/guan_dan/temp/programming/packer-driver/targets/editor/chunks/e2/cce:/internal/ml/cjs-loader.mjs:27:21)
    at Object.execute (file:///D:/xuhang/guan_dan/temp/programming/packer-driver/targets/editor/chunks/ee/file:/D:/xuhang/guan_dan/assets/scripts/proto/gameMsg.mjs?cjs=&original=.js:7:8)
    at doExec (C:\ProgramData\cocos\editors\Creator\3.6.0\resources\app.asar\node_modules\@editor\lib-programming\static\executor\systemjs-bridge\out\index.js:517:30)
    at postOrderExec (C:\ProgramData\cocos\editors\Creator\3.6.0\resources\app.asar\node_modules\@editor\lib-programming\static\executor\systemjs-bridge\out\index.js:508:21)
    at C:\ProgramData\cocos\editors\Creator\3.6.0\resources\app.asar\node_modules\@editor\lib-programming\static\executor\systemjs-bridge\out\index.js:440:12
    at file:///D:/xuhang/guan_dan/temp/programming/packer-driver/targets/editor/chunks/04/cce:/internal/x/prerequisite-imports:8:13
    at Logger._logHandler (C:\ProgramData\cocos\editors\Creator\3.6.0\resources\app.asar\builtin\scene\dist\script\3d\manager\startup\log.ccc:1:318)
    at Logger.record (C:\ProgramData\cocos\editors\Creator\3.6.0\resources\app.asar\node_modules\@base\electron-logger\lib\renderer.ccc:1:458)
    at console.error (C:\ProgramData\cocos\editors\Creator\3.6.0\resources\app.asar\node_modules\@base\electron-logger\lib\renderer.ccc:1:1414)
    at ScriptManager._handleImportException (C:\ProgramData\cocos\editors\Creator\3.6.0\resources\app.asar\builtin\scene\dist\script\3d\manager\scripts.ccc:1:5825)
    at Executor.importExceptionHandler [as _importExceptionHandler] (C:\ProgramData\cocos\editors\Creator\3.6.0\resources\app.asar\builtin\scene\dist\script\3d\manager\scripts.ccc:1:3509)
    at Executor._onModuleLoaded (C:\ProgramData\cocos\editors\Creator\3.6.0\resources\app.asar\node_modules\@editor\lib-programming\src\executor\index.ts:312:22)
    at SystemJS.onload (C:\ProgramData\cocos\editors\Creator\3.6.0\resources\app.asar\node_modules\@editor\lib-programming\src\executor\index.ts:73:18)
    at triggerOnload (C:\ProgramData\cocos\editors\Creator\3.6.0\resources\app.asar\node_modules\@editor\lib-programming\static\executor\systemjs-bridge\out\index.js:270:10)
    at doExec (C:\ProgramData\cocos\editors\Creator\3.6.0\resources\app.asar\node_modules\@editor\lib-programming\static\executor\systemjs-bridge\out\index.js:538:7)
    at postOrderExec (C:\ProgramData\cocos\editors\Creator\3.6.0\resources\app.asar\node_modules\@editor\lib-programming\static\executor\systemjs-bridge\out\index.js:508:21)
2025-08-30T13:34:37.821Z - warn: [Build] 资源 {asset(db://assets/resources/texture/big/bg.jpg)} 与资源 {asset(db://assets/resources/texture/big/bg.png)} 的动态加载 URL 相同(texture/big/bg)，请调整目录结构来避免动态加载资源时出现异常。[Build] 资源 {asset(db://assets/resources/texture/big/bg.jpg)} 与资源 {asset(db://assets/resources/texture/big/bg.png)} 的动态加载 URL 相同(texture/big/bg)，请调整目录结构来避免动态加载资源时出现异常。  
at NewConsole.warn (C:\ProgramData\cocos\editors\Creator\3.6.0\resources\app.asar\builtin\builder\dist\worker\console.ccc:1:1306)  
at o (C:\ProgramData\cocos\editors\Creator\3.6.0\resources\app.asar\builtin\builder\dist\worker\builder\setting-task\group.ccc:1:497)  
at C:\ProgramData\cocos\editors\Creator\3.6.0\resources\app.asar\builtin\builder\dist\worker\builder\setting-task\group.ccc:1:735  
at Array.forEach (<anonymous>)  
at BuildTask.handle (C:\ProgramData\cocos\editors\Creator\3.6.0\resources\app.asar\builtin\builder\dist\worker\builder\setting-task\group.ccc:1:618)  
at BuildTask.runBuildTask (C:\ProgramData\cocos\editors\Creator\3.6.0\resources\app.asar\builtin\builder\dist\worker\builder\index.ccc:1:7308)
2025-08-30T13:34:37.822Z - warn: [Build] 资源 {asset(db://assets/resources/texture/big/bg.jpg/texture)} 与资源 {asset(db://assets/resources/texture/big/bg.png/texture)} 的动态加载 URL 相同(texture/big/bg/texture)，请调整目录结构来避免动态加载资源时出现异常。[Build] 资源 {asset(db://assets/resources/texture/big/bg.jpg/texture)} 与资源 {asset(db://assets/resources/texture/big/bg.png/texture)} 的动态加载 URL 相同(texture/big/bg/texture)，请调整目录结构来避免动态加载资源时出现异常。  
at NewConsole.warn (C:\ProgramData\cocos\editors\Creator\3.6.0\resources\app.asar\builtin\builder\dist\worker\console.ccc:1:1306)  
at o (C:\ProgramData\cocos\editors\Creator\3.6.0\resources\app.asar\builtin\builder\dist\worker\builder\setting-task\group.ccc:1:497)  
at C:\ProgramData\cocos\editors\Creator\3.6.0\resources\app.asar\builtin\builder\dist\worker\builder\setting-task\group.ccc:1:735  
at Array.forEach (<anonymous>)  
at BuildTask.handle (C:\ProgramData\cocos\editors\Creator\3.6.0\resources\app.asar\builtin\builder\dist\worker\builder\setting-task\group.ccc:1:618)  
at BuildTask.runBuildTask (C:\ProgramData\cocos\editors\Creator\3.6.0\resources\app.asar\builtin\builder\dist\worker\builder\index.ccc:1:7308)
2025-08-30T13:34:37.822Z - warn: [Build] 资源 {asset(db://assets/resources/texture/big/bg.jpg/spriteFrame)} 与资源 {asset(db://assets/resources/texture/big/bg.png/spriteFrame)} 的动态加载 URL 相同(texture/big/bg/spriteFrame)，请调整目录结构来避免动态加载资源时出现异常。[Build] 资源 {asset(db://assets/resources/texture/big/bg.jpg/spriteFrame)} 与资源 {asset(db://assets/resources/texture/big/bg.png/spriteFrame)} 的动态加载 URL 相同(texture/big/bg/spriteFrame)，请调整目录结构来避免动态加载资源时出现异常。  
at NewConsole.warn (C:\ProgramData\cocos\editors\Creator\3.6.0\resources\app.asar\builtin\builder\dist\worker\console.ccc:1:1306)  
at o (C:\ProgramData\cocos\editors\Creator\3.6.0\resources\app.asar\builtin\builder\dist\worker\builder\setting-task\group.ccc:1:497)  
at C:\ProgramData\cocos\editors\Creator\3.6.0\resources\app.asar\builtin\builder\dist\worker\builder\setting-task\group.ccc:1:735  
at Array.forEach (<anonymous>)  
at BuildTask.handle (C:\ProgramData\cocos\editors\Creator\3.6.0\resources\app.asar\builtin\builder\dist\worker\builder\setting-task\group.ccc:1:618)  
at BuildTask.runBuildTask (C:\ProgramData\cocos\editors\Creator\3.6.0\resources\app.asar\builtin\builder\dist\worker\builder\index.ccc:1:7308)
2025-08-30T13:34:42.138Z - warn: [Build] 资源 {asset(db://assets/resources/texture/big/bg.jpg)} 与资源 {asset(db://assets/resources/texture/big/bg.png)} 的动态加载 URL 相同(texture/big/bg)，请调整目录结构来避免动态加载资源时出现异常。[Build] 资源 {asset(db://assets/resources/texture/big/bg.jpg)} 与资源 {asset(db://assets/resources/texture/big/bg.png)} 的动态加载 URL 相同(texture/big/bg)，请调整目录结构来避免动态加载资源时出现异常。  
at NewConsole.warn (C:\ProgramData\cocos\editors\Creator\3.6.0\resources\app.asar\builtin\builder\dist\worker\console.ccc:1:1306)  
at o (C:\ProgramData\cocos\editors\Creator\3.6.0\resources\app.asar\builtin\builder\dist\worker\builder\setting-task\group.ccc:1:497)  
at C:\ProgramData\cocos\editors\Creator\3.6.0\resources\app.asar\builtin\builder\dist\worker\builder\setting-task\group.ccc:1:735  
at Array.forEach (<anonymous>)  
at BuildTask.handle (C:\ProgramData\cocos\editors\Creator\3.6.0\resources\app.asar\builtin\builder\dist\worker\builder\setting-task\group.ccc:1:618)  
at BuildTask.runBuildTask (C:\ProgramData\cocos\editors\Creator\3.6.0\resources\app.asar\builtin\builder\dist\worker\builder\index.ccc:1:7308)
2025-08-30T13:34:42.138Z - warn: [Build] 资源 {asset(db://assets/resources/texture/big/bg.jpg/texture)} 与资源 {asset(db://assets/resources/texture/big/bg.png/texture)} 的动态加载 URL 相同(texture/big/bg/texture)，请调整目录结构来避免动态加载资源时出现异常。[Build] 资源 {asset(db://assets/resources/texture/big/bg.jpg/texture)} 与资源 {asset(db://assets/resources/texture/big/bg.png/texture)} 的动态加载 URL 相同(texture/big/bg/texture)，请调整目录结构来避免动态加载资源时出现异常。  
at NewConsole.warn (C:\ProgramData\cocos\editors\Creator\3.6.0\resources\app.asar\builtin\builder\dist\worker\console.ccc:1:1306)  
at o (C:\ProgramData\cocos\editors\Creator\3.6.0\resources\app.asar\builtin\builder\dist\worker\builder\setting-task\group.ccc:1:497)  
at C:\ProgramData\cocos\editors\Creator\3.6.0\resources\app.asar\builtin\builder\dist\worker\builder\setting-task\group.ccc:1:735  
at Array.forEach (<anonymous>)  
at BuildTask.handle (C:\ProgramData\cocos\editors\Creator\3.6.0\resources\app.asar\builtin\builder\dist\worker\builder\setting-task\group.ccc:1:618)  
at BuildTask.runBuildTask (C:\ProgramData\cocos\editors\Creator\3.6.0\resources\app.asar\builtin\builder\dist\worker\builder\index.ccc:1:7308)
2025-08-30T13:34:42.138Z - warn: [Build] 资源 {asset(db://assets/resources/texture/big/bg.jpg/spriteFrame)} 与资源 {asset(db://assets/resources/texture/big/bg.png/spriteFrame)} 的动态加载 URL 相同(texture/big/bg/spriteFrame)，请调整目录结构来避免动态加载资源时出现异常。[Build] 资源 {asset(db://assets/resources/texture/big/bg.jpg/spriteFrame)} 与资源 {asset(db://assets/resources/texture/big/bg.png/spriteFrame)} 的动态加载 URL 相同(texture/big/bg/spriteFrame)，请调整目录结构来避免动态加载资源时出现异常。  
at NewConsole.warn (C:\ProgramData\cocos\editors\Creator\3.6.0\resources\app.asar\builtin\builder\dist\worker\console.ccc:1:1306)  
at o (C:\ProgramData\cocos\editors\Creator\3.6.0\resources\app.asar\builtin\builder\dist\worker\builder\setting-task\group.ccc:1:497)  
at C:\ProgramData\cocos\editors\Creator\3.6.0\resources\app.asar\builtin\builder\dist\worker\builder\setting-task\group.ccc:1:735  
at Array.forEach (<anonymous>)  
at BuildTask.handle (C:\ProgramData\cocos\editors\Creator\3.6.0\resources\app.asar\builtin\builder\dist\worker\builder\setting-task\group.ccc:1:618)  
at BuildTask.runBuildTask (C:\ProgramData\cocos\editors\Creator\3.6.0\resources\app.asar\builtin\builder\dist\worker\builder\index.ccc:1:7308)
2025-08-30T13:35:20.465Z - warn: [Build] 资源 {asset(db://assets/resources/texture/big/bg.jpg)} 与资源 {asset(db://assets/resources/texture/big/bg.png)} 的动态加载 URL 相同(texture/big/bg)，请调整目录结构来避免动态加载资源时出现异常。[Build] 资源 {asset(db://assets/resources/texture/big/bg.jpg)} 与资源 {asset(db://assets/resources/texture/big/bg.png)} 的动态加载 URL 相同(texture/big/bg)，请调整目录结构来避免动态加载资源时出现异常。  
at NewConsole.warn (C:\ProgramData\cocos\editors\Creator\3.6.0\resources\app.asar\builtin\builder\dist\worker\console.ccc:1:1306)  
at o (C:\ProgramData\cocos\editors\Creator\3.6.0\resources\app.asar\builtin\builder\dist\worker\builder\setting-task\group.ccc:1:497)  
at C:\ProgramData\cocos\editors\Creator\3.6.0\resources\app.asar\builtin\builder\dist\worker\builder\setting-task\group.ccc:1:735  
at Array.forEach (<anonymous>)  
at BuildTask.handle (C:\ProgramData\cocos\editors\Creator\3.6.0\resources\app.asar\builtin\builder\dist\worker\builder\setting-task\group.ccc:1:618)  
at BuildTask.runBuildTask (C:\ProgramData\cocos\editors\Creator\3.6.0\resources\app.asar\builtin\builder\dist\worker\builder\index.ccc:1:7308)
2025-08-30T13:35:20.465Z - warn: [Build] 资源 {asset(db://assets/resources/texture/big/bg.jpg/texture)} 与资源 {asset(db://assets/resources/texture/big/bg.png/texture)} 的动态加载 URL 相同(texture/big/bg/texture)，请调整目录结构来避免动态加载资源时出现异常。[Build] 资源 {asset(db://assets/resources/texture/big/bg.jpg/texture)} 与资源 {asset(db://assets/resources/texture/big/bg.png/texture)} 的动态加载 URL 相同(texture/big/bg/texture)，请调整目录结构来避免动态加载资源时出现异常。  
at NewConsole.warn (C:\ProgramData\cocos\editors\Creator\3.6.0\resources\app.asar\builtin\builder\dist\worker\console.ccc:1:1306)  
at o (C:\ProgramData\cocos\editors\Creator\3.6.0\resources\app.asar\builtin\builder\dist\worker\builder\setting-task\group.ccc:1:497)  
at C:\ProgramData\cocos\editors\Creator\3.6.0\resources\app.asar\builtin\builder\dist\worker\builder\setting-task\group.ccc:1:735  
at Array.forEach (<anonymous>)  
at BuildTask.handle (C:\ProgramData\cocos\editors\Creator\3.6.0\resources\app.asar\builtin\builder\dist\worker\builder\setting-task\group.ccc:1:618)  
at BuildTask.runBuildTask (C:\ProgramData\cocos\editors\Creator\3.6.0\resources\app.asar\builtin\builder\dist\worker\builder\index.ccc:1:7308)
2025-08-30T13:35:20.465Z - warn: [Build] 资源 {asset(db://assets/resources/texture/big/bg.jpg/spriteFrame)} 与资源 {asset(db://assets/resources/texture/big/bg.png/spriteFrame)} 的动态加载 URL 相同(texture/big/bg/spriteFrame)，请调整目录结构来避免动态加载资源时出现异常。[Build] 资源 {asset(db://assets/resources/texture/big/bg.jpg/spriteFrame)} 与资源 {asset(db://assets/resources/texture/big/bg.png/spriteFrame)} 的动态加载 URL 相同(texture/big/bg/spriteFrame)，请调整目录结构来避免动态加载资源时出现异常。  
at NewConsole.warn (C:\ProgramData\cocos\editors\Creator\3.6.0\resources\app.asar\builtin\builder\dist\worker\console.ccc:1:1306)  
at o (C:\ProgramData\cocos\editors\Creator\3.6.0\resources\app.asar\builtin\builder\dist\worker\builder\setting-task\group.ccc:1:497)  
at C:\ProgramData\cocos\editors\Creator\3.6.0\resources\app.asar\builtin\builder\dist\worker\builder\setting-task\group.ccc:1:735  
at Array.forEach (<anonymous>)  
at BuildTask.handle (C:\ProgramData\cocos\editors\Creator\3.6.0\resources\app.asar\builtin\builder\dist\worker\builder\setting-task\group.ccc:1:618)  
at BuildTask.runBuildTask (C:\ProgramData\cocos\editors\Creator\3.6.0\resources\app.asar\builtin\builder\dist\worker\builder\index.ccc:1:7308)
2025-08-30T13:35:32.553Z - error: [Scene] {hidden(::SceneExecutorImportExceptionHandler::)} ReferenceError: protobuf is not defined
    at factory (file:///D:/xuhang/guan_dan/temp/programming/packer-driver/targets/editor/chunks/8a/file:/D:/xuhang/guan_dan/assets/scripts/proto/gameMsg.js:5335:5)
    at CjsLoader._load (file:///D:/xuhang/guan_dan/temp/programming/packer-driver/targets/editor/chunks/e2/cce:/internal/ml/cjs-loader.mjs:78:9)
    at CjsLoader._tryModuleLoad (file:///D:/xuhang/guan_dan/temp/programming/packer-driver/targets/editor/chunks/e2/cce:/internal/ml/cjs-loader.mjs:63:18)
    at CjsLoader._require (file:///D:/xuhang/guan_dan/temp/programming/packer-driver/targets/editor/chunks/e2/cce:/internal/ml/cjs-loader.mjs:42:14)
    at CjsLoader.require (file:///D:/xuhang/guan_dan/temp/programming/packer-driver/targets/editor/chunks/e2/cce:/internal/ml/cjs-loader.mjs:27:21)
    at Object.execute (file:///D:/xuhang/guan_dan/temp/programming/packer-driver/targets/editor/chunks/ee/file:/D:/xuhang/guan_dan/assets/scripts/proto/gameMsg.mjs?cjs=&original=.js:7:8)
    at doExec (C:\ProgramData\cocos\editors\Creator\3.6.0\resources\app.asar\node_modules\@editor\lib-programming\static\executor\systemjs-bridge\out\index.js:517:30)
    at postOrderExec (C:\ProgramData\cocos\editors\Creator\3.6.0\resources\app.asar\node_modules\@editor\lib-programming\static\executor\systemjs-bridge\out\index.js:508:21)
    at C:\ProgramData\cocos\editors\Creator\3.6.0\resources\app.asar\node_modules\@editor\lib-programming\static\executor\systemjs-bridge\out\index.js:440:12
    at file:///D:/xuhang/guan_dan/temp/programming/packer-driver/targets/editor/chunks/04/cce:/internal/x/prerequisite-imports:8:13Error: [Scene] {hidden(::SceneExecutorImportExceptionHandler::)} ReferenceError: protobuf is not defined
    at CjsLoader._require (file:///D:/xuhang/guan_dan/temp/programming/packer-driver/targets/editor/chunks/e2/cce:/internal/ml/cjs-loader.mjs:42:14)
    at CjsLoader.require (file:///D:/xuhang/guan_dan/temp/programming/packer-driver/targets/editor/chunks/e2/cce:/internal/ml/cjs-loader.mjs:27:21)
    at Object.execute (file:///D:/xuhang/guan_dan/temp/programming/packer-driver/targets/editor/chunks/ee/file:/D:/xuhang/guan_dan/assets/scripts/proto/gameMsg.mjs?cjs=&original=.js:7:8)
    at doExec (C:\ProgramData\cocos\editors\Creator\3.6.0\resources\app.asar\node_modules\@editor\lib-programming\static\executor\systemjs-bridge\out\index.js:517:30)
    at postOrderExec (C:\ProgramData\cocos\editors\Creator\3.6.0\resources\app.asar\node_modules\@editor\lib-programming\static\executor\systemjs-bridge\out\index.js:508:21)
    at C:\ProgramData\cocos\editors\Creator\3.6.0\resources\app.asar\node_modules\@editor\lib-programming\static\executor\systemjs-bridge\out\index.js:440:12
    at file:///D:/xuhang/guan_dan/temp/programming/packer-driver/targets/editor/chunks/04/cce:/internal/x/prerequisite-imports:8:13
    at Logger._logHandler (C:\ProgramData\cocos\editors\Creator\3.6.0\resources\app.asar\builtin\scene\dist\script\3d\manager\startup\log.ccc:1:318)
    at Logger.record (C:\ProgramData\cocos\editors\Creator\3.6.0\resources\app.asar\node_modules\@base\electron-logger\lib\renderer.ccc:1:458)
    at console.error (C:\ProgramData\cocos\editors\Creator\3.6.0\resources\app.asar\node_modules\@base\electron-logger\lib\renderer.ccc:1:1414)
    at ScriptManager._handleImportException (C:\ProgramData\cocos\editors\Creator\3.6.0\resources\app.asar\builtin\scene\dist\script\3d\manager\scripts.ccc:1:5825)
    at Executor.importExceptionHandler [as _importExceptionHandler] (C:\ProgramData\cocos\editors\Creator\3.6.0\resources\app.asar\builtin\scene\dist\script\3d\manager\scripts.ccc:1:3509)
    at Executor._onModuleLoaded (C:\ProgramData\cocos\editors\Creator\3.6.0\resources\app.asar\node_modules\@editor\lib-programming\src\executor\index.ts:312:22)
    at SystemJS.onload (C:\ProgramData\cocos\editors\Creator\3.6.0\resources\app.asar\node_modules\@editor\lib-programming\src\executor\index.ts:73:18)
    at triggerOnload (C:\ProgramData\cocos\editors\Creator\3.6.0\resources\app.asar\node_modules\@editor\lib-programming\static\executor\systemjs-bridge\out\index.js:270:10)
    at doExec (C:\ProgramData\cocos\editors\Creator\3.6.0\resources\app.asar\node_modules\@editor\lib-programming\static\executor\systemjs-bridge\out\index.js:538:7)
    at postOrderExec (C:\ProgramData\cocos\editors\Creator\3.6.0\resources\app.asar\node_modules\@editor\lib-programming\static\executor\systemjs-bridge\out\index.js:508:21)
2025-08-30T13:35:33.691Z - warn: [Build] 资源 {asset(db://assets/resources/texture/big/bg.jpg)} 与资源 {asset(db://assets/resources/texture/big/bg.png)} 的动态加载 URL 相同(texture/big/bg)，请调整目录结构来避免动态加载资源时出现异常。[Build] 资源 {asset(db://assets/resources/texture/big/bg.jpg)} 与资源 {asset(db://assets/resources/texture/big/bg.png)} 的动态加载 URL 相同(texture/big/bg)，请调整目录结构来避免动态加载资源时出现异常。  
at NewConsole.warn (C:\ProgramData\cocos\editors\Creator\3.6.0\resources\app.asar\builtin\builder\dist\worker\console.ccc:1:1306)  
at o (C:\ProgramData\cocos\editors\Creator\3.6.0\resources\app.asar\builtin\builder\dist\worker\builder\setting-task\group.ccc:1:497)  
at C:\ProgramData\cocos\editors\Creator\3.6.0\resources\app.asar\builtin\builder\dist\worker\builder\setting-task\group.ccc:1:735  
at Array.forEach (<anonymous>)  
at BuildTask.handle (C:\ProgramData\cocos\editors\Creator\3.6.0\resources\app.asar\builtin\builder\dist\worker\builder\setting-task\group.ccc:1:618)  
at BuildTask.runBuildTask (C:\ProgramData\cocos\editors\Creator\3.6.0\resources\app.asar\builtin\builder\dist\worker\builder\index.ccc:1:7308)
2025-08-30T13:35:33.692Z - warn: [Build] 资源 {asset(db://assets/resources/texture/big/bg.jpg/texture)} 与资源 {asset(db://assets/resources/texture/big/bg.png/texture)} 的动态加载 URL 相同(texture/big/bg/texture)，请调整目录结构来避免动态加载资源时出现异常。[Build] 资源 {asset(db://assets/resources/texture/big/bg.jpg/texture)} 与资源 {asset(db://assets/resources/texture/big/bg.png/texture)} 的动态加载 URL 相同(texture/big/bg/texture)，请调整目录结构来避免动态加载资源时出现异常。  
at NewConsole.warn (C:\ProgramData\cocos\editors\Creator\3.6.0\resources\app.asar\builtin\builder\dist\worker\console.ccc:1:1306)  
at o (C:\ProgramData\cocos\editors\Creator\3.6.0\resources\app.asar\builtin\builder\dist\worker\builder\setting-task\group.ccc:1:497)  
at C:\ProgramData\cocos\editors\Creator\3.6.0\resources\app.asar\builtin\builder\dist\worker\builder\setting-task\group.ccc:1:735  
at Array.forEach (<anonymous>)  
at BuildTask.handle (C:\ProgramData\cocos\editors\Creator\3.6.0\resources\app.asar\builtin\builder\dist\worker\builder\setting-task\group.ccc:1:618)  
at BuildTask.runBuildTask (C:\ProgramData\cocos\editors\Creator\3.6.0\resources\app.asar\builtin\builder\dist\worker\builder\index.ccc:1:7308)
2025-08-30T13:35:33.692Z - warn: [Build] 资源 {asset(db://assets/resources/texture/big/bg.jpg/spriteFrame)} 与资源 {asset(db://assets/resources/texture/big/bg.png/spriteFrame)} 的动态加载 URL 相同(texture/big/bg/spriteFrame)，请调整目录结构来避免动态加载资源时出现异常。[Build] 资源 {asset(db://assets/resources/texture/big/bg.jpg/spriteFrame)} 与资源 {asset(db://assets/resources/texture/big/bg.png/spriteFrame)} 的动态加载 URL 相同(texture/big/bg/spriteFrame)，请调整目录结构来避免动态加载资源时出现异常。  
at NewConsole.warn (C:\ProgramData\cocos\editors\Creator\3.6.0\resources\app.asar\builtin\builder\dist\worker\console.ccc:1:1306)  
at o (C:\ProgramData\cocos\editors\Creator\3.6.0\resources\app.asar\builtin\builder\dist\worker\builder\setting-task\group.ccc:1:497)  
at C:\ProgramData\cocos\editors\Creator\3.6.0\resources\app.asar\builtin\builder\dist\worker\builder\setting-task\group.ccc:1:735  
at Array.forEach (<anonymous>)  
at BuildTask.handle (C:\ProgramData\cocos\editors\Creator\3.6.0\resources\app.asar\builtin\builder\dist\worker\builder\setting-task\group.ccc:1:618)  
at BuildTask.runBuildTask (C:\ProgramData\cocos\editors\Creator\3.6.0\resources\app.asar\builtin\builder\dist\worker\builder\index.ccc:1:7308)
2025-08-30T13:35:36.517Z - warn: [Build] 资源 {asset(db://assets/resources/texture/big/bg.jpg)} 与资源 {asset(db://assets/resources/texture/big/bg.png)} 的动态加载 URL 相同(texture/big/bg)，请调整目录结构来避免动态加载资源时出现异常。[Build] 资源 {asset(db://assets/resources/texture/big/bg.jpg)} 与资源 {asset(db://assets/resources/texture/big/bg.png)} 的动态加载 URL 相同(texture/big/bg)，请调整目录结构来避免动态加载资源时出现异常。  
at NewConsole.warn (C:\ProgramData\cocos\editors\Creator\3.6.0\resources\app.asar\builtin\builder\dist\worker\console.ccc:1:1306)  
at o (C:\ProgramData\cocos\editors\Creator\3.6.0\resources\app.asar\builtin\builder\dist\worker\builder\setting-task\group.ccc:1:497)  
at C:\ProgramData\cocos\editors\Creator\3.6.0\resources\app.asar\builtin\builder\dist\worker\builder\setting-task\group.ccc:1:735  
at Array.forEach (<anonymous>)  
at BuildTask.handle (C:\ProgramData\cocos\editors\Creator\3.6.0\resources\app.asar\builtin\builder\dist\worker\builder\setting-task\group.ccc:1:618)  
at BuildTask.runBuildTask (C:\ProgramData\cocos\editors\Creator\3.6.0\resources\app.asar\builtin\builder\dist\worker\builder\index.ccc:1:7308)
2025-08-30T13:35:36.517Z - warn: [Build] 资源 {asset(db://assets/resources/texture/big/bg.jpg/texture)} 与资源 {asset(db://assets/resources/texture/big/bg.png/texture)} 的动态加载 URL 相同(texture/big/bg/texture)，请调整目录结构来避免动态加载资源时出现异常。[Build] 资源 {asset(db://assets/resources/texture/big/bg.jpg/texture)} 与资源 {asset(db://assets/resources/texture/big/bg.png/texture)} 的动态加载 URL 相同(texture/big/bg/texture)，请调整目录结构来避免动态加载资源时出现异常。  
at NewConsole.warn (C:\ProgramData\cocos\editors\Creator\3.6.0\resources\app.asar\builtin\builder\dist\worker\console.ccc:1:1306)  
at o (C:\ProgramData\cocos\editors\Creator\3.6.0\resources\app.asar\builtin\builder\dist\worker\builder\setting-task\group.ccc:1:497)  
at C:\ProgramData\cocos\editors\Creator\3.6.0\resources\app.asar\builtin\builder\dist\worker\builder\setting-task\group.ccc:1:735  
at Array.forEach (<anonymous>)  
at BuildTask.handle (C:\ProgramData\cocos\editors\Creator\3.6.0\resources\app.asar\builtin\builder\dist\worker\builder\setting-task\group.ccc:1:618)  
at BuildTask.runBuildTask (C:\ProgramData\cocos\editors\Creator\3.6.0\resources\app.asar\builtin\builder\dist\worker\builder\index.ccc:1:7308)
2025-08-30T13:35:36.517Z - warn: [Build] 资源 {asset(db://assets/resources/texture/big/bg.jpg/spriteFrame)} 与资源 {asset(db://assets/resources/texture/big/bg.png/spriteFrame)} 的动态加载 URL 相同(texture/big/bg/spriteFrame)，请调整目录结构来避免动态加载资源时出现异常。[Build] 资源 {asset(db://assets/resources/texture/big/bg.jpg/spriteFrame)} 与资源 {asset(db://assets/resources/texture/big/bg.png/spriteFrame)} 的动态加载 URL 相同(texture/big/bg/spriteFrame)，请调整目录结构来避免动态加载资源时出现异常。  
at NewConsole.warn (C:\ProgramData\cocos\editors\Creator\3.6.0\resources\app.asar\builtin\builder\dist\worker\console.ccc:1:1306)  
at o (C:\ProgramData\cocos\editors\Creator\3.6.0\resources\app.asar\builtin\builder\dist\worker\builder\setting-task\group.ccc:1:497)  
at C:\ProgramData\cocos\editors\Creator\3.6.0\resources\app.asar\builtin\builder\dist\worker\builder\setting-task\group.ccc:1:735  
at Array.forEach (<anonymous>)  
at BuildTask.handle (C:\ProgramData\cocos\editors\Creator\3.6.0\resources\app.asar\builtin\builder\dist\worker\builder\setting-task\group.ccc:1:618)  
at BuildTask.runBuildTask (C:\ProgramData\cocos\editors\Creator\3.6.0\resources\app.asar\builtin\builder\dist\worker\builder\index.ccc:1:7308)
2025-08-30T13:36:10.145Z - error: [Scene] {hidden(::SceneExecutorImportExceptionHandler::)} ReferenceError: protobuf is not defined
    at factory (file:///D:/xuhang/guan_dan/temp/programming/packer-driver/targets/editor/chunks/8a/file:/D:/xuhang/guan_dan/assets/scripts/proto/gameMsg.js:5335:5)
    at CjsLoader._load (file:///D:/xuhang/guan_dan/temp/programming/packer-driver/targets/editor/chunks/e2/cce:/internal/ml/cjs-loader.mjs:78:9)
    at CjsLoader._tryModuleLoad (file:///D:/xuhang/guan_dan/temp/programming/packer-driver/targets/editor/chunks/e2/cce:/internal/ml/cjs-loader.mjs:63:18)
    at CjsLoader._require (file:///D:/xuhang/guan_dan/temp/programming/packer-driver/targets/editor/chunks/e2/cce:/internal/ml/cjs-loader.mjs:42:14)
    at CjsLoader.require (file:///D:/xuhang/guan_dan/temp/programming/packer-driver/targets/editor/chunks/e2/cce:/internal/ml/cjs-loader.mjs:27:21)
    at Object.execute (file:///D:/xuhang/guan_dan/temp/programming/packer-driver/targets/editor/chunks/ee/file:/D:/xuhang/guan_dan/assets/scripts/proto/gameMsg.mjs?cjs=&original=.js:7:8)
    at doExec (C:\ProgramData\cocos\editors\Creator\3.6.0\resources\app.asar\node_modules\@editor\lib-programming\static\executor\systemjs-bridge\out\index.js:517:30)
    at postOrderExec (C:\ProgramData\cocos\editors\Creator\3.6.0\resources\app.asar\node_modules\@editor\lib-programming\static\executor\systemjs-bridge\out\index.js:508:21)
    at C:\ProgramData\cocos\editors\Creator\3.6.0\resources\app.asar\node_modules\@editor\lib-programming\static\executor\systemjs-bridge\out\index.js:440:12
    at file:///D:/xuhang/guan_dan/temp/programming/packer-driver/targets/editor/chunks/04/cce:/internal/x/prerequisite-imports:8:13Error: [Scene] {hidden(::SceneExecutorImportExceptionHandler::)} ReferenceError: protobuf is not defined
    at CjsLoader._require (file:///D:/xuhang/guan_dan/temp/programming/packer-driver/targets/editor/chunks/e2/cce:/internal/ml/cjs-loader.mjs:42:14)
    at CjsLoader.require (file:///D:/xuhang/guan_dan/temp/programming/packer-driver/targets/editor/chunks/e2/cce:/internal/ml/cjs-loader.mjs:27:21)
    at Object.execute (file:///D:/xuhang/guan_dan/temp/programming/packer-driver/targets/editor/chunks/ee/file:/D:/xuhang/guan_dan/assets/scripts/proto/gameMsg.mjs?cjs=&original=.js:7:8)
    at doExec (C:\ProgramData\cocos\editors\Creator\3.6.0\resources\app.asar\node_modules\@editor\lib-programming\static\executor\systemjs-bridge\out\index.js:517:30)
    at postOrderExec (C:\ProgramData\cocos\editors\Creator\3.6.0\resources\app.asar\node_modules\@editor\lib-programming\static\executor\systemjs-bridge\out\index.js:508:21)
    at C:\ProgramData\cocos\editors\Creator\3.6.0\resources\app.asar\node_modules\@editor\lib-programming\static\executor\systemjs-bridge\out\index.js:440:12
    at file:///D:/xuhang/guan_dan/temp/programming/packer-driver/targets/editor/chunks/04/cce:/internal/x/prerequisite-imports:8:13
    at Logger._logHandler (C:\ProgramData\cocos\editors\Creator\3.6.0\resources\app.asar\builtin\scene\dist\script\3d\manager\startup\log.ccc:1:318)
    at Logger.record (C:\ProgramData\cocos\editors\Creator\3.6.0\resources\app.asar\node_modules\@base\electron-logger\lib\renderer.ccc:1:458)
    at console.error (C:\ProgramData\cocos\editors\Creator\3.6.0\resources\app.asar\node_modules\@base\electron-logger\lib\renderer.ccc:1:1414)
    at ScriptManager._handleImportException (C:\ProgramData\cocos\editors\Creator\3.6.0\resources\app.asar\builtin\scene\dist\script\3d\manager\scripts.ccc:1:5825)
    at Executor.importExceptionHandler [as _importExceptionHandler] (C:\ProgramData\cocos\editors\Creator\3.6.0\resources\app.asar\builtin\scene\dist\script\3d\manager\scripts.ccc:1:3509)
    at Executor._onModuleLoaded (C:\ProgramData\cocos\editors\Creator\3.6.0\resources\app.asar\node_modules\@editor\lib-programming\src\executor\index.ts:312:22)
    at SystemJS.onload (C:\ProgramData\cocos\editors\Creator\3.6.0\resources\app.asar\node_modules\@editor\lib-programming\src\executor\index.ts:73:18)
    at triggerOnload (C:\ProgramData\cocos\editors\Creator\3.6.0\resources\app.asar\node_modules\@editor\lib-programming\static\executor\systemjs-bridge\out\index.js:270:10)
    at doExec (C:\ProgramData\cocos\editors\Creator\3.6.0\resources\app.asar\node_modules\@editor\lib-programming\static\executor\systemjs-bridge\out\index.js:538:7)
    at postOrderExec (C:\ProgramData\cocos\editors\Creator\3.6.0\resources\app.asar\node_modules\@editor\lib-programming\static\executor\systemjs-bridge\out\index.js:508:21)
2025-08-30T13:36:10.913Z - warn: [Build] 资源 {asset(db://assets/resources/texture/big/bg.jpg)} 与资源 {asset(db://assets/resources/texture/big/bg.png)} 的动态加载 URL 相同(texture/big/bg)，请调整目录结构来避免动态加载资源时出现异常。[Build] 资源 {asset(db://assets/resources/texture/big/bg.jpg)} 与资源 {asset(db://assets/resources/texture/big/bg.png)} 的动态加载 URL 相同(texture/big/bg)，请调整目录结构来避免动态加载资源时出现异常。  
at NewConsole.warn (C:\ProgramData\cocos\editors\Creator\3.6.0\resources\app.asar\builtin\builder\dist\worker\console.ccc:1:1306)  
at o (C:\ProgramData\cocos\editors\Creator\3.6.0\resources\app.asar\builtin\builder\dist\worker\builder\setting-task\group.ccc:1:497)  
at C:\ProgramData\cocos\editors\Creator\3.6.0\resources\app.asar\builtin\builder\dist\worker\builder\setting-task\group.ccc:1:735  
at Array.forEach (<anonymous>)  
at BuildTask.handle (C:\ProgramData\cocos\editors\Creator\3.6.0\resources\app.asar\builtin\builder\dist\worker\builder\setting-task\group.ccc:1:618)  
at BuildTask.runBuildTask (C:\ProgramData\cocos\editors\Creator\3.6.0\resources\app.asar\builtin\builder\dist\worker\builder\index.ccc:1:7308)
2025-08-30T13:36:10.914Z - warn: [Build] 资源 {asset(db://assets/resources/texture/big/bg.jpg/texture)} 与资源 {asset(db://assets/resources/texture/big/bg.png/texture)} 的动态加载 URL 相同(texture/big/bg/texture)，请调整目录结构来避免动态加载资源时出现异常。[Build] 资源 {asset(db://assets/resources/texture/big/bg.jpg/texture)} 与资源 {asset(db://assets/resources/texture/big/bg.png/texture)} 的动态加载 URL 相同(texture/big/bg/texture)，请调整目录结构来避免动态加载资源时出现异常。  
at NewConsole.warn (C:\ProgramData\cocos\editors\Creator\3.6.0\resources\app.asar\builtin\builder\dist\worker\console.ccc:1:1306)  
at o (C:\ProgramData\cocos\editors\Creator\3.6.0\resources\app.asar\builtin\builder\dist\worker\builder\setting-task\group.ccc:1:497)  
at C:\ProgramData\cocos\editors\Creator\3.6.0\resources\app.asar\builtin\builder\dist\worker\builder\setting-task\group.ccc:1:735  
at Array.forEach (<anonymous>)  
at BuildTask.handle (C:\ProgramData\cocos\editors\Creator\3.6.0\resources\app.asar\builtin\builder\dist\worker\builder\setting-task\group.ccc:1:618)  
at BuildTask.runBuildTask (C:\ProgramData\cocos\editors\Creator\3.6.0\resources\app.asar\builtin\builder\dist\worker\builder\index.ccc:1:7308)
2025-08-30T13:36:10.914Z - warn: [Build] 资源 {asset(db://assets/resources/texture/big/bg.jpg/spriteFrame)} 与资源 {asset(db://assets/resources/texture/big/bg.png/spriteFrame)} 的动态加载 URL 相同(texture/big/bg/spriteFrame)，请调整目录结构来避免动态加载资源时出现异常。[Build] 资源 {asset(db://assets/resources/texture/big/bg.jpg/spriteFrame)} 与资源 {asset(db://assets/resources/texture/big/bg.png/spriteFrame)} 的动态加载 URL 相同(texture/big/bg/spriteFrame)，请调整目录结构来避免动态加载资源时出现异常。  
at NewConsole.warn (C:\ProgramData\cocos\editors\Creator\3.6.0\resources\app.asar\builtin\builder\dist\worker\console.ccc:1:1306)  
at o (C:\ProgramData\cocos\editors\Creator\3.6.0\resources\app.asar\builtin\builder\dist\worker\builder\setting-task\group.ccc:1:497)  
at C:\ProgramData\cocos\editors\Creator\3.6.0\resources\app.asar\builtin\builder\dist\worker\builder\setting-task\group.ccc:1:735  
at Array.forEach (<anonymous>)  
at BuildTask.handle (C:\ProgramData\cocos\editors\Creator\3.6.0\resources\app.asar\builtin\builder\dist\worker\builder\setting-task\group.ccc:1:618)  
at BuildTask.runBuildTask (C:\ProgramData\cocos\editors\Creator\3.6.0\resources\app.asar\builtin\builder\dist\worker\builder\index.ccc:1:7308)
2025-08-30T13:36:37.628Z - error: [Scene] {hidden(::SceneExecutorImportExceptionHandler::)} ReferenceError: protobuf is not defined
    at factory (file:///D:/xuhang/guan_dan/temp/programming/packer-driver/targets/editor/chunks/8a/file:/D:/xuhang/guan_dan/assets/scripts/proto/gameMsg.js:5335:5)
    at CjsLoader._load (file:///D:/xuhang/guan_dan/temp/programming/packer-driver/targets/editor/chunks/e2/cce:/internal/ml/cjs-loader.mjs:78:9)
    at CjsLoader._tryModuleLoad (file:///D:/xuhang/guan_dan/temp/programming/packer-driver/targets/editor/chunks/e2/cce:/internal/ml/cjs-loader.mjs:63:18)
    at CjsLoader._require (file:///D:/xuhang/guan_dan/temp/programming/packer-driver/targets/editor/chunks/e2/cce:/internal/ml/cjs-loader.mjs:42:14)
    at CjsLoader.require (file:///D:/xuhang/guan_dan/temp/programming/packer-driver/targets/editor/chunks/e2/cce:/internal/ml/cjs-loader.mjs:27:21)
    at Object.execute (file:///D:/xuhang/guan_dan/temp/programming/packer-driver/targets/editor/chunks/ee/file:/D:/xuhang/guan_dan/assets/scripts/proto/gameMsg.mjs?cjs=&original=.js:7:8)
    at doExec (C:\ProgramData\cocos\editors\Creator\3.6.0\resources\app.asar\node_modules\@editor\lib-programming\static\executor\systemjs-bridge\out\index.js:517:30)
    at postOrderExec (C:\ProgramData\cocos\editors\Creator\3.6.0\resources\app.asar\node_modules\@editor\lib-programming\static\executor\systemjs-bridge\out\index.js:508:21)
    at C:\ProgramData\cocos\editors\Creator\3.6.0\resources\app.asar\node_modules\@editor\lib-programming\static\executor\systemjs-bridge\out\index.js:440:12
    at file:///D:/xuhang/guan_dan/temp/programming/packer-driver/targets/editor/chunks/04/cce:/internal/x/prerequisite-imports:8:13Error: [Scene] {hidden(::SceneExecutorImportExceptionHandler::)} ReferenceError: protobuf is not defined
    at CjsLoader._require (file:///D:/xuhang/guan_dan/temp/programming/packer-driver/targets/editor/chunks/e2/cce:/internal/ml/cjs-loader.mjs:42:14)
    at CjsLoader.require (file:///D:/xuhang/guan_dan/temp/programming/packer-driver/targets/editor/chunks/e2/cce:/internal/ml/cjs-loader.mjs:27:21)
    at Object.execute (file:///D:/xuhang/guan_dan/temp/programming/packer-driver/targets/editor/chunks/ee/file:/D:/xuhang/guan_dan/assets/scripts/proto/gameMsg.mjs?cjs=&original=.js:7:8)
    at doExec (C:\ProgramData\cocos\editors\Creator\3.6.0\resources\app.asar\node_modules\@editor\lib-programming\static\executor\systemjs-bridge\out\index.js:517:30)
    at postOrderExec (C:\ProgramData\cocos\editors\Creator\3.6.0\resources\app.asar\node_modules\@editor\lib-programming\static\executor\systemjs-bridge\out\index.js:508:21)
    at C:\ProgramData\cocos\editors\Creator\3.6.0\resources\app.asar\node_modules\@editor\lib-programming\static\executor\systemjs-bridge\out\index.js:440:12
    at file:///D:/xuhang/guan_dan/temp/programming/packer-driver/targets/editor/chunks/04/cce:/internal/x/prerequisite-imports:8:13
    at Logger._logHandler (C:\ProgramData\cocos\editors\Creator\3.6.0\resources\app.asar\builtin\scene\dist\script\3d\manager\startup\log.ccc:1:318)
    at Logger.record (C:\ProgramData\cocos\editors\Creator\3.6.0\resources\app.asar\node_modules\@base\electron-logger\lib\renderer.ccc:1:458)
    at console.error (C:\ProgramData\cocos\editors\Creator\3.6.0\resources\app.asar\node_modules\@base\electron-logger\lib\renderer.ccc:1:1414)
    at ScriptManager._handleImportException (C:\ProgramData\cocos\editors\Creator\3.6.0\resources\app.asar\builtin\scene\dist\script\3d\manager\scripts.ccc:1:5825)
    at Executor.importExceptionHandler [as _importExceptionHandler] (C:\ProgramData\cocos\editors\Creator\3.6.0\resources\app.asar\builtin\scene\dist\script\3d\manager\scripts.ccc:1:3509)
    at Executor._onModuleLoaded (C:\ProgramData\cocos\editors\Creator\3.6.0\resources\app.asar\node_modules\@editor\lib-programming\src\executor\index.ts:312:22)
    at SystemJS.onload (C:\ProgramData\cocos\editors\Creator\3.6.0\resources\app.asar\node_modules\@editor\lib-programming\src\executor\index.ts:73:18)
    at triggerOnload (C:\ProgramData\cocos\editors\Creator\3.6.0\resources\app.asar\node_modules\@editor\lib-programming\static\executor\systemjs-bridge\out\index.js:270:10)
    at doExec (C:\ProgramData\cocos\editors\Creator\3.6.0\resources\app.asar\node_modules\@editor\lib-programming\static\executor\systemjs-bridge\out\index.js:538:7)
    at postOrderExec (C:\ProgramData\cocos\editors\Creator\3.6.0\resources\app.asar\node_modules\@editor\lib-programming\static\executor\systemjs-bridge\out\index.js:508:21)
2025-08-30T13:36:38.452Z - warn: [Build] 资源 {asset(db://assets/resources/texture/big/bg.jpg)} 与资源 {asset(db://assets/resources/texture/big/bg.png)} 的动态加载 URL 相同(texture/big/bg)，请调整目录结构来避免动态加载资源时出现异常。[Build] 资源 {asset(db://assets/resources/texture/big/bg.jpg)} 与资源 {asset(db://assets/resources/texture/big/bg.png)} 的动态加载 URL 相同(texture/big/bg)，请调整目录结构来避免动态加载资源时出现异常。  
at NewConsole.warn (C:\ProgramData\cocos\editors\Creator\3.6.0\resources\app.asar\builtin\builder\dist\worker\console.ccc:1:1306)  
at o (C:\ProgramData\cocos\editors\Creator\3.6.0\resources\app.asar\builtin\builder\dist\worker\builder\setting-task\group.ccc:1:497)  
at C:\ProgramData\cocos\editors\Creator\3.6.0\resources\app.asar\builtin\builder\dist\worker\builder\setting-task\group.ccc:1:735  
at Array.forEach (<anonymous>)  
at BuildTask.handle (C:\ProgramData\cocos\editors\Creator\3.6.0\resources\app.asar\builtin\builder\dist\worker\builder\setting-task\group.ccc:1:618)  
at BuildTask.runBuildTask (C:\ProgramData\cocos\editors\Creator\3.6.0\resources\app.asar\builtin\builder\dist\worker\builder\index.ccc:1:7308)
2025-08-30T13:36:38.453Z - warn: [Build] 资源 {asset(db://assets/resources/texture/big/bg.jpg/texture)} 与资源 {asset(db://assets/resources/texture/big/bg.png/texture)} 的动态加载 URL 相同(texture/big/bg/texture)，请调整目录结构来避免动态加载资源时出现异常。[Build] 资源 {asset(db://assets/resources/texture/big/bg.jpg/texture)} 与资源 {asset(db://assets/resources/texture/big/bg.png/texture)} 的动态加载 URL 相同(texture/big/bg/texture)，请调整目录结构来避免动态加载资源时出现异常。  
at NewConsole.warn (C:\ProgramData\cocos\editors\Creator\3.6.0\resources\app.asar\builtin\builder\dist\worker\console.ccc:1:1306)  
at o (C:\ProgramData\cocos\editors\Creator\3.6.0\resources\app.asar\builtin\builder\dist\worker\builder\setting-task\group.ccc:1:497)  
at C:\ProgramData\cocos\editors\Creator\3.6.0\resources\app.asar\builtin\builder\dist\worker\builder\setting-task\group.ccc:1:735  
at Array.forEach (<anonymous>)  
at BuildTask.handle (C:\ProgramData\cocos\editors\Creator\3.6.0\resources\app.asar\builtin\builder\dist\worker\builder\setting-task\group.ccc:1:618)  
at BuildTask.runBuildTask (C:\ProgramData\cocos\editors\Creator\3.6.0\resources\app.asar\builtin\builder\dist\worker\builder\index.ccc:1:7308)
2025-08-30T13:36:38.453Z - warn: [Build] 资源 {asset(db://assets/resources/texture/big/bg.jpg/spriteFrame)} 与资源 {asset(db://assets/resources/texture/big/bg.png/spriteFrame)} 的动态加载 URL 相同(texture/big/bg/spriteFrame)，请调整目录结构来避免动态加载资源时出现异常。[Build] 资源 {asset(db://assets/resources/texture/big/bg.jpg/spriteFrame)} 与资源 {asset(db://assets/resources/texture/big/bg.png/spriteFrame)} 的动态加载 URL 相同(texture/big/bg/spriteFrame)，请调整目录结构来避免动态加载资源时出现异常。  
at NewConsole.warn (C:\ProgramData\cocos\editors\Creator\3.6.0\resources\app.asar\builtin\builder\dist\worker\console.ccc:1:1306)  
at o (C:\ProgramData\cocos\editors\Creator\3.6.0\resources\app.asar\builtin\builder\dist\worker\builder\setting-task\group.ccc:1:497)  
at C:\ProgramData\cocos\editors\Creator\3.6.0\resources\app.asar\builtin\builder\dist\worker\builder\setting-task\group.ccc:1:735  
at Array.forEach (<anonymous>)  
at BuildTask.handle (C:\ProgramData\cocos\editors\Creator\3.6.0\resources\app.asar\builtin\builder\dist\worker\builder\setting-task\group.ccc:1:618)  
at BuildTask.runBuildTask (C:\ProgramData\cocos\editors\Creator\3.6.0\resources\app.asar\builtin\builder\dist\worker\builder\index.ccc:1:7308)
2025-08-30T13:36:59.800Z - error: [Scene] {hidden(::SceneExecutorImportExceptionHandler::)} ReferenceError: protobuf is not defined
    at factory (file:///D:/xuhang/guan_dan/temp/programming/packer-driver/targets/editor/chunks/8a/file:/D:/xuhang/guan_dan/assets/scripts/proto/gameMsg.js:5335:5)
    at CjsLoader._load (file:///D:/xuhang/guan_dan/temp/programming/packer-driver/targets/editor/chunks/e2/cce:/internal/ml/cjs-loader.mjs:78:9)
    at CjsLoader._tryModuleLoad (file:///D:/xuhang/guan_dan/temp/programming/packer-driver/targets/editor/chunks/e2/cce:/internal/ml/cjs-loader.mjs:63:18)
    at CjsLoader._require (file:///D:/xuhang/guan_dan/temp/programming/packer-driver/targets/editor/chunks/e2/cce:/internal/ml/cjs-loader.mjs:42:14)
    at CjsLoader.require (file:///D:/xuhang/guan_dan/temp/programming/packer-driver/targets/editor/chunks/e2/cce:/internal/ml/cjs-loader.mjs:27:21)
    at Object.execute (file:///D:/xuhang/guan_dan/temp/programming/packer-driver/targets/editor/chunks/ee/file:/D:/xuhang/guan_dan/assets/scripts/proto/gameMsg.mjs?cjs=&original=.js:7:8)
    at doExec (C:\ProgramData\cocos\editors\Creator\3.6.0\resources\app.asar\node_modules\@editor\lib-programming\static\executor\systemjs-bridge\out\index.js:517:30)
    at postOrderExec (C:\ProgramData\cocos\editors\Creator\3.6.0\resources\app.asar\node_modules\@editor\lib-programming\static\executor\systemjs-bridge\out\index.js:508:21)
    at C:\ProgramData\cocos\editors\Creator\3.6.0\resources\app.asar\node_modules\@editor\lib-programming\static\executor\systemjs-bridge\out\index.js:440:12
    at file:///D:/xuhang/guan_dan/temp/programming/packer-driver/targets/editor/chunks/04/cce:/internal/x/prerequisite-imports:8:13Error: [Scene] {hidden(::SceneExecutorImportExceptionHandler::)} ReferenceError: protobuf is not defined
    at CjsLoader._require (file:///D:/xuhang/guan_dan/temp/programming/packer-driver/targets/editor/chunks/e2/cce:/internal/ml/cjs-loader.mjs:42:14)
    at CjsLoader.require (file:///D:/xuhang/guan_dan/temp/programming/packer-driver/targets/editor/chunks/e2/cce:/internal/ml/cjs-loader.mjs:27:21)
    at Object.execute (file:///D:/xuhang/guan_dan/temp/programming/packer-driver/targets/editor/chunks/ee/file:/D:/xuhang/guan_dan/assets/scripts/proto/gameMsg.mjs?cjs=&original=.js:7:8)
    at doExec (C:\ProgramData\cocos\editors\Creator\3.6.0\resources\app.asar\node_modules\@editor\lib-programming\static\executor\systemjs-bridge\out\index.js:517:30)
    at postOrderExec (C:\ProgramData\cocos\editors\Creator\3.6.0\resources\app.asar\node_modules\@editor\lib-programming\static\executor\systemjs-bridge\out\index.js:508:21)
    at C:\ProgramData\cocos\editors\Creator\3.6.0\resources\app.asar\node_modules\@editor\lib-programming\static\executor\systemjs-bridge\out\index.js:440:12
    at file:///D:/xuhang/guan_dan/temp/programming/packer-driver/targets/editor/chunks/04/cce:/internal/x/prerequisite-imports:8:13
    at Logger._logHandler (C:\ProgramData\cocos\editors\Creator\3.6.0\resources\app.asar\builtin\scene\dist\script\3d\manager\startup\log.ccc:1:318)
    at Logger.record (C:\ProgramData\cocos\editors\Creator\3.6.0\resources\app.asar\node_modules\@base\electron-logger\lib\renderer.ccc:1:458)
    at console.error (C:\ProgramData\cocos\editors\Creator\3.6.0\resources\app.asar\node_modules\@base\electron-logger\lib\renderer.ccc:1:1414)
    at ScriptManager._handleImportException (C:\ProgramData\cocos\editors\Creator\3.6.0\resources\app.asar\builtin\scene\dist\script\3d\manager\scripts.ccc:1:5825)
    at Executor.importExceptionHandler [as _importExceptionHandler] (C:\ProgramData\cocos\editors\Creator\3.6.0\resources\app.asar\builtin\scene\dist\script\3d\manager\scripts.ccc:1:3509)
    at Executor._onModuleLoaded (C:\ProgramData\cocos\editors\Creator\3.6.0\resources\app.asar\node_modules\@editor\lib-programming\src\executor\index.ts:312:22)
    at SystemJS.onload (C:\ProgramData\cocos\editors\Creator\3.6.0\resources\app.asar\node_modules\@editor\lib-programming\src\executor\index.ts:73:18)
    at triggerOnload (C:\ProgramData\cocos\editors\Creator\3.6.0\resources\app.asar\node_modules\@editor\lib-programming\static\executor\systemjs-bridge\out\index.js:270:10)
    at doExec (C:\ProgramData\cocos\editors\Creator\3.6.0\resources\app.asar\node_modules\@editor\lib-programming\static\executor\systemjs-bridge\out\index.js:538:7)
    at postOrderExec (C:\ProgramData\cocos\editors\Creator\3.6.0\resources\app.asar\node_modules\@editor\lib-programming\static\executor\systemjs-bridge\out\index.js:508:21)
2025-08-30T13:37:00.649Z - warn: [Build] 资源 {asset(db://assets/resources/texture/big/bg.jpg)} 与资源 {asset(db://assets/resources/texture/big/bg.png)} 的动态加载 URL 相同(texture/big/bg)，请调整目录结构来避免动态加载资源时出现异常。[Build] 资源 {asset(db://assets/resources/texture/big/bg.jpg)} 与资源 {asset(db://assets/resources/texture/big/bg.png)} 的动态加载 URL 相同(texture/big/bg)，请调整目录结构来避免动态加载资源时出现异常。  
at NewConsole.warn (C:\ProgramData\cocos\editors\Creator\3.6.0\resources\app.asar\builtin\builder\dist\worker\console.ccc:1:1306)  
at o (C:\ProgramData\cocos\editors\Creator\3.6.0\resources\app.asar\builtin\builder\dist\worker\builder\setting-task\group.ccc:1:497)  
at C:\ProgramData\cocos\editors\Creator\3.6.0\resources\app.asar\builtin\builder\dist\worker\builder\setting-task\group.ccc:1:735  
at Array.forEach (<anonymous>)  
at BuildTask.handle (C:\ProgramData\cocos\editors\Creator\3.6.0\resources\app.asar\builtin\builder\dist\worker\builder\setting-task\group.ccc:1:618)  
at BuildTask.runBuildTask (C:\ProgramData\cocos\editors\Creator\3.6.0\resources\app.asar\builtin\builder\dist\worker\builder\index.ccc:1:7308)
2025-08-30T13:37:00.649Z - warn: [Build] 资源 {asset(db://assets/resources/texture/big/bg.jpg/texture)} 与资源 {asset(db://assets/resources/texture/big/bg.png/texture)} 的动态加载 URL 相同(texture/big/bg/texture)，请调整目录结构来避免动态加载资源时出现异常。[Build] 资源 {asset(db://assets/resources/texture/big/bg.jpg/texture)} 与资源 {asset(db://assets/resources/texture/big/bg.png/texture)} 的动态加载 URL 相同(texture/big/bg/texture)，请调整目录结构来避免动态加载资源时出现异常。  
at NewConsole.warn (C:\ProgramData\cocos\editors\Creator\3.6.0\resources\app.asar\builtin\builder\dist\worker\console.ccc:1:1306)  
at o (C:\ProgramData\cocos\editors\Creator\3.6.0\resources\app.asar\builtin\builder\dist\worker\builder\setting-task\group.ccc:1:497)  
at C:\ProgramData\cocos\editors\Creator\3.6.0\resources\app.asar\builtin\builder\dist\worker\builder\setting-task\group.ccc:1:735  
at Array.forEach (<anonymous>)  
at BuildTask.handle (C:\ProgramData\cocos\editors\Creator\3.6.0\resources\app.asar\builtin\builder\dist\worker\builder\setting-task\group.ccc:1:618)  
at BuildTask.runBuildTask (C:\ProgramData\cocos\editors\Creator\3.6.0\resources\app.asar\builtin\builder\dist\worker\builder\index.ccc:1:7308)
2025-08-30T13:37:00.649Z - warn: [Build] 资源 {asset(db://assets/resources/texture/big/bg.jpg/spriteFrame)} 与资源 {asset(db://assets/resources/texture/big/bg.png/spriteFrame)} 的动态加载 URL 相同(texture/big/bg/spriteFrame)，请调整目录结构来避免动态加载资源时出现异常。[Build] 资源 {asset(db://assets/resources/texture/big/bg.jpg/spriteFrame)} 与资源 {asset(db://assets/resources/texture/big/bg.png/spriteFrame)} 的动态加载 URL 相同(texture/big/bg/spriteFrame)，请调整目录结构来避免动态加载资源时出现异常。  
at NewConsole.warn (C:\ProgramData\cocos\editors\Creator\3.6.0\resources\app.asar\builtin\builder\dist\worker\console.ccc:1:1306)  
at o (C:\ProgramData\cocos\editors\Creator\3.6.0\resources\app.asar\builtin\builder\dist\worker\builder\setting-task\group.ccc:1:497)  
at C:\ProgramData\cocos\editors\Creator\3.6.0\resources\app.asar\builtin\builder\dist\worker\builder\setting-task\group.ccc:1:735  
at Array.forEach (<anonymous>)  
at BuildTask.handle (C:\ProgramData\cocos\editors\Creator\3.6.0\resources\app.asar\builtin\builder\dist\worker\builder\setting-task\group.ccc:1:618)  
at BuildTask.runBuildTask (C:\ProgramData\cocos\editors\Creator\3.6.0\resources\app.asar\builtin\builder\dist\worker\builder\index.ccc:1:7308)
2025-08-30T13:37:46.329Z - error: [Scene] {hidden(::SceneExecutorImportExceptionHandler::)} ReferenceError: protobuf is not defined
    at factory (file:///D:/xuhang/guan_dan/temp/programming/packer-driver/targets/editor/chunks/8a/file:/D:/xuhang/guan_dan/assets/scripts/proto/gameMsg.js:5335:5)
    at CjsLoader._load (file:///D:/xuhang/guan_dan/temp/programming/packer-driver/targets/editor/chunks/e2/cce:/internal/ml/cjs-loader.mjs:78:9)
    at CjsLoader._tryModuleLoad (file:///D:/xuhang/guan_dan/temp/programming/packer-driver/targets/editor/chunks/e2/cce:/internal/ml/cjs-loader.mjs:63:18)
    at CjsLoader._require (file:///D:/xuhang/guan_dan/temp/programming/packer-driver/targets/editor/chunks/e2/cce:/internal/ml/cjs-loader.mjs:42:14)
    at CjsLoader.require (file:///D:/xuhang/guan_dan/temp/programming/packer-driver/targets/editor/chunks/e2/cce:/internal/ml/cjs-loader.mjs:27:21)
    at Object.execute (file:///D:/xuhang/guan_dan/temp/programming/packer-driver/targets/editor/chunks/ee/file:/D:/xuhang/guan_dan/assets/scripts/proto/gameMsg.mjs?cjs=&original=.js:7:8)
    at doExec (C:\ProgramData\cocos\editors\Creator\3.6.0\resources\app.asar\node_modules\@editor\lib-programming\static\executor\systemjs-bridge\out\index.js:517:30)
    at postOrderExec (C:\ProgramData\cocos\editors\Creator\3.6.0\resources\app.asar\node_modules\@editor\lib-programming\static\executor\systemjs-bridge\out\index.js:508:21)
    at C:\ProgramData\cocos\editors\Creator\3.6.0\resources\app.asar\node_modules\@editor\lib-programming\static\executor\systemjs-bridge\out\index.js:440:12
    at file:///D:/xuhang/guan_dan/temp/programming/packer-driver/targets/editor/chunks/04/cce:/internal/x/prerequisite-imports:8:13Error: [Scene] {hidden(::SceneExecutorImportExceptionHandler::)} ReferenceError: protobuf is not defined
    at CjsLoader._require (file:///D:/xuhang/guan_dan/temp/programming/packer-driver/targets/editor/chunks/e2/cce:/internal/ml/cjs-loader.mjs:42:14)
    at CjsLoader.require (file:///D:/xuhang/guan_dan/temp/programming/packer-driver/targets/editor/chunks/e2/cce:/internal/ml/cjs-loader.mjs:27:21)
    at Object.execute (file:///D:/xuhang/guan_dan/temp/programming/packer-driver/targets/editor/chunks/ee/file:/D:/xuhang/guan_dan/assets/scripts/proto/gameMsg.mjs?cjs=&original=.js:7:8)
    at doExec (C:\ProgramData\cocos\editors\Creator\3.6.0\resources\app.asar\node_modules\@editor\lib-programming\static\executor\systemjs-bridge\out\index.js:517:30)
    at postOrderExec (C:\ProgramData\cocos\editors\Creator\3.6.0\resources\app.asar\node_modules\@editor\lib-programming\static\executor\systemjs-bridge\out\index.js:508:21)
    at C:\ProgramData\cocos\editors\Creator\3.6.0\resources\app.asar\node_modules\@editor\lib-programming\static\executor\systemjs-bridge\out\index.js:440:12
    at file:///D:/xuhang/guan_dan/temp/programming/packer-driver/targets/editor/chunks/04/cce:/internal/x/prerequisite-imports:8:13
    at Logger._logHandler (C:\ProgramData\cocos\editors\Creator\3.6.0\resources\app.asar\builtin\scene\dist\script\3d\manager\startup\log.ccc:1:318)
    at Logger.record (C:\ProgramData\cocos\editors\Creator\3.6.0\resources\app.asar\node_modules\@base\electron-logger\lib\renderer.ccc:1:458)
    at console.error (C:\ProgramData\cocos\editors\Creator\3.6.0\resources\app.asar\node_modules\@base\electron-logger\lib\renderer.ccc:1:1414)
    at ScriptManager._handleImportException (C:\ProgramData\cocos\editors\Creator\3.6.0\resources\app.asar\builtin\scene\dist\script\3d\manager\scripts.ccc:1:5825)
    at Executor.importExceptionHandler [as _importExceptionHandler] (C:\ProgramData\cocos\editors\Creator\3.6.0\resources\app.asar\builtin\scene\dist\script\3d\manager\scripts.ccc:1:3509)
    at Executor._onModuleLoaded (C:\ProgramData\cocos\editors\Creator\3.6.0\resources\app.asar\node_modules\@editor\lib-programming\src\executor\index.ts:312:22)
    at SystemJS.onload (C:\ProgramData\cocos\editors\Creator\3.6.0\resources\app.asar\node_modules\@editor\lib-programming\src\executor\index.ts:73:18)
    at triggerOnload (C:\ProgramData\cocos\editors\Creator\3.6.0\resources\app.asar\node_modules\@editor\lib-programming\static\executor\systemjs-bridge\out\index.js:270:10)
    at doExec (C:\ProgramData\cocos\editors\Creator\3.6.0\resources\app.asar\node_modules\@editor\lib-programming\static\executor\systemjs-bridge\out\index.js:538:7)
    at postOrderExec (C:\ProgramData\cocos\editors\Creator\3.6.0\resources\app.asar\node_modules\@editor\lib-programming\static\executor\systemjs-bridge\out\index.js:508:21)
2025-08-30T13:37:47.313Z - warn: [Build] 资源 {asset(db://assets/resources/texture/big/bg.jpg)} 与资源 {asset(db://assets/resources/texture/big/bg.png)} 的动态加载 URL 相同(texture/big/bg)，请调整目录结构来避免动态加载资源时出现异常。[Build] 资源 {asset(db://assets/resources/texture/big/bg.jpg)} 与资源 {asset(db://assets/resources/texture/big/bg.png)} 的动态加载 URL 相同(texture/big/bg)，请调整目录结构来避免动态加载资源时出现异常。  
at NewConsole.warn (C:\ProgramData\cocos\editors\Creator\3.6.0\resources\app.asar\builtin\builder\dist\worker\console.ccc:1:1306)  
at o (C:\ProgramData\cocos\editors\Creator\3.6.0\resources\app.asar\builtin\builder\dist\worker\builder\setting-task\group.ccc:1:497)  
at C:\ProgramData\cocos\editors\Creator\3.6.0\resources\app.asar\builtin\builder\dist\worker\builder\setting-task\group.ccc:1:735  
at Array.forEach (<anonymous>)  
at BuildTask.handle (C:\ProgramData\cocos\editors\Creator\3.6.0\resources\app.asar\builtin\builder\dist\worker\builder\setting-task\group.ccc:1:618)  
at BuildTask.runBuildTask (C:\ProgramData\cocos\editors\Creator\3.6.0\resources\app.asar\builtin\builder\dist\worker\builder\index.ccc:1:7308)
2025-08-30T13:37:47.313Z - warn: [Build] 资源 {asset(db://assets/resources/texture/big/bg.jpg/texture)} 与资源 {asset(db://assets/resources/texture/big/bg.png/texture)} 的动态加载 URL 相同(texture/big/bg/texture)，请调整目录结构来避免动态加载资源时出现异常。[Build] 资源 {asset(db://assets/resources/texture/big/bg.jpg/texture)} 与资源 {asset(db://assets/resources/texture/big/bg.png/texture)} 的动态加载 URL 相同(texture/big/bg/texture)，请调整目录结构来避免动态加载资源时出现异常。  
at NewConsole.warn (C:\ProgramData\cocos\editors\Creator\3.6.0\resources\app.asar\builtin\builder\dist\worker\console.ccc:1:1306)  
at o (C:\ProgramData\cocos\editors\Creator\3.6.0\resources\app.asar\builtin\builder\dist\worker\builder\setting-task\group.ccc:1:497)  
at C:\ProgramData\cocos\editors\Creator\3.6.0\resources\app.asar\builtin\builder\dist\worker\builder\setting-task\group.ccc:1:735  
at Array.forEach (<anonymous>)  
at BuildTask.handle (C:\ProgramData\cocos\editors\Creator\3.6.0\resources\app.asar\builtin\builder\dist\worker\builder\setting-task\group.ccc:1:618)  
at BuildTask.runBuildTask (C:\ProgramData\cocos\editors\Creator\3.6.0\resources\app.asar\builtin\builder\dist\worker\builder\index.ccc:1:7308)
2025-08-30T13:37:47.313Z - warn: [Build] 资源 {asset(db://assets/resources/texture/big/bg.jpg/spriteFrame)} 与资源 {asset(db://assets/resources/texture/big/bg.png/spriteFrame)} 的动态加载 URL 相同(texture/big/bg/spriteFrame)，请调整目录结构来避免动态加载资源时出现异常。[Build] 资源 {asset(db://assets/resources/texture/big/bg.jpg/spriteFrame)} 与资源 {asset(db://assets/resources/texture/big/bg.png/spriteFrame)} 的动态加载 URL 相同(texture/big/bg/spriteFrame)，请调整目录结构来避免动态加载资源时出现异常。  
at NewConsole.warn (C:\ProgramData\cocos\editors\Creator\3.6.0\resources\app.asar\builtin\builder\dist\worker\console.ccc:1:1306)  
at o (C:\ProgramData\cocos\editors\Creator\3.6.0\resources\app.asar\builtin\builder\dist\worker\builder\setting-task\group.ccc:1:497)  
at C:\ProgramData\cocos\editors\Creator\3.6.0\resources\app.asar\builtin\builder\dist\worker\builder\setting-task\group.ccc:1:735  
at Array.forEach (<anonymous>)  
at BuildTask.handle (C:\ProgramData\cocos\editors\Creator\3.6.0\resources\app.asar\builtin\builder\dist\worker\builder\setting-task\group.ccc:1:618)  
at BuildTask.runBuildTask (C:\ProgramData\cocos\editors\Creator\3.6.0\resources\app.asar\builtin\builder\dist\worker\builder\index.ccc:1:7308)
2025-08-30T13:38:15.711Z - error: [Scene] {hidden(::SceneExecutorImportExceptionHandler::)} ReferenceError: protobuf is not defined
    at factory (file:///D:/xuhang/guan_dan/temp/programming/packer-driver/targets/editor/chunks/8a/file:/D:/xuhang/guan_dan/assets/scripts/proto/gameMsg.js:5335:5)
    at CjsLoader._load (file:///D:/xuhang/guan_dan/temp/programming/packer-driver/targets/editor/chunks/e2/cce:/internal/ml/cjs-loader.mjs:78:9)
    at CjsLoader._tryModuleLoad (file:///D:/xuhang/guan_dan/temp/programming/packer-driver/targets/editor/chunks/e2/cce:/internal/ml/cjs-loader.mjs:63:18)
    at CjsLoader._require (file:///D:/xuhang/guan_dan/temp/programming/packer-driver/targets/editor/chunks/e2/cce:/internal/ml/cjs-loader.mjs:42:14)
    at CjsLoader.require (file:///D:/xuhang/guan_dan/temp/programming/packer-driver/targets/editor/chunks/e2/cce:/internal/ml/cjs-loader.mjs:27:21)
    at Object.execute (file:///D:/xuhang/guan_dan/temp/programming/packer-driver/targets/editor/chunks/ee/file:/D:/xuhang/guan_dan/assets/scripts/proto/gameMsg.mjs?cjs=&original=.js:7:8)
    at doExec (C:\ProgramData\cocos\editors\Creator\3.6.0\resources\app.asar\node_modules\@editor\lib-programming\static\executor\systemjs-bridge\out\index.js:517:30)
    at postOrderExec (C:\ProgramData\cocos\editors\Creator\3.6.0\resources\app.asar\node_modules\@editor\lib-programming\static\executor\systemjs-bridge\out\index.js:508:21)
    at C:\ProgramData\cocos\editors\Creator\3.6.0\resources\app.asar\node_modules\@editor\lib-programming\static\executor\systemjs-bridge\out\index.js:440:12
    at file:///D:/xuhang/guan_dan/temp/programming/packer-driver/targets/editor/chunks/04/cce:/internal/x/prerequisite-imports:8:13Error: [Scene] {hidden(::SceneExecutorImportExceptionHandler::)} ReferenceError: protobuf is not defined
    at CjsLoader._require (file:///D:/xuhang/guan_dan/temp/programming/packer-driver/targets/editor/chunks/e2/cce:/internal/ml/cjs-loader.mjs:42:14)
    at CjsLoader.require (file:///D:/xuhang/guan_dan/temp/programming/packer-driver/targets/editor/chunks/e2/cce:/internal/ml/cjs-loader.mjs:27:21)
    at Object.execute (file:///D:/xuhang/guan_dan/temp/programming/packer-driver/targets/editor/chunks/ee/file:/D:/xuhang/guan_dan/assets/scripts/proto/gameMsg.mjs?cjs=&original=.js:7:8)
    at doExec (C:\ProgramData\cocos\editors\Creator\3.6.0\resources\app.asar\node_modules\@editor\lib-programming\static\executor\systemjs-bridge\out\index.js:517:30)
    at postOrderExec (C:\ProgramData\cocos\editors\Creator\3.6.0\resources\app.asar\node_modules\@editor\lib-programming\static\executor\systemjs-bridge\out\index.js:508:21)
    at C:\ProgramData\cocos\editors\Creator\3.6.0\resources\app.asar\node_modules\@editor\lib-programming\static\executor\systemjs-bridge\out\index.js:440:12
    at file:///D:/xuhang/guan_dan/temp/programming/packer-driver/targets/editor/chunks/04/cce:/internal/x/prerequisite-imports:8:13
    at Logger._logHandler (C:\ProgramData\cocos\editors\Creator\3.6.0\resources\app.asar\builtin\scene\dist\script\3d\manager\startup\log.ccc:1:318)
    at Logger.record (C:\ProgramData\cocos\editors\Creator\3.6.0\resources\app.asar\node_modules\@base\electron-logger\lib\renderer.ccc:1:458)
    at console.error (C:\ProgramData\cocos\editors\Creator\3.6.0\resources\app.asar\node_modules\@base\electron-logger\lib\renderer.ccc:1:1414)
    at ScriptManager._handleImportException (C:\ProgramData\cocos\editors\Creator\3.6.0\resources\app.asar\builtin\scene\dist\script\3d\manager\scripts.ccc:1:5825)
    at Executor.importExceptionHandler [as _importExceptionHandler] (C:\ProgramData\cocos\editors\Creator\3.6.0\resources\app.asar\builtin\scene\dist\script\3d\manager\scripts.ccc:1:3509)
    at Executor._onModuleLoaded (C:\ProgramData\cocos\editors\Creator\3.6.0\resources\app.asar\node_modules\@editor\lib-programming\src\executor\index.ts:312:22)
    at SystemJS.onload (C:\ProgramData\cocos\editors\Creator\3.6.0\resources\app.asar\node_modules\@editor\lib-programming\src\executor\index.ts:73:18)
    at triggerOnload (C:\ProgramData\cocos\editors\Creator\3.6.0\resources\app.asar\node_modules\@editor\lib-programming\static\executor\systemjs-bridge\out\index.js:270:10)
    at doExec (C:\ProgramData\cocos\editors\Creator\3.6.0\resources\app.asar\node_modules\@editor\lib-programming\static\executor\systemjs-bridge\out\index.js:538:7)
    at postOrderExec (C:\ProgramData\cocos\editors\Creator\3.6.0\resources\app.asar\node_modules\@editor\lib-programming\static\executor\systemjs-bridge\out\index.js:508:21)
2025-08-30T13:38:16.760Z - warn: [Build] 资源 {asset(db://assets/resources/texture/big/bg.jpg)} 与资源 {asset(db://assets/resources/texture/big/bg.png)} 的动态加载 URL 相同(texture/big/bg)，请调整目录结构来避免动态加载资源时出现异常。[Build] 资源 {asset(db://assets/resources/texture/big/bg.jpg)} 与资源 {asset(db://assets/resources/texture/big/bg.png)} 的动态加载 URL 相同(texture/big/bg)，请调整目录结构来避免动态加载资源时出现异常。  
at NewConsole.warn (C:\ProgramData\cocos\editors\Creator\3.6.0\resources\app.asar\builtin\builder\dist\worker\console.ccc:1:1306)  
at o (C:\ProgramData\cocos\editors\Creator\3.6.0\resources\app.asar\builtin\builder\dist\worker\builder\setting-task\group.ccc:1:497)  
at C:\ProgramData\cocos\editors\Creator\3.6.0\resources\app.asar\builtin\builder\dist\worker\builder\setting-task\group.ccc:1:735  
at Array.forEach (<anonymous>)  
at BuildTask.handle (C:\ProgramData\cocos\editors\Creator\3.6.0\resources\app.asar\builtin\builder\dist\worker\builder\setting-task\group.ccc:1:618)  
at BuildTask.runBuildTask (C:\ProgramData\cocos\editors\Creator\3.6.0\resources\app.asar\builtin\builder\dist\worker\builder\index.ccc:1:7308)
2025-08-30T13:38:16.760Z - warn: [Build] 资源 {asset(db://assets/resources/texture/big/bg.jpg/texture)} 与资源 {asset(db://assets/resources/texture/big/bg.png/texture)} 的动态加载 URL 相同(texture/big/bg/texture)，请调整目录结构来避免动态加载资源时出现异常。[Build] 资源 {asset(db://assets/resources/texture/big/bg.jpg/texture)} 与资源 {asset(db://assets/resources/texture/big/bg.png/texture)} 的动态加载 URL 相同(texture/big/bg/texture)，请调整目录结构来避免动态加载资源时出现异常。  
at NewConsole.warn (C:\ProgramData\cocos\editors\Creator\3.6.0\resources\app.asar\builtin\builder\dist\worker\console.ccc:1:1306)  
at o (C:\ProgramData\cocos\editors\Creator\3.6.0\resources\app.asar\builtin\builder\dist\worker\builder\setting-task\group.ccc:1:497)  
at C:\ProgramData\cocos\editors\Creator\3.6.0\resources\app.asar\builtin\builder\dist\worker\builder\setting-task\group.ccc:1:735  
at Array.forEach (<anonymous>)  
at BuildTask.handle (C:\ProgramData\cocos\editors\Creator\3.6.0\resources\app.asar\builtin\builder\dist\worker\builder\setting-task\group.ccc:1:618)  
at BuildTask.runBuildTask (C:\ProgramData\cocos\editors\Creator\3.6.0\resources\app.asar\builtin\builder\dist\worker\builder\index.ccc:1:7308)
2025-08-30T13:38:16.760Z - warn: [Build] 资源 {asset(db://assets/resources/texture/big/bg.jpg/spriteFrame)} 与资源 {asset(db://assets/resources/texture/big/bg.png/spriteFrame)} 的动态加载 URL 相同(texture/big/bg/spriteFrame)，请调整目录结构来避免动态加载资源时出现异常。[Build] 资源 {asset(db://assets/resources/texture/big/bg.jpg/spriteFrame)} 与资源 {asset(db://assets/resources/texture/big/bg.png/spriteFrame)} 的动态加载 URL 相同(texture/big/bg/spriteFrame)，请调整目录结构来避免动态加载资源时出现异常。  
at NewConsole.warn (C:\ProgramData\cocos\editors\Creator\3.6.0\resources\app.asar\builtin\builder\dist\worker\console.ccc:1:1306)  
at o (C:\ProgramData\cocos\editors\Creator\3.6.0\resources\app.asar\builtin\builder\dist\worker\builder\setting-task\group.ccc:1:497)  
at C:\ProgramData\cocos\editors\Creator\3.6.0\resources\app.asar\builtin\builder\dist\worker\builder\setting-task\group.ccc:1:735  
at Array.forEach (<anonymous>)  
at BuildTask.handle (C:\ProgramData\cocos\editors\Creator\3.6.0\resources\app.asar\builtin\builder\dist\worker\builder\setting-task\group.ccc:1:618)  
at BuildTask.runBuildTask (C:\ProgramData\cocos\editors\Creator\3.6.0\resources\app.asar\builtin\builder\dist\worker\builder\index.ccc:1:7308)
2025-08-30T13:38:49.804Z - error: [Scene] {hidden(::SceneExecutorImportExceptionHandler::)} ReferenceError: protobuf is not defined
    at factory (file:///D:/xuhang/guan_dan/temp/programming/packer-driver/targets/editor/chunks/8a/file:/D:/xuhang/guan_dan/assets/scripts/proto/gameMsg.js:5335:5)
    at CjsLoader._load (file:///D:/xuhang/guan_dan/temp/programming/packer-driver/targets/editor/chunks/e2/cce:/internal/ml/cjs-loader.mjs:78:9)
    at CjsLoader._tryModuleLoad (file:///D:/xuhang/guan_dan/temp/programming/packer-driver/targets/editor/chunks/e2/cce:/internal/ml/cjs-loader.mjs:63:18)
    at CjsLoader._require (file:///D:/xuhang/guan_dan/temp/programming/packer-driver/targets/editor/chunks/e2/cce:/internal/ml/cjs-loader.mjs:42:14)
    at CjsLoader.require (file:///D:/xuhang/guan_dan/temp/programming/packer-driver/targets/editor/chunks/e2/cce:/internal/ml/cjs-loader.mjs:27:21)
    at Object.execute (file:///D:/xuhang/guan_dan/temp/programming/packer-driver/targets/editor/chunks/ee/file:/D:/xuhang/guan_dan/assets/scripts/proto/gameMsg.mjs?cjs=&original=.js:7:8)
    at doExec (C:\ProgramData\cocos\editors\Creator\3.6.0\resources\app.asar\node_modules\@editor\lib-programming\static\executor\systemjs-bridge\out\index.js:517:30)
    at postOrderExec (C:\ProgramData\cocos\editors\Creator\3.6.0\resources\app.asar\node_modules\@editor\lib-programming\static\executor\systemjs-bridge\out\index.js:508:21)
    at C:\ProgramData\cocos\editors\Creator\3.6.0\resources\app.asar\node_modules\@editor\lib-programming\static\executor\systemjs-bridge\out\index.js:440:12
    at file:///D:/xuhang/guan_dan/temp/programming/packer-driver/targets/editor/chunks/04/cce:/internal/x/prerequisite-imports:8:13Error: [Scene] {hidden(::SceneExecutorImportExceptionHandler::)} ReferenceError: protobuf is not defined
    at CjsLoader._require (file:///D:/xuhang/guan_dan/temp/programming/packer-driver/targets/editor/chunks/e2/cce:/internal/ml/cjs-loader.mjs:42:14)
    at CjsLoader.require (file:///D:/xuhang/guan_dan/temp/programming/packer-driver/targets/editor/chunks/e2/cce:/internal/ml/cjs-loader.mjs:27:21)
    at Object.execute (file:///D:/xuhang/guan_dan/temp/programming/packer-driver/targets/editor/chunks/ee/file:/D:/xuhang/guan_dan/assets/scripts/proto/gameMsg.mjs?cjs=&original=.js:7:8)
    at doExec (C:\ProgramData\cocos\editors\Creator\3.6.0\resources\app.asar\node_modules\@editor\lib-programming\static\executor\systemjs-bridge\out\index.js:517:30)
    at postOrderExec (C:\ProgramData\cocos\editors\Creator\3.6.0\resources\app.asar\node_modules\@editor\lib-programming\static\executor\systemjs-bridge\out\index.js:508:21)
    at C:\ProgramData\cocos\editors\Creator\3.6.0\resources\app.asar\node_modules\@editor\lib-programming\static\executor\systemjs-bridge\out\index.js:440:12
    at file:///D:/xuhang/guan_dan/temp/programming/packer-driver/targets/editor/chunks/04/cce:/internal/x/prerequisite-imports:8:13
    at Logger._logHandler (C:\ProgramData\cocos\editors\Creator\3.6.0\resources\app.asar\builtin\scene\dist\script\3d\manager\startup\log.ccc:1:318)
    at Logger.record (C:\ProgramData\cocos\editors\Creator\3.6.0\resources\app.asar\node_modules\@base\electron-logger\lib\renderer.ccc:1:458)
    at console.error (C:\ProgramData\cocos\editors\Creator\3.6.0\resources\app.asar\node_modules\@base\electron-logger\lib\renderer.ccc:1:1414)
    at ScriptManager._handleImportException (C:\ProgramData\cocos\editors\Creator\3.6.0\resources\app.asar\builtin\scene\dist\script\3d\manager\scripts.ccc:1:5825)
    at Executor.importExceptionHandler [as _importExceptionHandler] (C:\ProgramData\cocos\editors\Creator\3.6.0\resources\app.asar\builtin\scene\dist\script\3d\manager\scripts.ccc:1:3509)
    at Executor._onModuleLoaded (C:\ProgramData\cocos\editors\Creator\3.6.0\resources\app.asar\node_modules\@editor\lib-programming\src\executor\index.ts:312:22)
    at SystemJS.onload (C:\ProgramData\cocos\editors\Creator\3.6.0\resources\app.asar\node_modules\@editor\lib-programming\src\executor\index.ts:73:18)
    at triggerOnload (C:\ProgramData\cocos\editors\Creator\3.6.0\resources\app.asar\node_modules\@editor\lib-programming\static\executor\systemjs-bridge\out\index.js:270:10)
    at doExec (C:\ProgramData\cocos\editors\Creator\3.6.0\resources\app.asar\node_modules\@editor\lib-programming\static\executor\systemjs-bridge\out\index.js:538:7)
    at postOrderExec (C:\ProgramData\cocos\editors\Creator\3.6.0\resources\app.asar\node_modules\@editor\lib-programming\static\executor\systemjs-bridge\out\index.js:508:21)
2025-08-30T13:38:50.670Z - warn: [Build] 资源 {asset(db://assets/resources/texture/big/bg.jpg)} 与资源 {asset(db://assets/resources/texture/big/bg.png)} 的动态加载 URL 相同(texture/big/bg)，请调整目录结构来避免动态加载资源时出现异常。[Build] 资源 {asset(db://assets/resources/texture/big/bg.jpg)} 与资源 {asset(db://assets/resources/texture/big/bg.png)} 的动态加载 URL 相同(texture/big/bg)，请调整目录结构来避免动态加载资源时出现异常。  
at NewConsole.warn (C:\ProgramData\cocos\editors\Creator\3.6.0\resources\app.asar\builtin\builder\dist\worker\console.ccc:1:1306)  
at o (C:\ProgramData\cocos\editors\Creator\3.6.0\resources\app.asar\builtin\builder\dist\worker\builder\setting-task\group.ccc:1:497)  
at C:\ProgramData\cocos\editors\Creator\3.6.0\resources\app.asar\builtin\builder\dist\worker\builder\setting-task\group.ccc:1:735  
at Array.forEach (<anonymous>)  
at BuildTask.handle (C:\ProgramData\cocos\editors\Creator\3.6.0\resources\app.asar\builtin\builder\dist\worker\builder\setting-task\group.ccc:1:618)  
at BuildTask.runBuildTask (C:\ProgramData\cocos\editors\Creator\3.6.0\resources\app.asar\builtin\builder\dist\worker\builder\index.ccc:1:7308)
2025-08-30T13:38:50.670Z - warn: [Build] 资源 {asset(db://assets/resources/texture/big/bg.jpg/texture)} 与资源 {asset(db://assets/resources/texture/big/bg.png/texture)} 的动态加载 URL 相同(texture/big/bg/texture)，请调整目录结构来避免动态加载资源时出现异常。[Build] 资源 {asset(db://assets/resources/texture/big/bg.jpg/texture)} 与资源 {asset(db://assets/resources/texture/big/bg.png/texture)} 的动态加载 URL 相同(texture/big/bg/texture)，请调整目录结构来避免动态加载资源时出现异常。  
at NewConsole.warn (C:\ProgramData\cocos\editors\Creator\3.6.0\resources\app.asar\builtin\builder\dist\worker\console.ccc:1:1306)  
at o (C:\ProgramData\cocos\editors\Creator\3.6.0\resources\app.asar\builtin\builder\dist\worker\builder\setting-task\group.ccc:1:497)  
at C:\ProgramData\cocos\editors\Creator\3.6.0\resources\app.asar\builtin\builder\dist\worker\builder\setting-task\group.ccc:1:735  
at Array.forEach (<anonymous>)  
at BuildTask.handle (C:\ProgramData\cocos\editors\Creator\3.6.0\resources\app.asar\builtin\builder\dist\worker\builder\setting-task\group.ccc:1:618)  
at BuildTask.runBuildTask (C:\ProgramData\cocos\editors\Creator\3.6.0\resources\app.asar\builtin\builder\dist\worker\builder\index.ccc:1:7308)
2025-08-30T13:38:50.671Z - warn: [Build] 资源 {asset(db://assets/resources/texture/big/bg.jpg/spriteFrame)} 与资源 {asset(db://assets/resources/texture/big/bg.png/spriteFrame)} 的动态加载 URL 相同(texture/big/bg/spriteFrame)，请调整目录结构来避免动态加载资源时出现异常。[Build] 资源 {asset(db://assets/resources/texture/big/bg.jpg/spriteFrame)} 与资源 {asset(db://assets/resources/texture/big/bg.png/spriteFrame)} 的动态加载 URL 相同(texture/big/bg/spriteFrame)，请调整目录结构来避免动态加载资源时出现异常。  
at NewConsole.warn (C:\ProgramData\cocos\editors\Creator\3.6.0\resources\app.asar\builtin\builder\dist\worker\console.ccc:1:1306)  
at o (C:\ProgramData\cocos\editors\Creator\3.6.0\resources\app.asar\builtin\builder\dist\worker\builder\setting-task\group.ccc:1:497)  
at C:\ProgramData\cocos\editors\Creator\3.6.0\resources\app.asar\builtin\builder\dist\worker\builder\setting-task\group.ccc:1:735  
at Array.forEach (<anonymous>)  
at BuildTask.handle (C:\ProgramData\cocos\editors\Creator\3.6.0\resources\app.asar\builtin\builder\dist\worker\builder\setting-task\group.ccc:1:618)  
at BuildTask.runBuildTask (C:\ProgramData\cocos\editors\Creator\3.6.0\resources\app.asar\builtin\builder\dist\worker\builder\index.ccc:1:7308)
2025-08-30T13:44:54.018Z - warn: [Build] 资源 {asset(db://assets/resources/texture/big/bg.jpg)} 与资源 {asset(db://assets/resources/texture/big/bg.png)} 的动态加载 URL 相同(texture/big/bg)，请调整目录结构来避免动态加载资源时出现异常。[Build] 资源 {asset(db://assets/resources/texture/big/bg.jpg)} 与资源 {asset(db://assets/resources/texture/big/bg.png)} 的动态加载 URL 相同(texture/big/bg)，请调整目录结构来避免动态加载资源时出现异常。  
at NewConsole.warn (C:\ProgramData\cocos\editors\Creator\3.6.0\resources\app.asar\builtin\builder\dist\worker\console.ccc:1:1306)  
at o (C:\ProgramData\cocos\editors\Creator\3.6.0\resources\app.asar\builtin\builder\dist\worker\builder\setting-task\group.ccc:1:497)  
at C:\ProgramData\cocos\editors\Creator\3.6.0\resources\app.asar\builtin\builder\dist\worker\builder\setting-task\group.ccc:1:735  
at Array.forEach (<anonymous>)  
at BuildTask.handle (C:\ProgramData\cocos\editors\Creator\3.6.0\resources\app.asar\builtin\builder\dist\worker\builder\setting-task\group.ccc:1:618)  
at BuildTask.runBuildTask (C:\ProgramData\cocos\editors\Creator\3.6.0\resources\app.asar\builtin\builder\dist\worker\builder\index.ccc:1:7308)
2025-08-30T13:44:54.018Z - warn: [Build] 资源 {asset(db://assets/resources/texture/big/bg.jpg/texture)} 与资源 {asset(db://assets/resources/texture/big/bg.png/texture)} 的动态加载 URL 相同(texture/big/bg/texture)，请调整目录结构来避免动态加载资源时出现异常。[Build] 资源 {asset(db://assets/resources/texture/big/bg.jpg/texture)} 与资源 {asset(db://assets/resources/texture/big/bg.png/texture)} 的动态加载 URL 相同(texture/big/bg/texture)，请调整目录结构来避免动态加载资源时出现异常。  
at NewConsole.warn (C:\ProgramData\cocos\editors\Creator\3.6.0\resources\app.asar\builtin\builder\dist\worker\console.ccc:1:1306)  
at o (C:\ProgramData\cocos\editors\Creator\3.6.0\resources\app.asar\builtin\builder\dist\worker\builder\setting-task\group.ccc:1:497)  
at C:\ProgramData\cocos\editors\Creator\3.6.0\resources\app.asar\builtin\builder\dist\worker\builder\setting-task\group.ccc:1:735  
at Array.forEach (<anonymous>)  
at BuildTask.handle (C:\ProgramData\cocos\editors\Creator\3.6.0\resources\app.asar\builtin\builder\dist\worker\builder\setting-task\group.ccc:1:618)  
at BuildTask.runBuildTask (C:\ProgramData\cocos\editors\Creator\3.6.0\resources\app.asar\builtin\builder\dist\worker\builder\index.ccc:1:7308)
2025-08-30T13:44:54.018Z - warn: [Build] 资源 {asset(db://assets/resources/texture/big/bg.jpg/spriteFrame)} 与资源 {asset(db://assets/resources/texture/big/bg.png/spriteFrame)} 的动态加载 URL 相同(texture/big/bg/spriteFrame)，请调整目录结构来避免动态加载资源时出现异常。[Build] 资源 {asset(db://assets/resources/texture/big/bg.jpg/spriteFrame)} 与资源 {asset(db://assets/resources/texture/big/bg.png/spriteFrame)} 的动态加载 URL 相同(texture/big/bg/spriteFrame)，请调整目录结构来避免动态加载资源时出现异常。  
at NewConsole.warn (C:\ProgramData\cocos\editors\Creator\3.6.0\resources\app.asar\builtin\builder\dist\worker\console.ccc:1:1306)  
at o (C:\ProgramData\cocos\editors\Creator\3.6.0\resources\app.asar\builtin\builder\dist\worker\builder\setting-task\group.ccc:1:497)  
at C:\ProgramData\cocos\editors\Creator\3.6.0\resources\app.asar\builtin\builder\dist\worker\builder\setting-task\group.ccc:1:735  
at Array.forEach (<anonymous>)  
at BuildTask.handle (C:\ProgramData\cocos\editors\Creator\3.6.0\resources\app.asar\builtin\builder\dist\worker\builder\setting-task\group.ccc:1:618)  
at BuildTask.runBuildTask (C:\ProgramData\cocos\editors\Creator\3.6.0\resources\app.asar\builtin\builder\dist\worker\builder\index.ccc:1:7308)
2025-08-30T13:47:43.803Z - warn: [Build] protobuf is not definedReferenceError: protobuf is not defined
    at factory (file:///D:/xuhang/guan_dan/temp/programming/packer-driver/targets/editor/chunks/8a/file:/D:/xuhang/guan_dan/assets/scripts/proto/gameMsg.js:5335:5)
    at CjsLoader._load (file:///D:/xuhang/guan_dan/temp/programming/packer-driver/targets/editor/chunks/e2/cce:/internal/ml/cjs-loader.mjs:78:9)
    at CjsLoader._tryModuleLoad (file:///D:/xuhang/guan_dan/temp/programming/packer-driver/targets/editor/chunks/e2/cce:/internal/ml/cjs-loader.mjs:63:18)
    at CjsLoader._require (file:///D:/xuhang/guan_dan/temp/programming/packer-driver/targets/editor/chunks/e2/cce:/internal/ml/cjs-loader.mjs:42:14)
    at CjsLoader.require (file:///D:/xuhang/guan_dan/temp/programming/packer-driver/targets/editor/chunks/e2/cce:/internal/ml/cjs-loader.mjs:27:21)
    at Object.execute (file:///D:/xuhang/guan_dan/temp/programming/packer-driver/targets/editor/chunks/ee/file:/D:/xuhang/guan_dan/assets/scripts/proto/gameMsg.mjs?cjs=&original=.js:7:8)
    at doExec (C:\ProgramData\cocos\editors\Creator\3.6.0\resources\app.asar\node_modules\@editor\lib-programming\static\executor\systemjs-bridge\out\index.js:517:30)
    at postOrderExec (C:\ProgramData\cocos\editors\Creator\3.6.0\resources\app.asar\node_modules\@editor\lib-programming\static\executor\systemjs-bridge\out\index.js:508:21)
    at C:\ProgramData\cocos\editors\Creator\3.6.0\resources\app.asar\node_modules\@editor\lib-programming\static\executor\systemjs-bridge\out\index.js:440:12
    at file:///D:/xuhang/guan_dan/temp/programming/packer-driver/targets/editor/chunks/04/cce:/internal/x/prerequisite-imports:8:13
2025-08-30T13:47:44.467Z - warn: [Build] The SpriteFrame used by component "cc.Sprite" is missing. Detailed information:
Node path: "Canvas/nodeCenter/btnCleanOut"
Missing uuid: "f0d80fb8-d3d4-4723-ade7-20ba9e7ffd56@f9941"
[Build] The SpriteFrame used by component "cc.Sprite" is missing. Detailed information:
Node path: "Canvas/nodeCenter/btnCleanOut"
Missing uuid: "f0d80fb8-d3d4-4723-ade7-20ba9e7ffd56@f9941"
  
at Logger._logHandler (C:\ProgramData\cocos\editors\Creator\3.6.0\resources\app.asar\node_modules\@base\electron-worker\static\script.ccc:1:531)  
at Logger.record (C:\ProgramData\cocos\editors\Creator\3.6.0\resources\app.asar\node_modules\@base\electron-logger\lib\renderer.ccc:1:458)  
at Object.warn (C:\ProgramData\cocos\editors\Creator\3.6.0\resources\app.asar\node_modules\@base\electron-logger\lib\renderer.ccc:1:1260)  
at NewConsole.warn (C:\ProgramData\cocos\editors\Creator\3.6.0\resources\app.asar\builtin\builder\dist\worker\console.ccc:1:1306)  
at MissingObjectReporter.doReport (C:\ProgramData\cocos\editors\Creator\3.6.0\resources\app.asar\builtin\engine\dist\editor-extends\missing-reporter\missing-object-reporter.ccc:1:1304)  
at C:\ProgramData\cocos\editors\Creator\3.6.0\resources\app.asar\builtin\engine\dist\editor-extends\missing-reporter\missing-object-reporter.ccc:1:2190  
at ObjectWalkerBehavior.walk (C:\ProgramData\cocos\editors\Creator\3.6.0\resources\app.asar\builtin\engine\dist\editor-extends\missing-reporter\object-walker.ccc:1:2365)  
at ObjectWalkerBehavior.parseCCClass (C:\ProgramData\cocos\editors\Creator\3.6.0\resources\app.asar\builtin\engine\dist\editor-extends\missing-reporter\object-walker.ccc:1:650)  
at ObjectWalkerBehavior.parseObject (C:\ProgramData\cocos\editors\Creator\3.6.0\resources\app.asar\builtin\engine\dist\editor-extends\missing-reporter\object-walker.ccc:1:460)
2025-08-30T13:47:44.468Z - warn: [Build] The SpriteFrame used by component "cc.Button" is missing. Detailed information:
Node path: "Canvas/nodeCenter/btnCleanOut"
Missing uuid: "f0d80fb8-d3d4-4723-ade7-20ba9e7ffd56@f9941"
[Build] The SpriteFrame used by component "cc.Button" is missing. Detailed information:
Node path: "Canvas/nodeCenter/btnCleanOut"
Missing uuid: "f0d80fb8-d3d4-4723-ade7-20ba9e7ffd56@f9941"
  
at Logger._logHandler (C:\ProgramData\cocos\editors\Creator\3.6.0\resources\app.asar\node_modules\@base\electron-worker\static\script.ccc:1:531)  
at Logger.record (C:\ProgramData\cocos\editors\Creator\3.6.0\resources\app.asar\node_modules\@base\electron-logger\lib\renderer.ccc:1:458)  
at Object.warn (C:\ProgramData\cocos\editors\Creator\3.6.0\resources\app.asar\node_modules\@base\electron-logger\lib\renderer.ccc:1:1260)  
at NewConsole.warn (C:\ProgramData\cocos\editors\Creator\3.6.0\resources\app.asar\builtin\builder\dist\worker\console.ccc:1:1306)  
at MissingObjectReporter.doReport (C:\ProgramData\cocos\editors\Creator\3.6.0\resources\app.asar\builtin\engine\dist\editor-extends\missing-reporter\missing-object-reporter.ccc:1:1304)  
at C:\ProgramData\cocos\editors\Creator\3.6.0\resources\app.asar\builtin\engine\dist\editor-extends\missing-reporter\missing-object-reporter.ccc:1:2190  
at ObjectWalkerBehavior.walk (C:\ProgramData\cocos\editors\Creator\3.6.0\resources\app.asar\builtin\engine\dist\editor-extends\missing-reporter\object-walker.ccc:1:2365)  
at ObjectWalkerBehavior.parseCCClass (C:\ProgramData\cocos\editors\Creator\3.6.0\resources\app.asar\builtin\engine\dist\editor-extends\missing-reporter\object-walker.ccc:1:650)  
at ObjectWalkerBehavior.parseObject (C:\ProgramData\cocos\editors\Creator\3.6.0\resources\app.asar\builtin\engine\dist\editor-extends\missing-reporter\object-walker.ccc:1:460)
2025-08-30T13:47:44.493Z - warn: [Build] The SpriteFrame used by component "cc.Sprite" is missing. Detailed information:
Node path: "Canvas/nodeBottom"
Missing uuid: "a85f8c78-4576-48c4-bead-f844201d7dd2@f9941"
[Build] The SpriteFrame used by component "cc.Sprite" is missing. Detailed information:
Node path: "Canvas/nodeBottom"
Missing uuid: "a85f8c78-4576-48c4-bead-f844201d7dd2@f9941"
  
at Logger._logHandler (C:\ProgramData\cocos\editors\Creator\3.6.0\resources\app.asar\node_modules\@base\electron-worker\static\script.ccc:1:531)  
at Logger.record (C:\ProgramData\cocos\editors\Creator\3.6.0\resources\app.asar\node_modules\@base\electron-logger\lib\renderer.ccc:1:458)  
at Object.warn (C:\ProgramData\cocos\editors\Creator\3.6.0\resources\app.asar\node_modules\@base\electron-logger\lib\renderer.ccc:1:1260)  
at NewConsole.warn (C:\ProgramData\cocos\editors\Creator\3.6.0\resources\app.asar\builtin\builder\dist\worker\console.ccc:1:1306)  
at MissingObjectReporter.doReport (C:\ProgramData\cocos\editors\Creator\3.6.0\resources\app.asar\builtin\engine\dist\editor-extends\missing-reporter\missing-object-reporter.ccc:1:1304)  
at C:\ProgramData\cocos\editors\Creator\3.6.0\resources\app.asar\builtin\engine\dist\editor-extends\missing-reporter\missing-object-reporter.ccc:1:2190  
at ObjectWalkerBehavior.walk (C:\ProgramData\cocos\editors\Creator\3.6.0\resources\app.asar\builtin\engine\dist\editor-extends\missing-reporter\object-walker.ccc:1:2365)  
at ObjectWalkerBehavior.parseCCClass (C:\ProgramData\cocos\editors\Creator\3.6.0\resources\app.asar\builtin\engine\dist\editor-extends\missing-reporter\object-walker.ccc:1:650)  
at ObjectWalkerBehavior.parseObject (C:\ProgramData\cocos\editors\Creator\3.6.0\resources\app.asar\builtin\engine\dist\editor-extends\missing-reporter\object-walker.ccc:1:460)
2025-08-30T13:47:44.495Z - warn: [Build] The SpriteAtlas used by component "cc.Sprite" is missing. Detailed information:
Node path: "Canvas/nodeTop/btnBack"
Missing uuid: "54d24d99-428f-49ed-ae73-d6bf6be983b1"
[Build] The SpriteAtlas used by component "cc.Sprite" is missing. Detailed information:
Node path: "Canvas/nodeTop/btnBack"
Missing uuid: "54d24d99-428f-49ed-ae73-d6bf6be983b1"
  
at Logger._logHandler (C:\ProgramData\cocos\editors\Creator\3.6.0\resources\app.asar\node_modules\@base\electron-worker\static\script.ccc:1:531)  
at Logger.record (C:\ProgramData\cocos\editors\Creator\3.6.0\resources\app.asar\node_modules\@base\electron-logger\lib\renderer.ccc:1:458)  
at Object.warn (C:\ProgramData\cocos\editors\Creator\3.6.0\resources\app.asar\node_modules\@base\electron-logger\lib\renderer.ccc:1:1260)  
at NewConsole.warn (C:\ProgramData\cocos\editors\Creator\3.6.0\resources\app.asar\builtin\builder\dist\worker\console.ccc:1:1306)  
at MissingObjectReporter.doReport (C:\ProgramData\cocos\editors\Creator\3.6.0\resources\app.asar\builtin\engine\dist\editor-extends\missing-reporter\missing-object-reporter.ccc:1:1304)  
at C:\ProgramData\cocos\editors\Creator\3.6.0\resources\app.asar\builtin\engine\dist\editor-extends\missing-reporter\missing-object-reporter.ccc:1:2190  
at ObjectWalkerBehavior.walk (C:\ProgramData\cocos\editors\Creator\3.6.0\resources\app.asar\builtin\engine\dist\editor-extends\missing-reporter\object-walker.ccc:1:2365)  
at ObjectWalkerBehavior.parseCCClass (C:\ProgramData\cocos\editors\Creator\3.6.0\resources\app.asar\builtin\engine\dist\editor-extends\missing-reporter\object-walker.ccc:1:650)  
at ObjectWalkerBehavior.parseObject (C:\ProgramData\cocos\editors\Creator\3.6.0\resources\app.asar\builtin\engine\dist\editor-extends\missing-reporter\object-walker.ccc:1:460)
2025-08-30T13:47:44.496Z - warn: [Build] The SpriteAtlas used by component "cc.Sprite" is missing. Detailed information:
Node path: "Canvas/nodeTop/btnSet"
Missing uuid: "54d24d99-428f-49ed-ae73-d6bf6be983b1"
[Build] The SpriteAtlas used by component "cc.Sprite" is missing. Detailed information:
Node path: "Canvas/nodeTop/btnSet"
Missing uuid: "54d24d99-428f-49ed-ae73-d6bf6be983b1"
  
at Logger._logHandler (C:\ProgramData\cocos\editors\Creator\3.6.0\resources\app.asar\node_modules\@base\electron-worker\static\script.ccc:1:531)  
at Logger.record (C:\ProgramData\cocos\editors\Creator\3.6.0\resources\app.asar\node_modules\@base\electron-logger\lib\renderer.ccc:1:458)  
at Object.warn (C:\ProgramData\cocos\editors\Creator\3.6.0\resources\app.asar\node_modules\@base\electron-logger\lib\renderer.ccc:1:1260)  
at NewConsole.warn (C:\ProgramData\cocos\editors\Creator\3.6.0\resources\app.asar\builtin\builder\dist\worker\console.ccc:1:1306)  
at MissingObjectReporter.doReport (C:\ProgramData\cocos\editors\Creator\3.6.0\resources\app.asar\builtin\engine\dist\editor-extends\missing-reporter\missing-object-reporter.ccc:1:1304)  
at C:\ProgramData\cocos\editors\Creator\3.6.0\resources\app.asar\builtin\engine\dist\editor-extends\missing-reporter\missing-object-reporter.ccc:1:2190  
at ObjectWalkerBehavior.walk (C:\ProgramData\cocos\editors\Creator\3.6.0\resources\app.asar\builtin\engine\dist\editor-extends\missing-reporter\object-walker.ccc:1:2365)  
at ObjectWalkerBehavior.parseCCClass (C:\ProgramData\cocos\editors\Creator\3.6.0\resources\app.asar\builtin\engine\dist\editor-extends\missing-reporter\object-walker.ccc:1:650)  
at ObjectWalkerBehavior.parseObject (C:\ProgramData\cocos\editors\Creator\3.6.0\resources\app.asar\builtin\engine\dist\editor-extends\missing-reporter\object-walker.ccc:1:460)
2025-08-30T13:47:44.497Z - warn: [Build] The SpriteAtlas used by component "cc.Sprite" is missing. Detailed information:
Node path: "Canvas/nodeTop/btnRule"
Missing uuid: "54d24d99-428f-49ed-ae73-d6bf6be983b1"
[Build] The SpriteAtlas used by component "cc.Sprite" is missing. Detailed information:
Node path: "Canvas/nodeTop/btnRule"
Missing uuid: "54d24d99-428f-49ed-ae73-d6bf6be983b1"
  
at Logger._logHandler (C:\ProgramData\cocos\editors\Creator\3.6.0\resources\app.asar\node_modules\@base\electron-worker\static\script.ccc:1:531)  
at Logger.record (C:\ProgramData\cocos\editors\Creator\3.6.0\resources\app.asar\node_modules\@base\electron-logger\lib\renderer.ccc:1:458)  
at Object.warn (C:\ProgramData\cocos\editors\Creator\3.6.0\resources\app.asar\node_modules\@base\electron-logger\lib\renderer.ccc:1:1260)  
at NewConsole.warn (C:\ProgramData\cocos\editors\Creator\3.6.0\resources\app.asar\builtin\builder\dist\worker\console.ccc:1:1306)  
at MissingObjectReporter.doReport (C:\ProgramData\cocos\editors\Creator\3.6.0\resources\app.asar\builtin\engine\dist\editor-extends\missing-reporter\missing-object-reporter.ccc:1:1304)  
at C:\ProgramData\cocos\editors\Creator\3.6.0\resources\app.asar\builtin\engine\dist\editor-extends\missing-reporter\missing-object-reporter.ccc:1:2190  
at ObjectWalkerBehavior.walk (C:\ProgramData\cocos\editors\Creator\3.6.0\resources\app.asar\builtin\engine\dist\editor-extends\missing-reporter\object-walker.ccc:1:2365)  
at ObjectWalkerBehavior.parseCCClass (C:\ProgramData\cocos\editors\Creator\3.6.0\resources\app.asar\builtin\engine\dist\editor-extends\missing-reporter\object-walker.ccc:1:650)  
at ObjectWalkerBehavior.parseObject (C:\ProgramData\cocos\editors\Creator\3.6.0\resources\app.asar\builtin\engine\dist\editor-extends\missing-reporter\object-walker.ccc:1:460)
2025-08-30T13:47:48.223Z - warn: [Build] The SpriteFrame used by component "cc.Sprite" is missing. Detailed information:
Node path: "Canvas/nodeCenter/btnCleanOut"
Missing uuid: "f0d80fb8-d3d4-4723-ade7-20ba9e7ffd56@f9941"
[Build] The SpriteFrame used by component "cc.Sprite" is missing. Detailed information:
Node path: "Canvas/nodeCenter/btnCleanOut"
Missing uuid: "f0d80fb8-d3d4-4723-ade7-20ba9e7ffd56@f9941"
  
at Logger._logHandler (C:\ProgramData\cocos\editors\Creator\3.6.0\resources\app.asar\node_modules\@base\electron-worker\static\script.ccc:1:531)  
at Logger.record (C:\ProgramData\cocos\editors\Creator\3.6.0\resources\app.asar\node_modules\@base\electron-logger\lib\renderer.ccc:1:458)  
at Object.warn (C:\ProgramData\cocos\editors\Creator\3.6.0\resources\app.asar\node_modules\@base\electron-logger\lib\renderer.ccc:1:1260)  
at NewConsole.warn (C:\ProgramData\cocos\editors\Creator\3.6.0\resources\app.asar\builtin\builder\dist\worker\console.ccc:1:1306)  
at MissingObjectReporter.doReport (C:\ProgramData\cocos\editors\Creator\3.6.0\resources\app.asar\builtin\engine\dist\editor-extends\missing-reporter\missing-object-reporter.ccc:1:1304)  
at C:\ProgramData\cocos\editors\Creator\3.6.0\resources\app.asar\builtin\engine\dist\editor-extends\missing-reporter\missing-object-reporter.ccc:1:2190  
at ObjectWalkerBehavior.walk (C:\ProgramData\cocos\editors\Creator\3.6.0\resources\app.asar\builtin\engine\dist\editor-extends\missing-reporter\object-walker.ccc:1:2365)  
at ObjectWalkerBehavior.parseCCClass (C:\ProgramData\cocos\editors\Creator\3.6.0\resources\app.asar\builtin\engine\dist\editor-extends\missing-reporter\object-walker.ccc:1:650)  
at ObjectWalkerBehavior.parseObject (C:\ProgramData\cocos\editors\Creator\3.6.0\resources\app.asar\builtin\engine\dist\editor-extends\missing-reporter\object-walker.ccc:1:460)
2025-08-30T13:47:48.223Z - warn: [Build] The SpriteFrame used by component "cc.Button" is missing. Detailed information:
Node path: "Canvas/nodeCenter/btnCleanOut"
Missing uuid: "f0d80fb8-d3d4-4723-ade7-20ba9e7ffd56@f9941"
[Build] The SpriteFrame used by component "cc.Button" is missing. Detailed information:
Node path: "Canvas/nodeCenter/btnCleanOut"
Missing uuid: "f0d80fb8-d3d4-4723-ade7-20ba9e7ffd56@f9941"
  
at Logger._logHandler (C:\ProgramData\cocos\editors\Creator\3.6.0\resources\app.asar\node_modules\@base\electron-worker\static\script.ccc:1:531)  
at Logger.record (C:\ProgramData\cocos\editors\Creator\3.6.0\resources\app.asar\node_modules\@base\electron-logger\lib\renderer.ccc:1:458)  
at Object.warn (C:\ProgramData\cocos\editors\Creator\3.6.0\resources\app.asar\node_modules\@base\electron-logger\lib\renderer.ccc:1:1260)  
at NewConsole.warn (C:\ProgramData\cocos\editors\Creator\3.6.0\resources\app.asar\builtin\builder\dist\worker\console.ccc:1:1306)  
at MissingObjectReporter.doReport (C:\ProgramData\cocos\editors\Creator\3.6.0\resources\app.asar\builtin\engine\dist\editor-extends\missing-reporter\missing-object-reporter.ccc:1:1304)  
at C:\ProgramData\cocos\editors\Creator\3.6.0\resources\app.asar\builtin\engine\dist\editor-extends\missing-reporter\missing-object-reporter.ccc:1:2190  
at ObjectWalkerBehavior.walk (C:\ProgramData\cocos\editors\Creator\3.6.0\resources\app.asar\builtin\engine\dist\editor-extends\missing-reporter\object-walker.ccc:1:2365)  
at ObjectWalkerBehavior.parseCCClass (C:\ProgramData\cocos\editors\Creator\3.6.0\resources\app.asar\builtin\engine\dist\editor-extends\missing-reporter\object-walker.ccc:1:650)  
at ObjectWalkerBehavior.parseObject (C:\ProgramData\cocos\editors\Creator\3.6.0\resources\app.asar\builtin\engine\dist\editor-extends\missing-reporter\object-walker.ccc:1:460)
2025-08-30T13:47:48.272Z - warn: [Build] The SpriteFrame used by component "cc.Sprite" is missing. Detailed information:
Node path: "Canvas/nodeBottom"
Missing uuid: "a85f8c78-4576-48c4-bead-f844201d7dd2@f9941"
[Build] The SpriteFrame used by component "cc.Sprite" is missing. Detailed information:
Node path: "Canvas/nodeBottom"
Missing uuid: "a85f8c78-4576-48c4-bead-f844201d7dd2@f9941"
  
at Logger._logHandler (C:\ProgramData\cocos\editors\Creator\3.6.0\resources\app.asar\node_modules\@base\electron-worker\static\script.ccc:1:531)  
at Logger.record (C:\ProgramData\cocos\editors\Creator\3.6.0\resources\app.asar\node_modules\@base\electron-logger\lib\renderer.ccc:1:458)  
at Object.warn (C:\ProgramData\cocos\editors\Creator\3.6.0\resources\app.asar\node_modules\@base\electron-logger\lib\renderer.ccc:1:1260)  
at NewConsole.warn (C:\ProgramData\cocos\editors\Creator\3.6.0\resources\app.asar\builtin\builder\dist\worker\console.ccc:1:1306)  
at MissingObjectReporter.doReport (C:\ProgramData\cocos\editors\Creator\3.6.0\resources\app.asar\builtin\engine\dist\editor-extends\missing-reporter\missing-object-reporter.ccc:1:1304)  
at C:\ProgramData\cocos\editors\Creator\3.6.0\resources\app.asar\builtin\engine\dist\editor-extends\missing-reporter\missing-object-reporter.ccc:1:2190  
at ObjectWalkerBehavior.walk (C:\ProgramData\cocos\editors\Creator\3.6.0\resources\app.asar\builtin\engine\dist\editor-extends\missing-reporter\object-walker.ccc:1:2365)  
at ObjectWalkerBehavior.parseCCClass (C:\ProgramData\cocos\editors\Creator\3.6.0\resources\app.asar\builtin\engine\dist\editor-extends\missing-reporter\object-walker.ccc:1:650)  
at ObjectWalkerBehavior.parseObject (C:\ProgramData\cocos\editors\Creator\3.6.0\resources\app.asar\builtin\engine\dist\editor-extends\missing-reporter\object-walker.ccc:1:460)
2025-08-30T13:47:48.273Z - warn: [Build] The SpriteAtlas used by component "cc.Sprite" is missing. Detailed information:
Node path: "Canvas/nodeTop/btnBack"
Missing uuid: "54d24d99-428f-49ed-ae73-d6bf6be983b1"
[Build] The SpriteAtlas used by component "cc.Sprite" is missing. Detailed information:
Node path: "Canvas/nodeTop/btnBack"
Missing uuid: "54d24d99-428f-49ed-ae73-d6bf6be983b1"
  
at Logger._logHandler (C:\ProgramData\cocos\editors\Creator\3.6.0\resources\app.asar\node_modules\@base\electron-worker\static\script.ccc:1:531)  
at Logger.record (C:\ProgramData\cocos\editors\Creator\3.6.0\resources\app.asar\node_modules\@base\electron-logger\lib\renderer.ccc:1:458)  
at Object.warn (C:\ProgramData\cocos\editors\Creator\3.6.0\resources\app.asar\node_modules\@base\electron-logger\lib\renderer.ccc:1:1260)  
at NewConsole.warn (C:\ProgramData\cocos\editors\Creator\3.6.0\resources\app.asar\builtin\builder\dist\worker\console.ccc:1:1306)  
at MissingObjectReporter.doReport (C:\ProgramData\cocos\editors\Creator\3.6.0\resources\app.asar\builtin\engine\dist\editor-extends\missing-reporter\missing-object-reporter.ccc:1:1304)  
at C:\ProgramData\cocos\editors\Creator\3.6.0\resources\app.asar\builtin\engine\dist\editor-extends\missing-reporter\missing-object-reporter.ccc:1:2190  
at ObjectWalkerBehavior.walk (C:\ProgramData\cocos\editors\Creator\3.6.0\resources\app.asar\builtin\engine\dist\editor-extends\missing-reporter\object-walker.ccc:1:2365)  
at ObjectWalkerBehavior.parseCCClass (C:\ProgramData\cocos\editors\Creator\3.6.0\resources\app.asar\builtin\engine\dist\editor-extends\missing-reporter\object-walker.ccc:1:650)  
at ObjectWalkerBehavior.parseObject (C:\ProgramData\cocos\editors\Creator\3.6.0\resources\app.asar\builtin\engine\dist\editor-extends\missing-reporter\object-walker.ccc:1:460)
2025-08-30T13:47:48.273Z - warn: [Build] The SpriteAtlas used by component "cc.Sprite" is missing. Detailed information:
Node path: "Canvas/nodeTop/btnSet"
Missing uuid: "54d24d99-428f-49ed-ae73-d6bf6be983b1"
[Build] The SpriteAtlas used by component "cc.Sprite" is missing. Detailed information:
Node path: "Canvas/nodeTop/btnSet"
Missing uuid: "54d24d99-428f-49ed-ae73-d6bf6be983b1"
  
at Logger._logHandler (C:\ProgramData\cocos\editors\Creator\3.6.0\resources\app.asar\node_modules\@base\electron-worker\static\script.ccc:1:531)  
at Logger.record (C:\ProgramData\cocos\editors\Creator\3.6.0\resources\app.asar\node_modules\@base\electron-logger\lib\renderer.ccc:1:458)  
at Object.warn (C:\ProgramData\cocos\editors\Creator\3.6.0\resources\app.asar\node_modules\@base\electron-logger\lib\renderer.ccc:1:1260)  
at NewConsole.warn (C:\ProgramData\cocos\editors\Creator\3.6.0\resources\app.asar\builtin\builder\dist\worker\console.ccc:1:1306)  
at MissingObjectReporter.doReport (C:\ProgramData\cocos\editors\Creator\3.6.0\resources\app.asar\builtin\engine\dist\editor-extends\missing-reporter\missing-object-reporter.ccc:1:1304)  
at C:\ProgramData\cocos\editors\Creator\3.6.0\resources\app.asar\builtin\engine\dist\editor-extends\missing-reporter\missing-object-reporter.ccc:1:2190  
at ObjectWalkerBehavior.walk (C:\ProgramData\cocos\editors\Creator\3.6.0\resources\app.asar\builtin\engine\dist\editor-extends\missing-reporter\object-walker.ccc:1:2365)  
at ObjectWalkerBehavior.parseCCClass (C:\ProgramData\cocos\editors\Creator\3.6.0\resources\app.asar\builtin\engine\dist\editor-extends\missing-reporter\object-walker.ccc:1:650)  
at ObjectWalkerBehavior.parseObject (C:\ProgramData\cocos\editors\Creator\3.6.0\resources\app.asar\builtin\engine\dist\editor-extends\missing-reporter\object-walker.ccc:1:460)
2025-08-30T13:47:48.274Z - warn: [Build] The SpriteAtlas used by component "cc.Sprite" is missing. Detailed information:
Node path: "Canvas/nodeTop/btnRule"
Missing uuid: "54d24d99-428f-49ed-ae73-d6bf6be983b1"
[Build] The SpriteAtlas used by component "cc.Sprite" is missing. Detailed information:
Node path: "Canvas/nodeTop/btnRule"
Missing uuid: "54d24d99-428f-49ed-ae73-d6bf6be983b1"
  
at Logger._logHandler (C:\ProgramData\cocos\editors\Creator\3.6.0\resources\app.asar\node_modules\@base\electron-worker\static\script.ccc:1:531)  
at Logger.record (C:\ProgramData\cocos\editors\Creator\3.6.0\resources\app.asar\node_modules\@base\electron-logger\lib\renderer.ccc:1:458)  
at Object.warn (C:\ProgramData\cocos\editors\Creator\3.6.0\resources\app.asar\node_modules\@base\electron-logger\lib\renderer.ccc:1:1260)  
at NewConsole.warn (C:\ProgramData\cocos\editors\Creator\3.6.0\resources\app.asar\builtin\builder\dist\worker\console.ccc:1:1306)  
at MissingObjectReporter.doReport (C:\ProgramData\cocos\editors\Creator\3.6.0\resources\app.asar\builtin\engine\dist\editor-extends\missing-reporter\missing-object-reporter.ccc:1:1304)  
at C:\ProgramData\cocos\editors\Creator\3.6.0\resources\app.asar\builtin\engine\dist\editor-extends\missing-reporter\missing-object-reporter.ccc:1:2190  
at ObjectWalkerBehavior.walk (C:\ProgramData\cocos\editors\Creator\3.6.0\resources\app.asar\builtin\engine\dist\editor-extends\missing-reporter\object-walker.ccc:1:2365)  
at ObjectWalkerBehavior.parseCCClass (C:\ProgramData\cocos\editors\Creator\3.6.0\resources\app.asar\builtin\engine\dist\editor-extends\missing-reporter\object-walker.ccc:1:650)  
at ObjectWalkerBehavior.parseObject (C:\ProgramData\cocos\editors\Creator\3.6.0\resources\app.asar\builtin\engine\dist\editor-extends\missing-reporter\object-walker.ccc:1:460)
2025-08-30T13:47:53.582Z - warn: [Build] [build-script][[Build.Script.Rollup]] Circular dependency: file:///D:/xuhang/guan_dan/assets/scripts/manager/SoundManager.ts -> file:///D:/xuhang/guan_dan/assets/scripts/AppGlobal.ts -> file:///D:/xuhang/guan_dan/assets/scripts/common/utils.ts -> file:///D:/xuhang/guan_dan/assets/scripts/manager/SoundManager.ts
[warning][[Build.Script.Rollup]] Circular dependency: file:///D:/xuhang/guan_dan/assets/scripts/common/utils.ts -> file:///D:/xuhang/guan_dan/assets/scripts/manager/GlobalData.ts -> file:///D:/xuhang/guan_dan/assets/scripts/common/utils.ts
[warning][[Build.Script.Rollup]] Circular dependency: file:///D:/xuhang/guan_dan/assets/scripts/manager/GlobalData.ts -> file:///D:/xuhang/guan_dan/assets/scripts/component/raceAudition/RaceAuditionLineItem.ts -> file:///D:/xuhang/guan_dan/assets/scripts/manager/GlobalData.ts
[warning][[Build.Script.Rollup]] Circular dependency: file:///D:/xuhang/guan_dan/assets/scripts/manager/SoundManager.ts -> file:///D:/xuhang/guan_dan/assets/scripts/AppGlobal.ts -> file:///D:/xuhang/guan_dan/assets/scripts/common/utils.ts -> file:///D:/xuhang/guan_dan/assets/scripts/manager/GlobalData.ts -> file:///D:/xuhang/guan_dan/assets/scripts/component/raceAudition/RaceAuditionLineItem.ts -> file:///D:/xuhang/guan_dan/assets/scripts/manager/SoundManager.ts
[Build] [build-script][[Build.Script.Rollup]] Circular dependency: file:///D:/xuhang/guan_dan/assets/scripts/manager/SoundManager.ts -> file:///D:/xuhang/guan_dan/assets/scripts/AppGlobal.ts -> file:///D:/xuhang/guan_dan/assets/scripts/common/utils.ts -> file:///D:/xuhang/guan_dan/assets/scripts/manager/SoundManager.ts
[warning][[Build.Script.Rollup]] Circular dependency: file:///D:/xuhang/guan_dan/assets/scripts/common/utils.ts -> file:///D:/xuhang/guan_dan/assets/scripts/manager/GlobalData.ts -> file:///D:/xuhang/guan_dan/assets/scripts/common/utils.ts
[warning][[Build.Script.Rollup]] Circular dependency: file:///D:/xuhang/guan_dan/assets/scripts/manager/GlobalData.ts -> file:///D:/xuhang/guan_dan/assets/scripts/component/raceAudition/RaceAuditionLineItem.ts -> file:///D:/xuhang/guan_dan/assets/scripts/manager/GlobalData.ts
[warning][[Build.Script.Rollup]] Circular dependency: file:///D:/xuhang/guan_dan/assets/scripts/manager/SoundManager.ts -> file:///D:/xuhang/guan_dan/assets/scripts/AppGlobal.ts -> file:///D:/xuhang/guan_dan/assets/scripts/common/utils.ts -> file:///D:/xuhang/guan_dan/assets/scripts/manager/GlobalData.ts -> file:///D:/xuhang/guan_dan/assets/scripts/component/raceAudition/RaceAuditionLineItem.ts -> file:///D:/xuhang/guan_dan/assets/scripts/manager/SoundManager.ts
  
at Object.encode (C:\ProgramData\cocos\editors\Creator\3.6.0\resources\app.asar\node_modules\@base\electron-worker\node_modules\v-stacks\index.js:14:17)  
at Logger._logHandler (C:\ProgramData\cocos\editors\Creator\3.6.0\resources\app.asar\node_modules\@base\electron-worker\static\script.ccc:1:531)  
at Logger.record (C:\ProgramData\cocos\editors\Creator\3.6.0\resources\app.asar\node_modules\@base\electron-logger\lib\renderer.ccc:1:458)  
at Object.warn (C:\ProgramData\cocos\editors\Creator\3.6.0\resources\app.asar\node_modules\@base\electron-logger\lib\renderer.ccc:1:1260)  
at NewConsole.warn (C:\ProgramData\cocos\editors\Creator\3.6.0\resources\app.asar\builtin\builder\dist\worker\console.ccc:1:1306)  
at Socket.<anonymous> (C:\ProgramData\cocos\editors\Creator\3.6.0\resources\app.asar\builtin\builder\dist\worker\worker-pools\sub-process-manager.ccc:1:2640)  
at Socket.emit (events.js:315:20)  
at addChunk (internal/streams/readable.js:309:12)  
at readableAddChunk (internal/streams/readable.js:284:9)  
at Socket.Readable.push (internal/streams/readable.js:223:10)
2025-08-30T13:47:53.583Z - warn: [Build] [build-script][[Build.Script.Rollup]] Circular dependency: file:///D:/xuhang/guan_dan/assets/scripts/common/utils.ts -> file:///D:/xuhang/guan_dan/assets/scripts/manager/GlobalData.ts -> file:///D:/xuhang/guan_dan/assets/scripts/component/raceAudition/RaceAuditionLineItem.ts -> file:///D:/xuhang/guan_dan/assets/scripts/common/utils.ts
[warning][[Build.Script.Rollup]] Circular dependency: file:///D:/xuhang/guan_dan/assets/scripts/manager/GlobalData.ts -> file:///D:/xuhang/guan_dan/assets/scripts/component/raceScore/RaceScoreLineItem.ts -> file:///D:/xuhang/guan_dan/assets/scripts/manager/GlobalData.ts
[warning][[Build.Script.Rollup]] Circular dependency: file:///D:/xuhang/guan_dan/assets/scripts/manager/SoundManager.ts -> file:///D:/xuhang/guan_dan/assets/scripts/AppGlobal.ts -> file:///D:/xuhang/guan_dan/assets/scripts/common/utils.ts -> file:///D:/xuhang/guan_dan/assets/scripts/manager/GlobalData.ts -> file:///D:/xuhang/guan_dan/assets/scripts/component/raceScore/RaceScoreLineItem.ts -> file:///D:/xuhang/guan_dan/assets/scripts/manager/SoundManager.ts
[warning][[Build.Script.Rollup]] Circular dependency: file:///D:/xuhang/guan_dan/assets/scripts/common/utils.ts -> file:///D:/xuhang/guan_dan/assets/scripts/manager/GlobalData.ts -> file:///D:/xuhang/guan_dan/assets/scripts/component/raceScore/RaceScoreLineItem.ts -> file:///D:/xuhang/guan_dan/assets/scripts/common/utils.ts
[warning][[Build.Script.Rollup]] Circular dependency: file:///D:/xuhang/guan_dan/assets/scripts/manager/SoundManager.ts -> file:///D:/xuhang/guan_dan/assets/scripts/AppGlobal.ts -> file:///D:/xuhang/guan_dan/assets/scripts/common/utils.ts -> file:///D:/xuhang/guan_dan/assets/scripts/manager/GlobalData.ts -> file:///D:/xuhang/guan_dan/assets/scripts/manager/UIConfig.ts -> file:///D:/xuhang/guan_dan/assets/scripts/component/MessageBoxCommon.ts -> file:///D:/xuhang/guan_dan/assets/scripts/manager/SoundManager.ts
[warning][[Build.Script.Rollup]] Circular dependency: file:///D:/xuhang/guan_dan/assets/scripts/common/utils.ts -> file:///D:/xuhang/guan_dan/assets/scripts/manager/GlobalData.ts -> file:///D:/xuhang/guan_dan/assets/scripts/manager/UIConfig.ts -> file:///D:/xuhang/guan_dan/assets/scripts/component/SetingItem.ts -> file:///D:/xuhang/guan_dan/assets/scripts/common/utils.ts
[warning][[Build.Script.Rollup]] Circular dependency: file:///D:/xuhang/guan_dan/assets/scripts/manager/SoundManager.ts -> file:///D:/xuhang/guan_dan/assets/scripts/AppGlobal.ts -> file:///D:/xuhang/guan_dan/assets/scripts/common/utils.ts -> file:///D:/xuhang/guan_dan/assets/scripts/manager/GlobalData.ts -> file:///D:/xuhang/guan_dan/assets/scripts/manager/UIConfig.ts -> file:///D:/xuhang/guan_dan/assets/scripts/component/SetingItem.ts -> file:///D:/xuhang/guan_dan/assets/scripts/manager/SoundManager.ts
[warning][[Build.Script.Rollup]] Circular dependency: file:///D:/xuhang/guan_dan/assets/scripts/common/utils.ts -> file:///D:/xuhang/guan_dan/assets/scripts/manager/GlobalData.ts -> file:///D:/xuhang/guan_dan/assets/scripts/manager/UIConfig.ts -> file:///D:/xuhang/guan_dan/assets/scripts/component/SetingItem.ts -> file:///D:/xuhang/guan_dan/assets/scripts/manager/UIManager.ts -> file:///D:/xuhang/guan_dan/assets/scripts/common/utils.ts
[warning][[Build.Script.Rollup]] Circular dependency: file:///D:/xuhang/guan_dan/assets/scripts/manager/UIConfig.ts -> file:///D:/xuhang/guan_dan/assets/scripts/component/SetingItem.ts -> file:///D:/xuhang/guan_dan/assets/scripts/manager/UIManager.ts -> file:///D:/xuhang/guan_dan/assets/scripts/manager/UIConfig.ts
[warning][[Build.Script.Rollup]] Circular dependency: file:///D:/xuhang/guan_dan/assets/scripts/manager/UIConfig.ts -> file:///D:/xuhang/guan_dan/assets/scripts/component/SetingItem.ts -> file:///D:/xuhang/guan_dan/assets/scripts/manager/UIConfig.ts
[warning][[Build.Script.Rollup]] Circular dependency: file:///D:/xuhang/guan_dan/assets/scripts/manager/GlobalData.ts -> file:///D:/xuhang/guan_dan/assets/scripts/manager/UIConfig.ts -> file:///D:/xuhang/guan_dan/assets/scripts/component/SetingItem.ts -> file:///D:/xuhang/guan_dan/assets/scripts/manager/GlobalData.ts
[warning][[Build.Script.Rollup]] Circular dependency: file:///D:/xuhang/guan_dan/assets/scripts/manager/SoundManager.ts -> file:///D:/xuhang/guan_dan/assets/scripts/AppGlobal.ts -> file:///D:/xuhang/guan_dan/assets/scripts/common/utils.ts -> file:///D:/xuhang/guan_dan/assets/scripts/manager/GlobalData.ts -> file:///D:/xuhang/guan_dan/assets/scripts/manager/UIConfig.ts -> file:///D:/xuhang/guan_dan/assets/scripts/component/RuleItem.ts -> file:///D:/xuhang/guan_dan/assets/scripts/manager/SoundManager.ts
[warning][[Build.Script.Rollup]] Circular dependency: file:///D:/xuhang/guan_dan/assets/scripts/manager/GlobalData.ts -> file:///D:/xuhang/guan_dan/assets/scripts/manager/UIConfig.ts -> file:///D:/xuhang/guan_dan/assets/scripts/component/team/TeamItem.ts -> file:///D:/xuhang/guan_dan/assets/scripts/manager/GlobalData.ts
[warning][[Build.Script.Rollup]] Circular dependency: file:///D:/xuhang/guan_dan/assets/scripts/manager/UIConfig.ts -> file:///D:/xuhang/guan_dan/assets/scripts/component/room/KeyBoardItem.ts -> file:///D:/xuhang/guan_dan/assets/scripts/manager/UIConfig.ts
[warning][[Build.Script.Rollup]] Circular dependency: file:///D:/xuhang/guan_dan/assets/scripts/manager/SoundManager.ts -> file:///D:/xuhang/guan_dan/assets/scripts/AppGlobal.ts -> file:///D:/xuhang/guan_dan/assets/scripts/common/utils.ts -> file:///D:/xuhang/guan_dan/assets/scripts/manager/GlobalData.ts -> file:///D:/xuhang/guan_dan/assets/scripts/manager/UIConfig.ts -> file:///D:/xuhang/guan_dan/assets/scripts/component/room/CreateRoomItem.ts -> file:///D:/xuhang/guan_dan/assets/scripts/manager/SoundManager.ts
[warning][[Build.Script.Rollup]] Circular dependency: file:///D:/xuhang/guan_dan/assets/scripts/manager/GlobalData.ts -> file:///D:/xuhang/guan_dan/assets/scripts/manager/UIConfig.ts -> file:///D:/xuhang/guan_dan/assets/scripts/component/room/CreateRoomItem.ts -> file:///D:/xuhang/guan_dan/assets/scripts/manager/GlobalData.ts
[warning][[Build.Script.Rollup]] Circular dependency: file:///D:/xuhang/guan_dan/assets/scripts/manager/SoundManager.ts -> file:///D:/xuhang/guan_dan/assets/scripts/AppGlobal.ts -> file:///D:/xuhang/guan_dan/assets/scripts/common/utils.ts -> file:///D:/xuhang/guan_dan/assets/scripts/manager/GlobalData.ts -> file:///D:/xuhang/guan_dan/assets/scripts/manager/UIConfig.ts -> file:///D:/xuhang/guan_dan/assets/scripts/component/gameEndFree/GameEndFreeItem.ts -> file:///D:/xuhang/guan_dan/assets/scripts/manager/SoundManager.ts
[warning][[Build.Script.Rollup]] Circular dependency: file:///D:/xuhang/guan_dan/assets/scripts/common/utils.ts -> file:///D:/xuhang/guan_dan/assets/scripts/manager/GlobalData.ts -> file:///D:/xuhang/guan_dan/assets/scripts/manager/UIConfig.ts -> file:///D:/xuhang/guan_dan/assets/scripts/component/gameEndFree/GameEndFreeItem.ts -> file:///D:/xuhang/guan_dan/assets/scripts/component/gameEndFree/GameEndFreeHeadItem.ts -> file:///D:/xuhang/guan_dan/assets/scripts/common/utils.ts
[warning][[Build.Script.Rollup]] Circular dependency: file:///D:/xuhang/guan_dan/assets/scripts/manager/GlobalData.ts -> file:///D:/xuhang/guan_dan/assets/scripts/manager/UIConfig.ts -> file:///D:/xuhang/guan_dan/assets/scripts/component/gameEndFree/GameEndFreeItem.ts -> file:///D:/xuhang/guan_dan/assets/scripts/component/gameEndFree/GameEndFreeHeadItem.ts -> file:///D:/xuhang/guan_dan/assets/scripts/manager/GlobalData.ts
[warning][[Build.Script.Rollup]] Circular dependency: file:///D:/xuhang/guan_dan/assets/scripts/common/utils.ts -> file:///D:/xuhang/guan_dan/assets/scripts/manager/GlobalData.ts -> file:///D:/xuhang/guan_dan/assets/scripts/manager/UIConfig.ts -> file:///D:/xuhang/guan_dan/assets/scripts/component/gameEndFree/GameEndFreeItem.ts -> file:///D:/xuhang/guan_dan/assets/scripts/common/utils.ts
[warning][[Build.Script.Rollup]] Circular dependency: file:///D:/xuhang/guan_dan/assets/scripts/common/utils.ts -> file:///D:/xuhang/guan_dan/assets/scripts/manager/GlobalData.ts -> file:///D:/xuhang/guan_dan/assets/scripts/manager/UIConfig.ts -> file:///D:/xuhang/guan_dan/assets/scripts/component/gameEndFree/GameEndFreeItem.ts -> file:///D:/xuhang/guan_dan/assets/scripts/component/game/GameLogic.ts -> file:///D:/xuhang/guan_dan/assets/scripts/common/utils.ts
[warning][[Build.Script.Rollup]] Circular dependency: file:///D:/xuhang/guan_dan/assets/scripts/manager/GlobalData.ts -> file:///D:/xuhang/guan_dan/assets/scripts/manager/UIConfig.ts -> file:///D:/xuhang/guan_dan/assets/scripts/component/gameEndFree/GameEndFreeItem.ts -> file:///D:/xuhang/guan_dan/assets/scripts/component/game/GameLogic.ts -> file:///D:/xuhang/guan_dan/assets/scripts/manager/GlobalData.ts
[warning][[Build.Script.Rollup]] Circular dependency: file:///D:/xuhang/guan_dan/assets/scripts/manager/SoundManager.ts -> file:///D:/xuhang/guan_dan/assets/scripts/AppGlobal.ts -> file:///D:/xuhang/guan_dan/assets/scripts/common/utils.ts -> file:///D:/xuhang/guan_dan/assets/scripts/manager/GlobalData.ts -> file:///D:/xuhang/guan_dan/assets/scripts/manager/UIConfig.ts -> file:///D:/xuhang/guan_dan/assets/scripts/component/gameEndFree/GameEndFreeItem.ts -> file:///D:/xuhang/guan_dan/assets/scripts/component/game/GameLogic.ts -> file:///D:/xuhang/guan_dan/assets/scripts/manager/SoundManager.ts
[warning][[Build.Script.Rollup]] Circular dependency: file:///D:/xuhang/guan_dan/assets/scripts/manager/UIConfig.ts -> file:///D:/xuhang/guan_dan/assets/scripts/component/gameEndFree/GameEndFreeItem.ts -> file:///D:/xuhang/guan_dan/assets/scripts/manager/UIConfig.ts
[warning][[Build.Script.Rollup]] Circular dependency: file:///D:/xuhang/guan_dan/assets/scripts/manager/GlobalData.ts -> file:///D:/xuhang/guan_dan/assets/scripts/manager/UIConfig.ts -> file:///D:/xuhang/guan_dan/assets/scripts/component/gameEndFree/GameEndFreeItem.ts -> file:///D:/xuhang/guan_dan/assets/scripts/manager/GlobalData.ts
[warning][[Build.Script.Rollup]] Circular dependency: file:///D:/xuhang/guan_dan/assets/scripts/common/utils.ts -> file:///D:/xuhang/guan_dan/assets/scripts/manager/GlobalData.ts -> file:///D:/xuhang/guan_dan/assets/scripts/manager/UIConfig.ts -> file:///D:/xuhang/guan_dan/assets/scripts/component/gameEndFree/GameEndFreeItem.ts -> file:///D:/xuhang/guan_dan/assets/scripts/manager/GameSocket.ts -> file:///D:/xuhang/guan_dan/assets/scripts/common/utils.ts
[warning][[Build.Script.Rollup]] Circular dependency: file:///D:/xuhang/guan_dan/assets/scripts/common/utils.ts -> file:///D:/xuhang/guan_dan/assets/scripts/manager/GlobalData.ts -> file:///D:/xuhang/guan_dan/assets/scripts/manager/UIConfig.ts -> file:///D:/xuhang/guan_dan/assets/scripts/component/gameEndFree/GameEndFreeItem.ts -> file:///D:/xuhang/guan_dan/assets/scripts/manager/GameSocket.ts -> file:///D:/xuhang/guan_dan/assets/scripts/common/websocket.ts -> file:///D:/xuhang/guan_dan/assets/scripts/common/utils.ts
[warning][[Build.Script.Rollup]] Circular dependency: file:///D:/xuhang/guan_dan/assets/scripts/manager/GlobalData.ts -> file:///D:/xuhang/guan_dan/assets/scripts/manager/UIConfig.ts -> file:///D:/xuhang/guan_dan/assets/scripts/component/gameEndFree/GameEndFreeItem.ts -> file:///D:/xuhang/guan_dan/assets/scripts/manager/GameSocket.ts -> file:///D:/xuhang/guan_dan/assets/scripts/manager/GlobalData.ts
[warning][[Build.Script.Rollup]] Circular dependency: file:///D:/xuhang/guan_dan/assets/scripts/manager/UIConfig.ts -> file:///D:/xuhang/guan_dan/assets/scripts/component/gameEndFree/GameEndFreeItem.ts -> file:///D:/xuhang/guan_dan/assets/scripts/manager/GameSocket.ts -> file:///D:/xuhang/guan_dan/assets/scripts/manager/UIConfig.ts
[warning][[Build.Script.Rollup]] Circular dependency: file:///D:/xuhang/guan_dan/assets/scripts/manager/SoundManager.ts -> file:///D:/xuhang/guan_dan/assets/scripts/AppGlobal.ts -> file:///D:/xuhang/guan_dan/assets/scripts/common/utils.ts -> file:///D:/xuhang/guan_dan/assets/scripts/manager/GlobalData.ts -> file:///D:/xuhang/guan_dan/assets/scripts/manager/UIConfig.ts -> file:///D:/xuhang/guan_dan/assets/scripts/component/gameEndScoreRank/GameEndScoreRankItem.ts -> file:///D:/xuhang/guan_dan/assets/scripts/component/rank/RankScore.ts -> file:///D:/xuhang/guan_dan/assets/scripts/manager/SoundManager.ts
[warning][[Build.Script.Rollup]] Circular dependency: file:///D:/xuhang/guan_dan/assets/scripts/manager/GlobalData.ts -> file:///D:/xuhang/guan_dan/assets/scripts/manager/UIConfig.ts -> file:///D:/xuhang/guan_dan/assets/scripts/component/gameEndScoreRank/GameEndScoreRankItem.ts -> file:///D:/xuhang/guan_dan/assets/scripts/component/rank/RankScore.ts -> file:///D:/xuhang/guan_dan/assets/scripts/component/rank/RankScorePerson.ts -> file:///D:/xuhang/guan_dan/assets/scripts/manager/GlobalData.ts
[warning][[Build.Script.Rollup]] Circular dependency: file:///D:/xuhang/guan_dan/assets/scripts/common/utils.ts -> file:///D:/xuhang/guan_dan/assets/scripts/manager/GlobalData.ts -> file:///D:/xuhang/guan_dan/assets/scripts/manager/UIConfig.ts -> file:///D:/xuhang/guan_dan/assets/scripts/component/gameEndScoreRank/GameEndScoreRankItem.ts -> file:///D:/xuhang/guan_dan/assets/scripts/component/rank/RankScore.ts -> file:///D:/xuhang/guan_dan/assets/scripts/component/rank/RankScorePerson.ts -> file:///D:/xuhang/guan_dan/assets/scripts/component/rank/RankScorePersonSelfLine.ts -> file:///D:/xuhang/guan_dan/assets/scripts/component/LobbyUserHeadItem.ts -> file:///D:/xuhang/guan_dan/assets/scripts/common/utils.ts
[warning][[Build.Script.Rollup]] Circular dependency: file:///D:/xuhang/guan_dan/assets/scripts/manager/GlobalData.ts -> file:///D:/xuhang/guan_dan/assets/scripts/manager/UIConfig.ts -> file:///D:/xuhang/guan_dan/assets/scripts/component/gameEndScoreRank/GameEndScoreRankItem.ts -> file:///D:/xuhang/guan_dan/assets/scripts/component/rank/RankScore.ts -> file:///D:/xuhang/guan_dan/assets/scripts/component/rank/RankScorePerson.ts -> file:///D:/xuhang/guan_dan/assets/scripts/component/rank/RankScorePersonSelfLine.ts -> file:///D:/xuhang/guan_dan/assets/scripts/component/LobbyUserHeadItem.ts -> file:///D:/xuhang/guan_dan/assets/scripts/manager/GlobalData.ts
[warning][[Build.Script.Rollup]] Circular dependency: file:///D:/xuhang/guan_dan/assets/scripts/manager/GlobalData.ts -> file:///D:/xuhang/guan_dan/assets/scripts/manager/UIConfig.ts -> file:///D:/xuhang/guan_dan/assets/scripts/component/gameEndScoreRank/GameEndScoreRankItem.ts -> file:///D:/xuhang/guan_dan/assets/scripts/component/rank/RankScore.ts -> file:///D:/xuhang/guan_dan/assets/scripts/component/rank/RankScoreTeam.ts -> file:///D:/xuhang/guan_dan/assets/scripts/manager/GlobalData.ts
[warning][[Build.Script.Rollup]] Circular dependency: file:///D:/xuhang/guan_dan/assets/scripts/manager/SoundManager.ts -> file:///D:/xuhang/guan_dan/assets/scripts/AppGlobal.ts -> file:///D:/xuhang/guan_dan/assets/scripts/common/utils.ts -> file:///D:/xuhang/guan_dan/assets/scripts/manager/GlobalData.ts -> file:///D:/xuhang/guan_dan/assets/scripts/manager/UIConfig.ts -> file:///D:/xuhang/guan_dan/assets/scripts/component/gameEndScoreRank/GameEndScoreRankItem.ts -> file:///D:/xuhang/guan_dan/assets/scripts/manager/SoundManager.ts
[warning][[Build.Script.Rollup]] Circular dependency: file:///D:/xuhang/guan_dan/assets/scripts/manager/GlobalData.ts -> file:///D:/xuhang/guan_dan/assets/scripts/manager/UIConfig.ts -> file:///D:/xuhang/guan_dan/assets/scripts/component/gameEndScoreRank/GameEndScoreRankItem.ts -> file:///D:/xuhang/guan_dan/assets/scripts/component/gameEndScoreRank/GameEndScoreRankPerson.ts -> file:///D:/xuhang/guan_dan/assets/scripts/manager/GlobalData.ts
[warning][[Build.Script.Rollup]] Circular dependency: file:///D:/xuhang/guan_dan/assets/scripts/manager/GlobalData.ts -> file:///D:/xuhang/guan_dan/assets/scripts/manager/UIConfig.ts -> file:///D:/xuhang/guan_dan/assets/scripts/component/gameEndScoreRank/GameEndScoreRankItem.ts -> file:///D:/xuhang/guan_dan/assets/scripts/component/gameEndScoreRank/GameEndScoreRankTeam.ts -> file:///D:/xuhang/guan_dan/assets/scripts/manager/GlobalData.ts
[warning][[Build.Script.Rollup]] Circular dependency: file:///D:/xuhang/guan_dan/assets/scripts/common/utils.ts -> file:///D:/xuhang/guan_dan/assets/scripts/manager/GlobalData.ts -> file:///D:/xuhang/guan_dan/assets/scripts/manager/UIConfig.ts -> file:///D:/xuhang/guan_dan/assets/scripts/component/gameEndScoreRank/GameEndScoreRankItem.ts -> file:///D:/xuhang/guan_dan/assets/scripts/common/utils.ts
[warning][[Build.Script.Rollup]] Circular dependency: file:///D:/xuhang/guan_dan/assets/scripts/manager/GlobalData.ts -> file:///D:/xuhang/guan_dan/assets/scripts/manager/UIConfig.ts -> file:///D:/xuhang/guan_dan/assets/scripts/component/gameEndScoreRank/GameEndScoreRankItem.ts -> file:///D:/xuhang/guan_dan/assets/scripts/manager/GlobalData.ts
[warning][[Build.Script.Rollup]] Circular dependency: file:///D:/xuhang/guan_dan/assets/scripts/manager/UIConfig.ts -> file:///D:/xuhang/guan_dan/assets/scripts/component/gameEndScoreRank/GameEndScoreRankItem.ts -> file:///D:/xuhang/guan_dan/assets/scripts/manager/UIConfig.ts
[warning][[Build.Script.Rollup]] Circular dependency: file:///D:/xuhang/guan_dan/assets/scripts/manager/SoundManager.ts -> file:///D:/xuhang/guan_dan/assets/scripts/AppGlobal.ts -> file:///D:/xuhang/guan_dan/assets/scripts/common/utils.ts -> file:///D:/xuhang/guan_dan/assets/scripts/manager/GlobalData.ts -> file:///D:/xuhang/guan_dan/assets/scripts/manager/UIConfig.ts -> file:///D:/xuhang/guan_dan/assets/scripts/component/gameEndScore/GameEndScoreItem.ts -> file:///D:/xuhang/guan_dan/assets/scripts/manager/SoundManager.ts
[warning][[Build.Script.Rollup]] Circular dependency: file:///D:/xuhang/guan_dan/assets/scripts/manager/GlobalData.ts -> file:///D:/xuhang/guan_dan/assets/scripts/manager/UIConfig.ts -> file:///D:/xuhang/guan_dan/assets/scripts/component/gameEndScore/GameEndScoreItem.ts -> file:///D:/xuhang/guan_dan/assets/scripts/manager/GlobalData.ts
[warning][[Build.Script.Rollup]] Circular dependency: file:///D:/xuhang/guan_dan/assets/scripts/manager/SoundManager.ts -> file:///D:/xuhang/guan_dan/assets/scripts/AppGlobal.ts -> file:///D:/xuhang/guan_dan/assets/scripts/common/utils.ts -> file:///D:/xuhang/guan_dan/assets/scripts/manager/GlobalData.ts -> file:///D:/xuhang/guan_dan/assets/scripts/manager/UIConfig.ts -> file:///D:/xuhang/guan_dan/assets/scripts/component/gameEndKick/GameEndKickItem.ts -> file:///D:/xuhang/guan_dan/assets/scripts/manager/SoundManager.ts
[warning][[Build.Script.Rollup]] Circular dependency: file:///D:/xuhang/guan_dan/assets/scripts/common/utils.ts -> file:///D:/xuhang/guan_dan/assets/scripts/manager/GlobalData.ts -> file:///D:/xuhang/guan_dan/assets/scripts/manager/UIConfig.ts -> file:///D:/xuhang/guan_dan/assets/scripts/component/gameEndKick/GameEndKickItem.ts -> file:///D:/xuhang/guan_dan/assets/scripts/component/gameEndKick/GameEndKickHeadItem.ts -> file:///D:/xuhang/guan_dan/assets/scripts/common/utils.ts
[warning][[Build.Script.Rollup]] Circular dependency: file:///D:/xuhang/guan_dan/assets/scripts/manager/GlobalData.ts -> file:///D:/xuhang/guan_dan/assets/scripts/manager/UIConfig.ts -> file:///D:/xuhang/guan_dan/assets/scripts/component/gameEndKick/GameEndKickItem.ts -> file:///D:/xuhang/guan_dan/assets/scripts/manager/GlobalData.ts
[warning][[Build.Script.Rollup]] Circular dependency: file:///D:/xuhang/guan_dan/assets/scripts/manager/UIConfig.ts -> file:///D:/xuhang/guan_dan/assets/scripts/component/gameEndKick/GameEndKickItem.ts -> file:///D:/xuhang/guan_dan/assets/scripts/manager/UIConfig.ts
[warning][[Build.Script.Rollup]] Circular dependency: file:///D:/xuhang/guan_dan/assets/scripts/manager/SoundManager.ts -> file:///D:/xuhang/guan_dan/assets/scripts/AppGlobal.ts -> file:///D:/xuhang/guan_dan/assets/scripts/common/utils.ts -> file:///D:/xuhang/guan_dan/assets/scripts/manager/GlobalData.ts -> file:///D:/xuhang/guan_dan/assets/scripts/manager/UIConfig.ts -> file:///D:/xuhang/guan_dan/assets/scripts/component/gameEndKickUp/GameEndKickUpItem.ts -> file:///D:/xuhang/guan_dan/assets/scripts/manager/SoundManager.ts
[warning][[Build.Script.Rollup]] Circular dependency: file:///D:/xuhang/guan_dan/assets/scripts/manager/GlobalData.ts -> file:///D:/xuhang/guan_dan/assets/scripts/manager/UIConfig.ts -> file:///D:/xuhang/guan_dan/assets/scripts/component/gameEndKickUp/GameEndKickUpItem.ts -> file:///D:/xuhang/guan_dan/assets/scripts/manager/GlobalData.ts
[warning][[Build.Script.Rollup]] Circular dependency: file:///D:/xuhang/guan_dan/assets/scripts/manager/UIConfig.ts -> file:///D:/xuhang/guan_dan/assets/scripts/component/gameEndKickUp/GameEndKickUpItem.ts -> file:///D:/xuhang/guan_dan/assets/scripts/manager/UIConfig.ts
[warning][[Build.Script.Rollup]] Circular dependency: file:///D:/xuhang/guan_dan/assets/scripts/common/utils.ts -> file:///D:/xuhang/guan_dan/assets/scripts/manager/GlobalData.ts -> file:///D:/xuhang/guan_dan/assets/scripts/manager/UIConfig.ts -> file:///D:/xuhang/guan_dan/assets/scripts/component/gameEndKickUp/GameEndKickUpItem.ts -> file:///D:/xuhang/guan_dan/assets/scripts/common/utils.ts
[warning][[Build.Script.Rollup]] Circular dependency: file:///D:/xuhang/guan_dan/assets/scripts/manager/SoundManager.ts -> file:///D:/xuhang/guan_dan/assets/scripts/AppGlobal.ts -> file:///D:/xuhang/guan_dan/assets/scripts/common/utils.ts -> file:///D:/xuhang/guan_dan/assets/scripts/manager/GlobalData.ts -> file:///D:/xuhang/guan_dan/assets/scripts/manager/UIConfig.ts -> file:///D:/xuhang/guan_dan/assets/scripts/component/teamUp/TeamUpItem.ts -> file:///D:/xuhang/guan_dan/assets/scripts/manager/SoundManager.ts
[warning][[Build.Script.Rollup]] Circular dependency: file:///D:/xuhang/guan_dan/assets/scripts/common/utils.ts -> file:///D:/xuhang/guan_dan/assets/scripts/manager/GlobalData.ts -> file:///D:/xuhang/guan_dan/assets/scripts/manager/UIConfig.ts -> file:///D:/xuhang/guan_dan/assets/scripts/component/teamUp/TeamUpItem.ts -> file:///D:/xuhang/guan_dan/assets/scripts/common/utils.ts
[warning][[Build.Script.Rollup]] Circular dependency: file:///D:/xuhang/guan_dan/assets/scripts/manager/GlobalData.ts -> file:///D:/xuhang/guan_dan/assets/scripts/manager/UIConfig.ts -> file:///D:/xuhang/guan_dan/assets/scripts/component/teamUp/TeamUpItem.ts -> file:///D:/xuhang/guan_dan/assets/scripts/manager/GlobalData.ts
[warning][[Build.Script.Rollup]] Circular dependency: file:///D:/xuhang/guan_dan/assets/scripts/AppGlobal.ts -> file:///D:/xuhang/guan_dan/assets/scripts/common/utils.ts -> file:///D:/xuhang/guan_dan/assets/scripts/manager/GlobalData.ts -> file:///D:/xuhang/guan_dan/assets/scripts/manager/UIConfig.ts -> file:///D:/xuhang/guan_dan/assets/scripts/component/teamUp/TeamUpItem.ts -> file:///D:/xuhang/guan_dan/assets/scripts/AppGlobal.ts
[warning][[Build.Script.Rollup]] Circular dependency: file:///D:/xuhang/guan_dan/assets/scripts/manager/GlobalData.ts -> file:///D:/xuhang/guan_dan/assets/scripts/manager/UIConfig.ts -> file:///D:/xuhang/guan_dan/assets/scripts/component/raceScore/RaceScoreItem.ts -> file:///D:/xuhang/guan_dan/assets/scripts/manager/GlobalData.ts
[warning][[Build.Script.Rollup]] Circular dependency: file:///D:/xuhang/guan_dan/assets/scripts/manager/SoundManager.ts -> file:///D:/xuhang/guan_dan/assets/scripts/AppGlobal.ts -> file:///D:/xuhang/guan_dan/assets/scripts/common/utils.ts -> file:///D:/xuhang/guan_dan/assets/scripts/manager/GlobalData.ts -> file:///D:/xuhang/guan_dan/assets/scripts/manager/UIConfig.ts -> file:///D:/xuhang/guan_dan/assets/scripts/component/raceScore/RaceScoreItem.ts -> file:///D:/xuhang/guan_dan/assets/scripts/manager/SoundManager.ts
[warning][[Build.Script.Rollup]] Circular dependency: file:///D:/xuhang/guan_dan/assets/scripts/common/utils.ts -> file:///D:/xuhang/guan_dan/assets/scripts/manager/GlobalData.ts -> file:///D:/xuhang/guan_dan/assets/scripts/manager/UIConfig.ts -> file:///D:/xuhang/guan_dan/assets/scripts/component/raceScore/RaceScoreItem.ts -> file:///D:/xuhang/guan_dan/assets/scripts/common/utils.ts
[warning][[Build.Script.Rollup]] Circular dependency: file:///D:/xuhang/guan_dan/assets/scripts/manager/UIConfig.ts -> file:///D:/xuhang/guan_dan/assets/scripts/component/raceScore/RaceScoreItem.ts -> file:///D:/xuhang/guan_dan/assets/scripts/manager/UIConfig.ts
[warning][[Build.Script.Rollup]] Circular dependency: file:///D:/xuhang/guan_dan/assets/scripts/manager/GlobalData.ts -> file:///D:/xuhang/guan_dan/assets/scripts/manager/UIConfig.ts -> file:///D:/xuhang/guan_dan/assets/scripts/component/raceKick/RaceKickItem.ts -> file:///D:/xuhang/guan_dan/assets/scripts/manager/GlobalData.ts
[warning][[Build.Script.Rollup]] Circular dependency: file:///D:/xuhang/guan_dan/assets/scripts/manager/SoundManager.ts -> file:///D:/xuhang/guan_dan/assets/scripts/AppGlobal.ts -> file:///D:/xuhang/guan_dan/assets/scripts/common/utils.ts -> file:///D:/xuhang/guan_dan/assets/scripts/manager/GlobalData.ts -> file:///D:/xuhang/guan_dan/assets/scripts/manager/UIConfig.ts -> file:///D:/xuhang/guan_dan/assets/scripts/component/raceKick/RaceKickItem.ts -> file:///D:/xuhang/guan_dan/assets/scripts/manager/SoundManager.ts
[Build] [build-script][[Build.Script.Rollup]] Circular dependency: file:///D:/xuhang/guan_dan/assets/scripts/common/utils.ts -> file:///D:/xuhang/guan_dan/assets/scripts/manager/GlobalData.ts -> file:///D:/xuhang/guan_dan/assets/scripts/component/raceAudition/RaceAuditionLineItem.ts -> file:///D:/xuhang/guan_dan/assets/scripts/common/utils.ts
[warning][[Build.Script.Rollup]] Circular dependency: file:///D:/xuhang/guan_dan/assets/scripts/manager/GlobalData.ts -> file:///D:/xuhang/guan_dan/assets/scripts/component/raceScore/RaceScoreLineItem.ts -> file:///D:/xuhang/guan_dan/assets/scripts/manager/GlobalData.ts
[warning][[Build.Script.Rollup]] Circular dependency: file:///D:/xuhang/guan_dan/assets/scripts/manager/SoundManager.ts -> file:///D:/xuhang/guan_dan/assets/scripts/AppGlobal.ts -> file:///D:/xuhang/guan_dan/assets/scripts/common/utils.ts -> file:///D:/xuhang/guan_dan/assets/scripts/manager/GlobalData.ts -> file:///D:/xuhang/guan_dan/assets/scripts/component/raceScore/RaceScoreLineItem.ts -> file:///D:/xuhang/guan_dan/assets/scripts/manager/SoundManager.ts
[warning][[Build.Script.Rollup]] Circular dependency: file:///D:/xuhang/guan_dan/assets/scripts/common/utils.ts -> file:///D:/xuhang/guan_dan/assets/scripts/manager/GlobalData.ts -> file:///D:/xuhang/guan_dan/assets/scripts/component/raceScore/RaceScoreLineItem.ts -> file:///D:/xuhang/guan_dan/assets/scripts/common/utils.ts
[warning][[Build.Script.Rollup]] Circular dependency: file:///D:/xuhang/guan_dan/assets/scripts/manager/SoundManager.ts -> file:///D:/xuhang/guan_dan/assets/scripts/AppGlobal.ts -> file:///D:/xuhang/guan_dan/assets/scripts/common/utils.ts -> file:///D:/xuhang/guan_dan/assets/scripts/manager/GlobalData.ts -> file:///D:/xuhang/guan_dan/assets/scripts/manager/UIConfig.ts -> file:///D:/xuhang/guan_dan/assets/scripts/component/MessageBoxCommon.ts -> file:///D:/xuhang/guan_dan/assets/scripts/manager/SoundManager.ts
[warning][[Build.Script.Rollup]] Circular dependency: file:///D:/xuhang/guan_dan/assets/scripts/common/utils.ts -> file:///D:/xuhang/guan_dan/assets/scripts/manager/GlobalData.ts -> file:///D:/xuhang/guan_dan/assets/scripts/manager/UIConfig.ts -> file:///D:/xuhang/guan_dan/assets/scripts/component/SetingItem.ts -> file:///D:/xuhang/guan_dan/assets/scripts/common/utils.ts
[warning][[Build.Script.Rollup]] Circular dependency: file:///D:/xuhang/guan_dan/assets/scripts/manager/SoundManager.ts -> file:///D:/xuhang/guan_dan/assets/scripts/AppGlobal.ts -> file:///D:/xuhang/guan_dan/assets/scripts/common/utils.ts -> file:///D:/xuhang/guan_dan/assets/scripts/manager/GlobalData.ts -> file:///D:/xuhang/guan_dan/assets/scripts/manager/UIConfig.ts -> file:///D:/xuhang/guan_dan/assets/scripts/component/SetingItem.ts -> file:///D:/xuhang/guan_dan/assets/scripts/manager/SoundManager.ts
[warning][[Build.Script.Rollup]] Circular dependency: file:///D:/xuhang/guan_dan/assets/scripts/common/utils.ts -> file:///D:/xuhang/guan_dan/assets/scripts/manager/GlobalData.ts -> file:///D:/xuhang/guan_dan/assets/scripts/manager/UIConfig.ts -> file:///D:/xuhang/guan_dan/assets/scripts/component/SetingItem.ts -> file:///D:/xuhang/guan_dan/assets/scripts/manager/UIManager.ts -> file:///D:/xuhang/guan_dan/assets/scripts/common/utils.ts
[warning][[Build.Script.Rollup]] Circular dependency: file:///D:/xuhang/guan_dan/assets/scripts/manager/UIConfig.ts -> file:///D:/xuhang/guan_dan/assets/scripts/component/SetingItem.ts -> file:///D:/xuhang/guan_dan/assets/scripts/manager/UIManager.ts -> file:///D:/xuhang/guan_dan/assets/scripts/manager/UIConfig.ts
[warning][[Build.Script.Rollup]] Circular dependency: file:///D:/xuhang/guan_dan/assets/scripts/manager/UIConfig.ts -> file:///D:/xuhang/guan_dan/assets/scripts/component/SetingItem.ts -> file:///D:/xuhang/guan_dan/assets/scripts/manager/UIConfig.ts
[warning][[Build.Script.Rollup]] Circular dependency: file:///D:/xuhang/guan_dan/assets/scripts/manager/GlobalData.ts -> file:///D:/xuhang/guan_dan/assets/scripts/manager/UIConfig.ts -> file:///D:/xuhang/guan_dan/assets/scripts/component/SetingItem.ts -> file:///D:/xuhang/guan_dan/assets/scripts/manager/GlobalData.ts
[warning][[Build.Script.Rollup]] Circular dependency: file:///D:/xuhang/guan_dan/assets/scripts/manager/SoundManager.ts -> file:///D:/xuhang/guan_dan/assets/scripts/AppGlobal.ts -> file:///D:/xuhang/guan_dan/assets/scripts/common/utils.ts -> file:///D:/xuhang/guan_dan/assets/scripts/manager/GlobalData.ts -> file:///D:/xuhang/guan_dan/assets/scripts/manager/UIConfig.ts -> file:///D:/xuhang/guan_dan/assets/scripts/component/RuleItem.ts -> file:///D:/xuhang/guan_dan/assets/scripts/manager/SoundManager.ts
[warning][[Build.Script.Rollup]] Circular dependency: file:///D:/xuhang/guan_dan/assets/scripts/manager/GlobalData.ts -> file:///D:/xuhang/guan_dan/assets/scripts/manager/UIConfig.ts -> file:///D:/xuhang/guan_dan/assets/scripts/component/team/TeamItem.ts -> file:///D:/xuhang/guan_dan/assets/scripts/manager/GlobalData.ts
[warning][[Build.Script.Rollup]] Circular dependency: file:///D:/xuhang/guan_dan/assets/scripts/manager/UIConfig.ts -> file:///D:/xuhang/guan_dan/assets/scripts/component/room/KeyBoardItem.ts -> file:///D:/xuhang/guan_dan/assets/scripts/manager/UIConfig.ts
[warning][[Build.Script.Rollup]] Circular dependency: file:///D:/xuhang/guan_dan/assets/scripts/manager/SoundManager.ts -> file:///D:/xuhang/guan_dan/assets/scripts/AppGlobal.ts -> file:///D:/xuhang/guan_dan/assets/scripts/common/utils.ts -> file:///D:/xuhang/guan_dan/assets/scripts/manager/GlobalData.ts -> file:///D:/xuhang/guan_dan/assets/scripts/manager/UIConfig.ts -> file:///D:/xuhang/guan_dan/assets/scripts/component/room/CreateRoomItem.ts -> file:///D:/xuhang/guan_dan/assets/scripts/manager/SoundManager.ts
[warning][[Build.Script.Rollup]] Circular dependency: file:///D:/xuhang/guan_dan/assets/scripts/manager/GlobalData.ts -> file:///D:/xuhang/guan_dan/assets/scripts/manager/UIConfig.ts -> file:///D:/xuhang/guan_dan/assets/scripts/component/room/CreateRoomItem.ts -> file:///D:/xuhang/guan_dan/assets/scripts/manager/GlobalData.ts
[warning][[Build.Script.Rollup]] Circular dependency: file:///D:/xuhang/guan_dan/assets/scripts/manager/SoundManager.ts -> file:///D:/xuhang/guan_dan/assets/scripts/AppGlobal.ts -> file:///D:/xuhang/guan_dan/assets/scripts/common/utils.ts -> file:///D:/xuhang/guan_dan/assets/scripts/manager/GlobalData.ts -> file:///D:/xuhang/guan_dan/assets/scripts/manager/UIConfig.ts -> file:///D:/xuhang/guan_dan/assets/scripts/component/gameEndFree/GameEndFreeItem.ts -> file:///D:/xuhang/guan_dan/assets/scripts/manager/SoundManager.ts
[warning][[Build.Script.Rollup]] Circular dependency: file:///D:/xuhang/guan_dan/assets/scripts/common/utils.ts -> file:///D:/xuhang/guan_dan/assets/scripts/manager/GlobalData.ts -> file:///D:/xuhang/guan_dan/assets/scripts/manager/UIConfig.ts -> file:///D:/xuhang/guan_dan/assets/scripts/component/gameEndFree/GameEndFreeItem.ts -> file:///D:/xuhang/guan_dan/assets/scripts/component/gameEndFree/GameEndFreeHeadItem.ts -> file:///D:/xuhang/guan_dan/assets/scripts/common/utils.ts
[warning][[Build.Script.Rollup]] Circular dependency: file:///D:/xuhang/guan_dan/assets/scripts/manager/GlobalData.ts -> file:///D:/xuhang/guan_dan/assets/scripts/manager/UIConfig.ts -> file:///D:/xuhang/guan_dan/assets/scripts/component/gameEndFree/GameEndFreeItem.ts -> file:///D:/xuhang/guan_dan/assets/scripts/component/gameEndFree/GameEndFreeHeadItem.ts -> file:///D:/xuhang/guan_dan/assets/scripts/manager/GlobalData.ts
[warning][[Build.Script.Rollup]] Circular dependency: file:///D:/xuhang/guan_dan/assets/scripts/common/utils.ts -> file:///D:/xuhang/guan_dan/assets/scripts/manager/GlobalData.ts -> file:///D:/xuhang/guan_dan/assets/scripts/manager/UIConfig.ts -> file:///D:/xuhang/guan_dan/assets/scripts/component/gameEndFree/GameEndFreeItem.ts -> file:///D:/xuhang/guan_dan/assets/scripts/common/utils.ts
[warning][[Build.Script.Rollup]] Circular dependency: file:///D:/xuhang/guan_dan/assets/scripts/common/utils.ts -> file:///D:/xuhang/guan_dan/assets/scripts/manager/GlobalData.ts -> file:///D:/xuhang/guan_dan/assets/scripts/manager/UIConfig.ts -> file:///D:/xuhang/guan_dan/assets/scripts/component/gameEndFree/GameEndFreeItem.ts -> file:///D:/xuhang/guan_dan/assets/scripts/component/game/GameLogic.ts -> file:///D:/xuhang/guan_dan/assets/scripts/common/utils.ts
[warning][[Build.Script.Rollup]] Circular dependency: file:///D:/xuhang/guan_dan/assets/scripts/manager/GlobalData.ts -> file:///D:/xuhang/guan_dan/assets/scripts/manager/UIConfig.ts -> file:///D:/xuhang/guan_dan/assets/scripts/component/gameEndFree/GameEndFreeItem.ts -> file:///D:/xuhang/guan_dan/assets/scripts/component/game/GameLogic.ts -> file:///D:/xuhang/guan_dan/assets/scripts/manager/GlobalData.ts
[warning][[Build.Script.Rollup]] Circular dependency: file:///D:/xuhang/guan_dan/assets/scripts/manager/SoundManager.ts -> file:///D:/xuhang/guan_dan/assets/scripts/AppGlobal.ts -> file:///D:/xuhang/guan_dan/assets/scripts/common/utils.ts -> file:///D:/xuhang/guan_dan/assets/scripts/manager/GlobalData.ts -> file:///D:/xuhang/guan_dan/assets/scripts/manager/UIConfig.ts -> file:///D:/xuhang/guan_dan/assets/scripts/component/gameEndFree/GameEndFreeItem.ts -> file:///D:/xuhang/guan_dan/assets/scripts/component/game/GameLogic.ts -> file:///D:/xuhang/guan_dan/assets/scripts/manager/SoundManager.ts
[warning][[Build.Script.Rollup]] Circular dependency: file:///D:/xuhang/guan_dan/assets/scripts/manager/UIConfig.ts -> file:///D:/xuhang/guan_dan/assets/scripts/component/gameEndFree/GameEndFreeItem.ts -> file:///D:/xuhang/guan_dan/assets/scripts/manager/UIConfig.ts
[warning][[Build.Script.Rollup]] Circular dependency: file:///D:/xuhang/guan_dan/assets/scripts/manager/GlobalData.ts -> file:///D:/xuhang/guan_dan/assets/scripts/manager/UIConfig.ts -> file:///D:/xuhang/guan_dan/assets/scripts/component/gameEndFree/GameEndFreeItem.ts -> file:///D:/xuhang/guan_dan/assets/scripts/manager/GlobalData.ts
[warning][[Build.Script.Rollup]] Circular dependency: file:///D:/xuhang/guan_dan/assets/scripts/common/utils.ts -> file:///D:/xuhang/guan_dan/assets/scripts/manager/GlobalData.ts -> file:///D:/xuhang/guan_dan/assets/scripts/manager/UIConfig.ts -> file:///D:/xuhang/guan_dan/assets/scripts/component/gameEndFree/GameEndFreeItem.ts -> file:///D:/xuhang/guan_dan/assets/scripts/manager/GameSocket.ts -> file:///D:/xuhang/guan_dan/assets/scripts/common/utils.ts
[warning][[Build.Script.Rollup]] Circular dependency: file:///D:/xuhang/guan_dan/assets/scripts/common/utils.ts -> file:///D:/xuhang/guan_dan/assets/scripts/manager/GlobalData.ts -> file:///D:/xuhang/guan_dan/assets/scripts/manager/UIConfig.ts -> file:///D:/xuhang/guan_dan/assets/scripts/component/gameEndFree/GameEndFreeItem.ts -> file:///D:/xuhang/guan_dan/assets/scripts/manager/GameSocket.ts -> file:///D:/xuhang/guan_dan/assets/scripts/common/websocket.ts -> file:///D:/xuhang/guan_dan/assets/scripts/common/utils.ts
[warning][[Build.Script.Rollup]] Circular dependency: file:///D:/xuhang/guan_dan/assets/scripts/manager/GlobalData.ts -> file:///D:/xuhang/guan_dan/assets/scripts/manager/UIConfig.ts -> file:///D:/xuhang/guan_dan/assets/scripts/component/gameEndFree/GameEndFreeItem.ts -> file:///D:/xuhang/guan_dan/assets/scripts/manager/GameSocket.ts -> file:///D:/xuhang/guan_dan/assets/scripts/manager/GlobalData.ts
[warning][[Build.Script.Rollup]] Circular dependency: file:///D:/xuhang/guan_dan/assets/scripts/manager/UIConfig.ts -> file:///D:/xuhang/guan_dan/assets/scripts/component/gameEndFree/GameEndFreeItem.ts -> file:///D:/xuhang/guan_dan/assets/scripts/manager/GameSocket.ts -> file:///D:/xuhang/guan_dan/assets/scripts/manager/UIConfig.ts
[warning][[Build.Script.Rollup]] Circular dependency: file:///D:/xuhang/guan_dan/assets/scripts/manager/SoundManager.ts -> file:///D:/xuhang/guan_dan/assets/scripts/AppGlobal.ts -> file:///D:/xuhang/guan_dan/assets/scripts/common/utils.ts -> file:///D:/xuhang/guan_dan/assets/scripts/manager/GlobalData.ts -> file:///D:/xuhang/guan_dan/assets/scripts/manager/UIConfig.ts -> file:///D:/xuhang/guan_dan/assets/scripts/component/gameEndScoreRank/GameEndScoreRankItem.ts -> file:///D:/xuhang/guan_dan/assets/scripts/component/rank/RankScore.ts -> file:///D:/xuhang/guan_dan/assets/scripts/manager/SoundManager.ts
[warning][[Build.Script.Rollup]] Circular dependency: file:///D:/xuhang/guan_dan/assets/scripts/manager/GlobalData.ts -> file:///D:/xuhang/guan_dan/assets/scripts/manager/UIConfig.ts -> file:///D:/xuhang/guan_dan/assets/scripts/component/gameEndScoreRank/GameEndScoreRankItem.ts -> file:///D:/xuhang/guan_dan/assets/scripts/component/rank/RankScore.ts -> file:///D:/xuhang/guan_dan/assets/scripts/component/rank/RankScorePerson.ts -> file:///D:/xuhang/guan_dan/assets/scripts/manager/GlobalData.ts
[warning][[Build.Script.Rollup]] Circular dependency: file:///D:/xuhang/guan_dan/assets/scripts/common/utils.ts -> file:///D:/xuhang/guan_dan/assets/scripts/manager/GlobalData.ts -> file:///D:/xuhang/guan_dan/assets/scripts/manager/UIConfig.ts -> file:///D:/xuhang/guan_dan/assets/scripts/component/gameEndScoreRank/GameEndScoreRankItem.ts -> file:///D:/xuhang/guan_dan/assets/scripts/component/rank/RankScore.ts -> file:///D:/xuhang/guan_dan/assets/scripts/component/rank/RankScorePerson.ts -> file:///D:/xuhang/guan_dan/assets/scripts/component/rank/RankScorePersonSelfLine.ts -> file:///D:/xuhang/guan_dan/assets/scripts/component/LobbyUserHeadItem.ts -> file:///D:/xuhang/guan_dan/assets/scripts/common/utils.ts
[warning][[Build.Script.Rollup]] Circular dependency: file:///D:/xuhang/guan_dan/assets/scripts/manager/GlobalData.ts -> file:///D:/xuhang/guan_dan/assets/scripts/manager/UIConfig.ts -> file:///D:/xuhang/guan_dan/assets/scripts/component/gameEndScoreRank/GameEndScoreRankItem.ts -> file:///D:/xuhang/guan_dan/assets/scripts/component/rank/RankScore.ts -> file:///D:/xuhang/guan_dan/assets/scripts/component/rank/RankScorePerson.ts -> file:///D:/xuhang/guan_dan/assets/scripts/component/rank/RankScorePersonSelfLine.ts -> file:///D:/xuhang/guan_dan/assets/scripts/component/LobbyUserHeadItem.ts -> file:///D:/xuhang/guan_dan/assets/scripts/manager/GlobalData.ts
[warning][[Build.Script.Rollup]] Circular dependency: file:///D:/xuhang/guan_dan/assets/scripts/manager/GlobalData.ts -> file:///D:/xuhang/guan_dan/assets/scripts/manager/UIConfig.ts -> file:///D:/xuhang/guan_dan/assets/scripts/component/gameEndScoreRank/GameEndScoreRankItem.ts -> file:///D:/xuhang/guan_dan/assets/scripts/component/rank/RankScore.ts -> file:///D:/xuhang/guan_dan/assets/scripts/component/rank/RankScoreTeam.ts -> file:///D:/xuhang/guan_dan/assets/scripts/manager/GlobalData.ts
[warning][[Build.Script.Rollup]] Circular dependency: file:///D:/xuhang/guan_dan/assets/scripts/manager/SoundManager.ts -> file:///D:/xuhang/guan_dan/assets/scripts/AppGlobal.ts -> file:///D:/xuhang/guan_dan/assets/scripts/common/utils.ts -> file:///D:/xuhang/guan_dan/assets/scripts/manager/GlobalData.ts -> file:///D:/xuhang/guan_dan/assets/scripts/manager/UIConfig.ts -> file:///D:/xuhang/guan_dan/assets/scripts/component/gameEndScoreRank/GameEndScoreRankItem.ts -> file:///D:/xuhang/guan_dan/assets/scripts/manager/SoundManager.ts
[warning][[Build.Script.Rollup]] Circular dependency: file:///D:/xuhang/guan_dan/assets/scripts/manager/GlobalData.ts -> file:///D:/xuhang/guan_dan/assets/scripts/manager/UIConfig.ts -> file:///D:/xuhang/guan_dan/assets/scripts/component/gameEndScoreRank/GameEndScoreRankItem.ts -> file:///D:/xuhang/guan_dan/assets/scripts/component/gameEndScoreRank/GameEndScoreRankPerson.ts -> file:///D:/xuhang/guan_dan/assets/scripts/manager/GlobalData.ts
[warning][[Build.Script.Rollup]] Circular dependency: file:///D:/xuhang/guan_dan/assets/scripts/manager/GlobalData.ts -> file:///D:/xuhang/guan_dan/assets/scripts/manager/UIConfig.ts -> file:///D:/xuhang/guan_dan/assets/scripts/component/gameEndScoreRank/GameEndScoreRankItem.ts -> file:///D:/xuhang/guan_dan/assets/scripts/component/gameEndScoreRank/GameEndScoreRankTeam.ts -> file:///D:/xuhang/guan_dan/assets/scripts/manager/GlobalData.ts
[warning][[Build.Script.Rollup]] Circular dependency: file:///D:/xuhang/guan_dan/assets/scripts/common/utils.ts -> file:///D:/xuhang/guan_dan/assets/scripts/manager/GlobalData.ts -> file:///D:/xuhang/guan_dan/assets/scripts/manager/UIConfig.ts -> file:///D:/xuhang/guan_dan/assets/scripts/component/gameEndScoreRank/GameEndScoreRankItem.ts -> file:///D:/xuhang/guan_dan/assets/scripts/common/utils.ts
[warning][[Build.Script.Rollup]] Circular dependency: file:///D:/xuhang/guan_dan/assets/scripts/manager/GlobalData.ts -> file:///D:/xuhang/guan_dan/assets/scripts/manager/UIConfig.ts -> file:///D:/xuhang/guan_dan/assets/scripts/component/gameEndScoreRank/GameEndScoreRankItem.ts -> file:///D:/xuhang/guan_dan/assets/scripts/manager/GlobalData.ts
[warning][[Build.Script.Rollup]] Circular dependency: file:///D:/xuhang/guan_dan/assets/scripts/manager/UIConfig.ts -> file:///D:/xuhang/guan_dan/assets/scripts/component/gameEndScoreRank/GameEndScoreRankItem.ts -> file:///D:/xuhang/guan_dan/assets/scripts/manager/UIConfig.ts
[warning][[Build.Script.Rollup]] Circular dependency: file:///D:/xuhang/guan_dan/assets/scripts/manager/SoundManager.ts -> file:///D:/xuhang/guan_dan/assets/scripts/AppGlobal.ts -> file:///D:/xuhang/guan_dan/assets/scripts/common/utils.ts -> file:///D:/xuhang/guan_dan/assets/scripts/manager/GlobalData.ts -> file:///D:/xuhang/guan_dan/assets/scripts/manager/UIConfig.ts -> file:///D:/xuhang/guan_dan/assets/scripts/component/gameEndScore/GameEndScoreItem.ts -> file:///D:/xuhang/guan_dan/assets/scripts/manager/SoundManager.ts
[warning][[Build.Script.Rollup]] Circular dependency: file:///D:/xuhang/guan_dan/assets/scripts/manager/GlobalData.ts -> file:///D:/xuhang/guan_dan/assets/scripts/manager/UIConfig.ts -> file:///D:/xuhang/guan_dan/assets/scripts/component/gameEndScore/GameEndScoreItem.ts -> file:///D:/xuhang/guan_dan/assets/scripts/manager/GlobalData.ts
[warning][[Build.Script.Rollup]] Circular dependency: file:///D:/xuhang/guan_dan/assets/scripts/manager/SoundManager.ts -> file:///D:/xuhang/guan_dan/assets/scripts/AppGlobal.ts -> file:///D:/xuhang/guan_dan/assets/scripts/common/utils.ts -> file:///D:/xuhang/guan_dan/assets/scripts/manager/GlobalData.ts -> file:///D:/xuhang/guan_dan/assets/scripts/manager/UIConfig.ts -> file:///D:/xuhang/guan_dan/assets/scripts/component/gameEndKick/GameEndKickItem.ts -> file:///D:/xuhang/guan_dan/assets/scripts/manager/SoundManager.ts
[warning][[Build.Script.Rollup]] Circular dependency: file:///D:/xuhang/guan_dan/assets/scripts/common/utils.ts -> file:///D:/xuhang/guan_dan/assets/scripts/manager/GlobalData.ts -> file:///D:/xuhang/guan_dan/assets/scripts/manager/UIConfig.ts -> file:///D:/xuhang/guan_dan/assets/scripts/component/gameEndKick/GameEndKickItem.ts -> file:///D:/xuhang/guan_dan/assets/scripts/component/gameEndKick/GameEndKickHeadItem.ts -> file:///D:/xuhang/guan_dan/assets/scripts/common/utils.ts
[warning][[Build.Script.Rollup]] Circular dependency: file:///D:/xuhang/guan_dan/assets/scripts/manager/GlobalData.ts -> file:///D:/xuhang/guan_dan/assets/scripts/manager/UIConfig.ts -> file:///D:/xuhang/guan_dan/assets/scripts/component/gameEndKick/GameEndKickItem.ts -> file:///D:/xuhang/guan_dan/assets/scripts/manager/GlobalData.ts
[warning][[Build.Script.Rollup]] Circular dependency: file:///D:/xuhang/guan_dan/assets/scripts/manager/UIConfig.ts -> file:///D:/xuhang/guan_dan/assets/scripts/component/gameEndKick/GameEndKickItem.ts -> file:///D:/xuhang/guan_dan/assets/scripts/manager/UIConfig.ts
[warning][[Build.Script.Rollup]] Circular dependency: file:///D:/xuhang/guan_dan/assets/scripts/manager/SoundManager.ts -> file:///D:/xuhang/guan_dan/assets/scripts/AppGlobal.ts -> file:///D:/xuhang/guan_dan/assets/scripts/common/utils.ts -> file:///D:/xuhang/guan_dan/assets/scripts/manager/GlobalData.ts -> file:///D:/xuhang/guan_dan/assets/scripts/manager/UIConfig.ts -> file:///D:/xuhang/guan_dan/assets/scripts/component/gameEndKickUp/GameEndKickUpItem.ts -> file:///D:/xuhang/guan_dan/assets/scripts/manager/SoundManager.ts
[warning][[Build.Script.Rollup]] Circular dependency: file:///D:/xuhang/guan_dan/assets/scripts/manager/GlobalData.ts -> file:///D:/xuhang/guan_dan/assets/scripts/manager/UIConfig.ts -> file:///D:/xuhang/guan_dan/assets/scripts/component/gameEndKickUp/GameEndKickUpItem.ts -> file:///D:/xuhang/guan_dan/assets/scripts/manager/GlobalData.ts
[warning][[Build.Script.Rollup]] Circular dependency: file:///D:/xuhang/guan_dan/assets/scripts/manager/UIConfig.ts -> file:///D:/xuhang/guan_dan/assets/scripts/component/gameEndKickUp/GameEndKickUpItem.ts -> file:///D:/xuhang/guan_dan/assets/scripts/manager/UIConfig.ts
[warning][[Build.Script.Rollup]] Circular dependency: file:///D:/xuhang/guan_dan/assets/scripts/common/utils.ts -> file:///D:/xuhang/guan_dan/assets/scripts/manager/GlobalData.ts -> file:///D:/xuhang/guan_dan/assets/scripts/manager/UIConfig.ts -> file:///D:/xuhang/guan_dan/assets/scripts/component/gameEndKickUp/GameEndKickUpItem.ts -> file:///D:/xuhang/guan_dan/assets/scripts/common/utils.ts
[warning][[Build.Script.Rollup]] Circular dependency: file:///D:/xuhang/guan_dan/assets/scripts/manager/SoundManager.ts -> file:///D:/xuhang/guan_dan/assets/scripts/AppGlobal.ts -> file:///D:/xuhang/guan_dan/assets/scripts/common/utils.ts -> file:///D:/xuhang/guan_dan/assets/scripts/manager/GlobalData.ts -> file:///D:/xuhang/guan_dan/assets/scripts/manager/UIConfig.ts -> file:///D:/xuhang/guan_dan/assets/scripts/component/teamUp/TeamUpItem.ts -> file:///D:/xuhang/guan_dan/assets/scripts/manager/SoundManager.ts
[warning][[Build.Script.Rollup]] Circular dependency: file:///D:/xuhang/guan_dan/assets/scripts/common/utils.ts -> file:///D:/xuhang/guan_dan/assets/scripts/manager/GlobalData.ts -> file:///D:/xuhang/guan_dan/assets/scripts/manager/UIConfig.ts -> file:///D:/xuhang/guan_dan/assets/scripts/component/teamUp/TeamUpItem.ts -> file:///D:/xuhang/guan_dan/assets/scripts/common/utils.ts
[warning][[Build.Script.Rollup]] Circular dependency: file:///D:/xuhang/guan_dan/assets/scripts/manager/GlobalData.ts -> file:///D:/xuhang/guan_dan/assets/scripts/manager/UIConfig.ts -> file:///D:/xuhang/guan_dan/assets/scripts/component/teamUp/TeamUpItem.ts -> file:///D:/xuhang/guan_dan/assets/scripts/manager/GlobalData.ts
[warning][[Build.Script.Rollup]] Circular dependency: file:///D:/xuhang/guan_dan/assets/scripts/AppGlobal.ts -> file:///D:/xuhang/guan_dan/assets/scripts/common/utils.ts -> file:///D:/xuhang/guan_dan/assets/scripts/manager/GlobalData.ts -> file:///D:/xuhang/guan_dan/assets/scripts/manager/UIConfig.ts -> file:///D:/xuhang/guan_dan/assets/scripts/component/teamUp/TeamUpItem.ts -> file:///D:/xuhang/guan_dan/assets/scripts/AppGlobal.ts
[warning][[Build.Script.Rollup]] Circular dependency: file:///D:/xuhang/guan_dan/assets/scripts/manager/GlobalData.ts -> file:///D:/xuhang/guan_dan/assets/scripts/manager/UIConfig.ts -> file:///D:/xuhang/guan_dan/assets/scripts/component/raceScore/RaceScoreItem.ts -> file:///D:/xuhang/guan_dan/assets/scripts/manager/GlobalData.ts
[warning][[Build.Script.Rollup]] Circular dependency: file:///D:/xuhang/guan_dan/assets/scripts/manager/SoundManager.ts -> file:///D:/xuhang/guan_dan/assets/scripts/AppGlobal.ts -> file:///D:/xuhang/guan_dan/assets/scripts/common/utils.ts -> file:///D:/xuhang/guan_dan/assets/scripts/manager/GlobalData.ts -> file:///D:/xuhang/guan_dan/assets/scripts/manager/UIConfig.ts -> file:///D:/xuhang/guan_dan/assets/scripts/component/raceScore/RaceScoreItem.ts -> file:///D:/xuhang/guan_dan/assets/scripts/manager/SoundManager.ts
[warning][[Build.Script.Rollup]] Circular dependency: file:///D:/xuhang/guan_dan/assets/scripts/common/utils.ts -> file:///D:/xuhang/guan_dan/assets/scripts/manager/GlobalData.ts -> file:///D:/xuhang/guan_dan/assets/scripts/manager/UIConfig.ts -> file:///D:/xuhang/guan_dan/assets/scripts/component/raceScore/RaceScoreItem.ts -> file:///D:/xuhang/guan_dan/assets/scripts/common/utils.ts
[warning][[Build.Script.Rollup]] Circular dependency: file:///D:/xuhang/guan_dan/assets/scripts/manager/UIConfig.ts -> file:///D:/xuhang/guan_dan/assets/scripts/component/raceScore/RaceScoreItem.ts -> file:///D:/xuhang/guan_dan/assets/scripts/manager/UIConfig.ts
[warning][[Build.Script.Rollup]] Circular dependency: file:///D:/xuhang/guan_dan/assets/scripts/manager/GlobalData.ts -> file:///D:/xuhang/guan_dan/assets/scripts/manager/UIConfig.ts -> file:///D:/xuhang/guan_dan/assets/scripts/component/raceKick/RaceKickItem.ts -> file:///D:/xuhang/guan_dan/assets/scripts/manager/GlobalData.ts
[warning][[Build.Script.Rollup]] Circular dependency: file:///D:/xuhang/guan_dan/assets/scripts/manager/SoundManager.ts -> file:///D:/xuhang/guan_dan/assets/scripts/AppGlobal.ts -> file:///D:/xuhang/guan_dan/assets/scripts/common/utils.ts -> file:///D:/xuhang/guan_dan/assets/scripts/manager/GlobalData.ts -> file:///D:/xuhang/guan_dan/assets/scripts/manager/UIConfig.ts -> file:///D:/xuhang/guan_dan/assets/scripts/component/raceKick/RaceKickItem.ts -> file:///D:/xuhang/guan_dan/assets/scripts/manager/SoundManager.ts
  
[warning][[Build.Script.Rollup]] Circular dependency: file:///D:/xuhang/guan_dan/assets/scripts/common/utils.ts -> file:///D:/xuhang/guan_dan/assets/scripts/manager/GlobalData.ts -> file:///D:/xuhang/guan_dan/assets/scripts/manager/UIConfig.ts -> file:///D:/xuhang/guan_dan/assets/scripts/component/SetingItem.ts -> file:///D:/xuhang/guan_dan/assets/scripts/common/utils.ts  
[warning][[Build.Script.Rollup]] Circular dependency: file:///D:/xuhang/guan_dan/assets/scripts/manager/SoundManager.ts -> file:///D:/xuhang/guan_dan/assets/scripts/AppGlobal.ts -> file:///D:/xuhang/guan_dan/assets/scripts/common/utils.ts -> file:///D:/xuhang/guan_dan/assets/scripts/manager/GlobalData.ts -> file:///D:/xuhang/guan_dan/assets/scripts/manager/UIConfig.ts -> file:///D:/xuhang/guan_dan/assets/scripts/component/SetingItem.ts -> file:///D:/xuhang/guan_dan/assets/scripts/manager/SoundManager.ts  
[warning][[Build.Script.Rollup]] Circular dependency: file:///D:/xuhang/guan_dan/assets/scripts/common/utils.ts -> file:///D:/xuhang/guan_dan/assets/scripts/manager/GlobalData.ts -> file:///D:/xuhang/guan_dan/assets/scripts/manager/UIConfig.ts -> file:///D:/xuhang/guan_dan/assets/scripts/component/SetingItem.ts -> file:///D:/xuhang/guan_dan/assets/scripts/manager/UIManager.ts -> file:///D:/xuhang/guan_dan/assets/scripts/common/utils.ts  
[warning][[Build.Script.Rollup]] Circular dependency: file:///D:/xuhang/guan_dan/assets/scripts/manager/UIConfig.ts -> file:///D:/xuhang/guan_dan/assets/scripts/component/SetingItem.ts -> file:///D:/xuhang/guan_dan/assets/scripts/manager/UIManager.ts -> file:///D:/xuhang/guan_dan/assets/scripts/manager/UIConfig.ts  
[warning][[Build.Script.Rollup]] Circular dependency: file:///D:/xuhang/guan_dan/assets/scripts/manager/UIConfig.ts -> file:///D:/xuhang/guan_dan/assets/scripts/component/SetingItem.ts -> file:///D:/xuhang/guan_dan/assets/scripts/manager/UIConfig.ts  
[warning][[Build.Script.Rollup]] Circular dependency: file:///D:/xuhang/guan_dan/assets/scripts/manager/GlobalData.ts -> file:///D:/xuhang/guan_dan/assets/scripts/manager/UIConfig.ts -> file:///D:/xuhang/guan_dan/assets/scripts/component/SetingItem.ts -> file:///D:/xuhang/guan_dan/assets/scripts/manager/GlobalData.ts  
[warning][[Build.Script.Rollup]] Circular dependency: file:///D:/xuhang/guan_dan/assets/scripts/manager/SoundManager.ts -> file:///D:/xuhang/guan_dan/assets/scripts/AppGlobal.ts -> file:///D:/xuhang/guan_dan/assets/scripts/common/utils.ts -> file:///D:/xuhang/guan_dan/assets/scripts/manager/GlobalData.ts -> file:///D:/xuhang/guan_dan/assets/scripts/manager/UIConfig.ts -> file:///D:/xuhang/guan_dan/assets/scripts/component/RuleItem.ts -> file:///D:/xuhang/guan_dan/assets/scripts/manager/SoundManager.ts  
[warning][[Build.Script.Rollup]] Circular dependency: file:///D:/xuhang/guan_dan/assets/scripts/manager/GlobalData.ts -> file:///D:/xuhang/guan_dan/assets/scripts/manager/UIConfig.ts -> file:///D:/xuhang/guan_dan/assets/scripts/component/team/TeamItem.ts -> file:///D:/xuhang/guan_dan/assets/scripts/manager/GlobalData.ts  
[warning][[Build.Script.Rollup]] Circular dependency: file:///D:/xuhang/guan_dan/assets/scripts/manager/UIConfig.ts -> file:///D:/xuhang/guan_dan/assets/scripts/component/room/KeyBoardItem.ts -> file:///D:/xuhang/guan_dan/assets/scripts/manager/UIConfig.ts  
[warning][[Build.Script.Rollup]] Circular dependency: file:///D:/xuhang/guan_dan/assets/scripts/manager/SoundManager.ts -> file:///D:/xuhang/guan_dan/assets/scripts/AppGlobal.ts -> file:///D:/xuhang/guan_dan/assets/scripts/common/utils.ts -> file:///D:/xuhang/guan_dan/assets/scripts/manager/GlobalData.ts -> file:///D:/xuhang/guan_dan/assets/scripts/manager/UIConfig.ts -> file:///D:/xuhang/guan_dan/assets/scripts/component/room/CreateRoomItem.ts -> file:///D:/xuhang/guan_dan/assets/scripts/manager/SoundManager.ts  
[warning][[Build.Script.Rollup]] Circular dependency: file:///D:/xuhang/guan_dan/assets/scripts/manager/GlobalData.ts -> file:///D:/xuhang/guan_dan/assets/scripts/manager/UIConfig.ts -> file:///D:/xuhang/guan_dan/assets/scripts/component/room/CreateRoomItem.ts -> file:///D:/xuhang/guan_dan/assets/scripts/manager/GlobalData.ts  
[warning][[Build.Script.Rollup]] Circular dependency: file:///D:/xuhang/guan_dan/assets/scripts/manager/SoundManager.ts -> file:///D:/xuhang/guan_dan/assets/scripts/AppGlobal.ts -> file:///D:/xuhang/guan_dan/assets/scripts/common/utils.ts -> file:///D:/xuhang/guan_dan/assets/scripts/manager/GlobalData.ts -> file:///D:/xuhang/guan_dan/assets/scripts/manager/UIConfig.ts -> file:///D:/xuhang/guan_dan/assets/scripts/component/gameEndFree/GameEndFreeItem.ts -> file:///D:/xuhang/guan_dan/assets/scripts/manager/SoundManager.ts  
[warning][[Build.Script.Rollup]] Circular dependency: file:///D:/xuhang/guan_dan/assets/scripts/common/utils.ts -> file:///D:/xuhang/guan_dan/assets/scripts/manager/GlobalData.ts -> file:///D:/xuhang/guan_dan/assets/scripts/manager/UIConfig.ts -> file:///D:/xuhang/guan_dan/assets/scripts/component/gameEndFree/GameEndFreeItem.ts -> file:///D:/xuhang/guan_dan/assets/scripts/component/gameEndFree/GameEndFreeHeadItem.ts -> file:///D:/xuhang/guan_dan/assets/scripts/common/utils.ts  
[warning][[Build.Script.Rollup]] Circular dependency: file:///D:/xuhang/guan_dan/assets/scripts/manager/GlobalData.ts -> file:///D:/xuhang/guan_dan/assets/scripts/manager/UIConfig.ts -> file:///D:/xuhang/guan_dan/assets/scripts/component/gameEndFree/GameEndFreeItem.ts -> file:///D:/xuhang/guan_dan/assets/scripts/component/gameEndFree/GameEndFreeHeadItem.ts -> file:///D:/xuhang/guan_dan/assets/scripts/manager/GlobalData.ts  
[warning][[Build.Script.Rollup]] Circular dependency: file:///D:/xuhang/guan_dan/assets/scripts/common/utils.ts -> file:///D:/xuhang/guan_dan/assets/scripts/manager/GlobalData.ts -> file:///D:/xuhang/guan_dan/assets/scripts/manager/UIConfig.ts -> file:///D:/xuhang/guan_dan/assets/scripts/component/gameEndFree/GameEndFreeItem.ts -> file:///D:/xuhang/guan_dan/assets/scripts/common/utils.ts  
[warning][[Build.Script.Rollup]] Circular dependency: file:///D:/xuhang/guan_dan/assets/scripts/common/utils.ts -> file:///D:/xuhang/guan_dan/assets/scripts/manager/GlobalData.ts -> file:///D:/xuhang/guan_dan/assets/scripts/manager/UIConfig.ts -> file:///D:/xuhang/guan_dan/assets/scripts/component/gameEndFree/GameEndFreeItem.ts -> file:///D:/xuhang/guan_dan/assets/scripts/component/game/GameLogic.ts -> file:///D:/xuhang/guan_dan/assets/scripts/common/utils.ts  
[warning][[Build.Script.Rollup]] Circular dependency: file:///D:/xuhang/guan_dan/assets/scripts/manager/GlobalData.ts -> file:///D:/xuhang/guan_dan/assets/scripts/manager/UIConfig.ts -> file:///D:/xuhang/guan_dan/assets/scripts/component/gameEndFree/GameEndFreeItem.ts -> file:///D:/xuhang/guan_dan/assets/scripts/component/game/GameLogic.ts -> file:///D:/xuhang/guan_dan/assets/scripts/manager/GlobalData.ts  
[warning][[Build.Script.Rollup]] Circular dependency: file:///D:/xuhang/guan_dan/assets/scripts/manager/SoundManager.ts -> file:///D:/xuhang/guan_dan/assets/scripts/AppGlobal.ts -> file:///D:/xuhang/guan_dan/assets/scripts/common/utils.ts -> file:///D:/xuhang/guan_dan/assets/scripts/manager/GlobalData.ts -> file:///D:/xuhang/guan_dan/assets/scripts/manager/UIConfig.ts -> file:///D:/xuhang/guan_dan/assets/scripts/component/gameEndFree/GameEndFreeItem.ts -> file:///D:/xuhang/guan_dan/assets/scripts/component/game/GameLogic.ts -> file:///D:/xuhang/guan_dan/assets/scripts/manager/SoundManager.ts  
[warning][[Build.Script.Rollup]] Circular dependency: file:///D:/xuhang/guan_dan/assets/scripts/manager/UIConfig.ts -> file:///D:/xuhang/guan_dan/assets/scripts/component/gameEndFree/GameEndFreeItem.ts -> file:///D:/xuhang/guan_dan/assets/scripts/manager/UIConfig.ts  
[warning][[Build.Script.Rollup]] Circular dependency: file:///D:/xuhang/guan_dan/assets/scripts/manager/GlobalData.ts -> file:///D:/xuhang/guan_dan/assets/scripts/manager/UIConfig.ts -> file:///D:/xuhang/guan_dan/assets/scripts/component/gameEndFree/GameEndFreeItem.ts -> file:///D:/xuhang/guan_dan/assets/scripts/manager/GlobalData.ts  
[warning][[Build.Script.Rollup]] Circular dependency: file:///D:/xuhang/guan_dan/assets/scripts/common/utils.ts -> file:///D:/xuhang/guan_dan/assets/scripts/manager/GlobalData.ts -> file:///D:/xuhang/guan_dan/assets/scripts/manager/UIConfig.ts -> file:///D:/xuhang/guan_dan/assets/scripts/component/gameEndFree/GameEndFreeItem.ts -> file:///D:/xuhang/guan_dan/assets/scripts/manager/GameSocket.ts -> file:///D:/xuhang/guan_dan/assets/scripts/common/utils.ts  
[warning][[Build.Script.Rollup]] Circular dependency: file:///D:/xuhang/guan_dan/assets/scripts/common/utils.ts -> file:///D:/xuhang/guan_dan/assets/scripts/manager/GlobalData.ts -> file:///D:/xuhang/guan_dan/assets/scripts/manager/UIConfig.ts -> file:///D:/xuhang/guan_dan/assets/scripts/component/gameEndFree/GameEndFreeItem.ts -> file:///D:/xuhang/guan_dan/assets/scripts/manager/GameSocket.ts -> file:///D:/xuhang/guan_dan/assets/scripts/common/websocket.ts -> file:///D:/xuhang/guan_dan/assets/scripts/common/utils.ts  
[warning][[Build.Script.Rollup]] Circular dependency: file:///D:/xuhang/guan_dan/assets/scripts/manager/GlobalData.ts -> file:///D:/xuhang/guan_dan/assets/scripts/manager/UIConfig.ts -> file:///D:/xuhang/guan_dan/assets/scripts/component/gameEndFree/GameEndFreeItem.ts -> file:///D:/xuhang/guan_dan/assets/scripts/manager/GameSocket.ts -> file:///D:/xuhang/guan_dan/assets/scripts/manager/GlobalData.ts  
[warning][[Build.Script.Rollup]] Circular dependency: file:///D:/xuhang/guan_dan/assets/scripts/manager/UIConfig.ts -> file:///D:/xuhang/guan_dan/assets/scripts/component/gameEndFree/GameEndFreeItem.ts -> file:///D:/xuhang/guan_dan/assets/scripts/manager/GameSocket.ts -> file:///D:/xuhang/guan_dan/assets/scripts/manager/UIConfig.ts  
[warning][[Build.Script.Rollup]] Circular dependency: file:///D:/xuhang/guan_dan/assets/scripts/manager/SoundManager.ts -> file:///D:/xuhang/guan_dan/assets/scripts/AppGlobal.ts -> file:///D:/xuhang/guan_dan/assets/scripts/common/utils.ts -> file:///D:/xuhang/guan_dan/assets/scripts/manager/GlobalData.ts -> file:///D:/xuhang/guan_dan/assets/scripts/manager/UIConfig.ts -> file:///D:/xuhang/guan_dan/assets/scripts/component/gameEndScoreRank/GameEndScoreRankItem.ts -> file:///D:/xuhang/guan_dan/assets/scripts/component/rank/RankScore.ts -> file:///D:/xuhang/guan_dan/assets/scripts/manager/SoundManager.ts  
[warning][[Build.Script.Rollup]] Circular dependency: file:///D:/xuhang/guan_dan/assets/scripts/manager/GlobalData.ts -> file:///D:/xuhang/guan_dan/assets/scripts/manager/UIConfig.ts -> file:///D:/xuhang/guan_dan/assets/scripts/component/gameEndScoreRank/GameEndScoreRankItem.ts -> file:///D:/xuhang/guan_dan/assets/scripts/component/rank/RankScore.ts -> file:///D:/xuhang/guan_dan/assets/scripts/component/rank/RankScorePerson.ts -> file:///D:/xuhang/guan_dan/assets/scripts/manager/GlobalData.ts  
[warning][[Build.Script.Rollup]] Circular dependency: file:///D:/xuhang/guan_dan/assets/scripts/common/utils.ts -> file:///D:/xuhang/guan_dan/assets/scripts/manager/GlobalData.ts -> file:///D:/xuhang/guan_dan/assets/scripts/manager/UIConfig.ts -> file:///D:/xuhang/guan_dan/assets/scripts/component/gameEndScoreRank/GameEndScoreRankItem.ts -> file:///D:/xuhang/guan_dan/assets/scripts/component/rank/RankScore.ts -> file:///D:/xuhang/guan_dan/assets/scripts/component/rank/RankScorePerson.ts -> file:///D:/xuhang/guan_dan/assets/scripts/component/rank/RankScorePersonSelfLine.ts -> file:///D:/xuhang/guan_dan/assets/scripts/component/LobbyUserHeadItem.ts -> file:///D:/xuhang/guan_dan/assets/scripts/common/utils.ts  
[warning][[Build.Script.Rollup]] Circular dependency: file:///D:/xuhang/guan_dan/assets/scripts/manager/GlobalData.ts -> file:///D:/xuhang/guan_dan/assets/scripts/manager/UIConfig.ts -> file:///D:/xuhang/guan_dan/assets/scripts/component/gameEndScoreRank/GameEndScoreRankItem.ts -> file:///D:/xuhang/guan_dan/assets/scripts/component/rank/RankScore.ts -> file:///D:/xuhang/guan_dan/assets/scripts/component/rank/RankScorePerson.ts -> file:///D:/xuhang/guan_dan/assets/scripts/component/rank/RankScorePersonSelfLine.ts -> file:///D:/xuhang/guan_dan/assets/scripts/component/LobbyUserHeadItem.ts -> file:///D:/xuhang/guan_dan/assets/scripts/manager/GlobalData.ts  
[warning][[Build.Script.Rollup]] Circular dependency: file:///D:/xuhang/guan_dan/assets/scripts/manager/GlobalData.ts -> file:///D:/xuhang/guan_dan/assets/scripts/manager/UIConfig.ts -> file:///D:/xuhang/guan_dan/assets/scripts/component/gameEndScoreRank/GameEndScoreRankItem.ts -> file:///D:/xuhang/guan_dan/assets/scripts/component/rank/RankScore.ts -> file:///D:/xuhang/guan_dan/assets/scripts/component/rank/RankScoreTeam.ts -> file:///D:/xuhang/guan_dan/assets/scripts/manager/GlobalData.ts  
[warning][[Build.Script.Rollup]] Circular dependency: file:///D:/xuhang/guan_dan/assets/scripts/manager/SoundManager.ts -> file:///D:/xuhang/guan_dan/assets/scripts/AppGlobal.ts -> file:///D:/xuhang/guan_dan/assets/scripts/common/utils.ts -> file:///D:/xuhang/guan_dan/assets/scripts/manager/GlobalData.ts -> file:///D:/xuhang/guan_dan/assets/scripts/manager/UIConfig.ts -> file:///D:/xuhang/guan_dan/assets/scripts/component/gameEndScoreRank/GameEndScoreRankItem.ts -> file:///D:/xuhang/guan_dan/assets/scripts/manager/SoundManager.ts  
[warning][[Build.Script.Rollup]] Circular dependency: file:///D:/xuhang/guan_dan/assets/scripts/manager/GlobalData.ts -> file:///D:/xuhang/guan_dan/assets/scripts/manager/UIConfig.ts -> file:///D:/xuhang/guan_dan/assets/scripts/component/gameEndScoreRank/GameEndScoreRankItem.ts -> file:///D:/xuhang/guan_dan/assets/scripts/component/gameEndScoreRank/GameEndScoreRankPerson.ts -> file:///D:/xuhang/guan_dan/assets/scripts/manager/GlobalData.ts  
[warning][[Build.Script.Rollup]] Circular dependency: file:///D:/xuhang/guan_dan/assets/scripts/manager/GlobalData.ts -> file:///D:/xuhang/guan_dan/assets/scripts/manager/UIConfig.ts -> file:///D:/xuhang/guan_dan/assets/scripts/component/gameEndScoreRank/GameEndScoreRankItem.ts -> file:///D:/xuhang/guan_dan/assets/scripts/component/gameEndScoreRank/GameEndScoreRankTeam.ts -> file:///D:/xuhang/guan_dan/assets/scripts/manager/GlobalData.ts  
[warning][[Build.Script.Rollup]] Circular dependency: file:///D:/xuhang/guan_dan/assets/scripts/common/utils.ts -> file:///D:/xuhang/guan_dan/assets/scripts/manager/GlobalData.ts -> file:///D:/xuhang/guan_dan/assets/scripts/manager/UIConfig.ts -> file:///D:/xuhang/guan_dan/assets/scripts/component/gameEndScoreRank/GameEndScoreRankItem.ts -> file:///D:/xuhang/guan_dan/assets/scripts/common/utils.ts  
[warning][[Build.Script.Rollup]] Circular dependency: file:///D:/xuhang/guan_dan/assets/scripts/manager/GlobalData.ts -> file:///D:/xuhang/guan_dan/assets/scripts/manager/UIConfig.ts -> file:///D:/xuhang/guan_dan/assets/scripts/component/gameEndScoreRank/GameEndScoreRankItem.ts -> file:///D:/xuhang/guan_dan/assets/scripts/manager/GlobalData.ts  
[warning][[Build.Script.Rollup]] Circular dependency: file:///D:/xuhang/guan_dan/assets/scripts/manager/UIConfig.ts -> file:///D:/xuhang/guan_dan/assets/scripts/component/gameEndScoreRank/GameEndScoreRankItem.ts -> file:///D:/xuhang/guan_dan/assets/scripts/manager/UIConfig.ts  
[warning][[Build.Script.Rollup]] Circular dependency: file:///D:/xuhang/guan_dan/assets/scripts/manager/SoundManager.ts -> file:///D:/xuhang/guan_dan/assets/scripts/AppGlobal.ts -> file:///D:/xuhang/guan_dan/assets/scripts/common/utils.ts -> file:///D:/xuhang/guan_dan/assets/scripts/manager/GlobalData.ts -> file:///D:/xuhang/guan_dan/assets/scripts/manager/UIConfig.ts -> file:///D:/xuhang/guan_dan/assets/scripts/component/gameEndScore/GameEndScoreItem.ts -> file:///D:/xuhang/guan_dan/assets/scripts/manager/SoundManager.ts  
[warning][[Build.Script.Rollup]] Circular dependency: file:///D:/xuhang/guan_dan/assets/scripts/manager/GlobalData.ts -> file:///D:/xuhang/guan_dan/assets/scripts/manager/UIConfig.ts -> file:///D:/xuhang/guan_dan/assets/scripts/component/gameEndScore/GameEndScoreItem.ts -> file:///D:/xuhang/guan_dan/assets/scripts/manager/GlobalData.ts  
[warning][[Build.Script.Rollup]] Circular dependency: file:///D:/xuhang/guan_dan/assets/scripts/manager/SoundManager.ts -> file:///D:/xuhang/guan_dan/assets/scripts/AppGlobal.ts -> file:///D:/xuhang/guan_dan/assets/scripts/common/utils.ts -> file:///D:/xuhang/guan_dan/assets/scripts/manager/GlobalData.ts -> file:///D:/xuhang/guan_dan/assets/scripts/manager/UIConfig.ts -> file:///D:/xuhang/guan_dan/assets/scripts/component/gameEndKick/GameEndKickItem.ts -> file:///D:/xuhang/guan_dan/assets/scripts/manager/SoundManager.ts  
[warning][[Build.Script.Rollup]] Circular dependency: file:///D:/xuhang/guan_dan/assets/scripts/common/utils.ts -> file:///D:/xuhang/guan_dan/assets/scripts/manager/GlobalData.ts -> file:///D:/xuhang/guan_dan/assets/scripts/manager/UIConfig.ts -> file:///D:/xuhang/guan_dan/assets/scripts/component/gameEndKick/GameEndKickItem.ts -> file:///D:/xuhang/guan_dan/assets/scripts/component/gameEndKick/GameEndKickHeadItem.ts -> file:///D:/xuhang/guan_dan/assets/scripts/common/utils.ts  
[warning][[Build.Script.Rollup]] Circular dependency: file:///D:/xuhang/guan_dan/assets/scripts/manager/GlobalData.ts -> file:///D:/xuhang/guan_dan/assets/scripts/manager/UIConfig.ts -> file:///D:/xuhang/guan_dan/assets/scripts/component/gameEndKick/GameEndKickItem.ts -> file:///D:/xuhang/guan_dan/assets/scripts/manager/GlobalData.ts  
[warning][[Build.Script.Rollup]] Circular dependency: file:///D:/xuhang/guan_dan/assets/scripts/manager/UIConfig.ts -> file:///D:/xuhang/guan_dan/assets/scripts/component/gameEndKick/GameEndKickItem.ts -> file:///D:/xuhang/guan_dan/assets/scripts/manager/UIConfig.ts  
[warning][[Build.Script.Rollup]] Circular dependency: file:///D:/xuhang/guan_dan/assets/scripts/manager/SoundManager.ts -> file:///D:/xuhang/guan_dan/assets/scripts/AppGlobal.ts -> file:///D:/xuhang/guan_dan/assets/scripts/common/utils.ts -> file:///D:/xuhang/guan_dan/assets/scripts/manager/GlobalData.ts -> file:///D:/xuhang/guan_dan/assets/scripts/manager/UIConfig.ts -> file:///D:/xuhang/guan_dan/assets/scripts/component/gameEndKickUp/GameEndKickUpItem.ts -> file:///D:/xuhang/guan_dan/assets/scripts/manager/SoundManager.ts  
[warning][[Build.Script.Rollup]] Circular dependency: file:///D:/xuhang/guan_dan/assets/scripts/manager/GlobalData.ts -> file:///D:/xuhang/guan_dan/assets/scripts/manager/UIConfig.ts -> file:///D:/xuhang/guan_dan/assets/scripts/component/gameEndKickUp/GameEndKickUpItem.ts -> file:///D:/xuhang/guan_dan/assets/scripts/manager/GlobalData.ts  
[warning][[Build.Script.Rollup]] Circular dependency: file:///D:/xuhang/guan_dan/assets/scripts/manager/UIConfig.ts -> file:///D:/xuhang/guan_dan/assets/scripts/component/gameEndKickUp/GameEndKickUpItem.ts -> file:///D:/xuhang/guan_dan/assets/scripts/manager/UIConfig.ts  
[warning][[Build.Script.Rollup]] Circular dependency: file:///D:/xuhang/guan_dan/assets/scripts/common/utils.ts -> file:///D:/xuhang/guan_dan/assets/scripts/manager/GlobalData.ts -> file:///D:/xuhang/guan_dan/assets/scripts/manager/UIConfig.ts -> file:///D:/xuhang/guan_dan/assets/scripts/component/gameEndKickUp/GameEndKickUpItem.ts -> file:///D:/xuhang/guan_dan/assets/scripts/common/utils.ts  
[warning][[Build.Script.Rollup]] Circular dependency: file:///D:/xuhang/guan_dan/assets/scripts/manager/SoundManager.ts -> file:///D:/xuhang/guan_dan/assets/scripts/AppGlobal.ts -> file:///D:/xuhang/guan_dan/assets/scripts/common/utils.ts -> file:///D:/xuhang/guan_dan/assets/scripts/manager/GlobalData.ts -> file:///D:/xuhang/guan_dan/assets/scripts/manager/UIConfig.ts -> file:///D:/xuhang/guan_dan/assets/scripts/component/teamUp/TeamUpItem.ts -> file:///D:/xuhang/guan_dan/assets/scripts/manager/SoundManager.ts  
[warning][[Build.Script.Rollup]] Circular dependency: file:///D:/xuhang/guan_dan/assets/scripts/common/utils.ts -> file:///D:/xuhang/guan_dan/assets/scripts/manager/GlobalData.ts -> file:///D:/xuhang/guan_dan/assets/scripts/manager/UIConfig.ts -> file:///D:/xuhang/guan_dan/assets/scripts/component/teamUp/TeamUpItem.ts -> file:///D:/xuhang/guan_dan/assets/scripts/common/utils.ts  
[warning][[Build.Script.Rollup]] Circular dependency: file:///D:/xuhang/guan_dan/assets/scripts/manager/GlobalData.ts -> file:///D:/xuhang/guan_dan/assets/scripts/manager/UIConfig.ts -> file:///D:/xuhang/guan_dan/assets/scripts/component/teamUp/TeamUpItem.ts -> file:///D:/xuhang/guan_dan/assets/scripts/manager/GlobalData.ts  
[warning][[Build.Script.Rollup]] Circular dependency: file:///D:/xuhang/guan_dan/assets/scripts/AppGlobal.ts -> file:///D:/xuhang/guan_dan/assets/scripts/common/utils.ts -> file:///D:/xuhang/guan_dan/assets/scripts/manager/GlobalData.ts -> file:///D:/xuhang/guan_dan/assets/scripts/manager/UIConfig.ts -> file:///D:/xuhang/guan_dan/assets/scripts/component/teamUp/TeamUpItem.ts -> file:///D:/xuhang/guan_dan/assets/scripts/AppGlobal.ts  
[warning][[Build.Script.Rollup]] Circular dependency: file:///D:/xuhang/guan_dan/assets/scripts/manager/GlobalData.ts -> file:///D:/xuhang/guan_dan/assets/scripts/manager/UIConfig.ts -> file:///D:/xuhang/guan_dan/assets/scripts/component/raceScore/RaceScoreItem.ts -> file:///D:/xuhang/guan_dan/assets/scripts/manager/GlobalData.ts  
[warning][[Build.Script.Rollup]] Circular dependency: file:///D:/xuhang/guan_dan/assets/scripts/manager/SoundManager.ts -> file:///D:/xuhang/guan_dan/assets/scripts/AppGlobal.ts -> file:///D:/xuhang/guan_dan/assets/scripts/common/utils.ts -> file:///D:/xuhang/guan_dan/assets/scripts/manager/GlobalData.ts -> file:///D:/xuhang/guan_dan/assets/scripts/manager/UIConfig.ts -> file:///D:/xuhang/guan_dan/assets/scripts/component/raceScore/RaceScoreItem.ts -> file:///D:/xuhang/guan_dan/assets/scripts/manager/SoundManager.ts  
[warning][[Build.Script.Rollup]] Circular dependency: file:///D:/xuhang/guan_dan/assets/scripts/common/utils.ts -> file:///D:/xuhang/guan_dan/assets/scripts/manager/GlobalData.ts -> file:///D:/xuhang/guan_dan/assets/scripts/manager/UIConfig.ts -> file:///D:/xuhang/guan_dan/assets/scripts/component/raceScore/RaceScoreItem.ts -> file:///D:/xuhang/guan_dan/assets/scripts/common/utils.ts  
[warning][[Build.Script.Rollup]] Circular dependency: file:///D:/xuhang/guan_dan/assets/scripts/manager/UIConfig.ts -> file:///D:/xuhang/guan_dan/assets/scripts/component/raceScore/RaceScoreItem.ts -> file:///D:/xuhang/guan_dan/assets/scripts/manager/UIConfig.ts  
[warning][[Build.Script.Rollup]] Circular dependency: file:///D:/xuhang/guan_dan/assets/scripts/manager/GlobalData.ts -> file:///D:/xuhang/guan_dan/assets/scripts/manager/UIConfig.ts -> file:///D:/xuhang/guan_dan/assets/scripts/component/raceKick/RaceKickItem.ts -> file:///D:/xuhang/guan_dan/assets/scripts/manager/GlobalData.ts  
[warning][[Build.Script.Rollup]] Circular dependency: file:///D:/xuhang/guan_dan/assets/scripts/manager/SoundManager.ts -> file:///D:/xuhang/guan_dan/assets/scripts/AppGlobal.ts -> file:///D:/xuhang/guan_dan/assets/scripts/common/utils.ts -> file:///D:/xuhang/guan_dan/assets/scripts/manager/GlobalData.ts -> file:///D:/xuhang/guan_dan/assets/scripts/manager/UIConfig.ts -> file:///D:/xuhang/guan_dan/assets/scripts/component/raceKick/RaceKickItem.ts -> file:///D:/xuhang/guan_dan/assets/scripts/manager/SoundManager.ts  
  
at Object.encode (C:\ProgramData\cocos\editors\Creator\3.6.0\resources\app.asar\node_modules\@base\electron-worker\node_modules\v-stacks\index.js:14:17)  
at Logger._logHandler (C:\ProgramData\cocos\editors\Creator\3.6.0\resources\app.asar\node_modules\@base\electron-worker\static\script.ccc:1:531)  
at Logger.record (C:\ProgramData\cocos\editors\Creator\3.6.0\resources\app.asar\node_modules\@base\electron-logger\lib\renderer.ccc:1:458)  
at Object.warn (C:\ProgramData\cocos\editors\Creator\3.6.0\resources\app.asar\node_modules\@base\electron-logger\lib\renderer.ccc:1:1260)  
at NewConsole.warn (C:\ProgramData\cocos\editors\Creator\3.6.0\resources\app.asar\builtin\builder\dist\worker\console.ccc:1:1306)  
at Socket.<anonymous> (C:\ProgramData\cocos\editors\Creator\3.6.0\resources\app.asar\builtin\builder\dist\worker\worker-pools\sub-process-manager.ccc:1:2640)  
at Socket.emit (events.js:315:20)  
at addChunk (internal/streams/readable.js:309:12)  
at readableAddChunk (internal/streams/readable.js:284:9)  
at Socket.Readable.push (internal/streams/readable.js:223:10)
2025-08-30T13:47:53.584Z - warn: [Build] [build-script][[Build.Script.Rollup]] Circular dependency: file:///D:/xuhang/guan_dan/assets/scripts/common/utils.ts -> file:///D:/xuhang/guan_dan/assets/scripts/manager/GlobalData.ts -> file:///D:/xuhang/guan_dan/assets/scripts/manager/UIConfig.ts -> file:///D:/xuhang/guan_dan/assets/scripts/component/raceKick/RaceKickItem.ts -> file:///D:/xuhang/guan_dan/assets/scripts/common/utils.ts
[warning][[Build.Script.Rollup]] Circular dependency: file:///D:/xuhang/guan_dan/assets/scripts/manager/GlobalData.ts -> file:///D:/xuhang/guan_dan/assets/scripts/manager/UIConfig.ts -> file:///D:/xuhang/guan_dan/assets/scripts/component/raceKick/RaceKickItem.ts -> file:///D:/xuhang/guan_dan/assets/scripts/component/raceKick/RaceKickLineItem.ts -> file:///D:/xuhang/guan_dan/assets/scripts/manager/GlobalData.ts
[warning][[Build.Script.Rollup]] Circular dependency: file:///D:/xuhang/guan_dan/assets/scripts/manager/SoundManager.ts -> file:///D:/xuhang/guan_dan/assets/scripts/AppGlobal.ts -> file:///D:/xuhang/guan_dan/assets/scripts/common/utils.ts -> file:///D:/xuhang/guan_dan/assets/scripts/manager/GlobalData.ts -> file:///D:/xuhang/guan_dan/assets/scripts/manager/UIConfig.ts -> file:///D:/xuhang/guan_dan/assets/scripts/component/raceKick/RaceKickItem.ts -> file:///D:/xuhang/guan_dan/assets/scripts/component/raceKick/RaceKickLineItem.ts -> file:///D:/xuhang/guan_dan/assets/scripts/manager/SoundManager.ts
[warning][[Build.Script.Rollup]] Circular dependency: file:///D:/xuhang/guan_dan/assets/scripts/common/utils.ts -> file:///D:/xuhang/guan_dan/assets/scripts/manager/GlobalData.ts -> file:///D:/xuhang/guan_dan/assets/scripts/manager/UIConfig.ts -> file:///D:/xuhang/guan_dan/assets/scripts/component/raceKick/RaceKickItem.ts -> file:///D:/xuhang/guan_dan/assets/scripts/component/raceKick/RaceKickLineItem.ts -> file:///D:/xuhang/guan_dan/assets/scripts/common/utils.ts
[warning][[Build.Script.Rollup]] Circular dependency: file:///D:/xuhang/guan_dan/assets/scripts/manager/UIConfig.ts -> file:///D:/xuhang/guan_dan/assets/scripts/component/raceKick/RaceKickItem.ts -> file:///D:/xuhang/guan_dan/assets/scripts/manager/UIConfig.ts
[warning][[Build.Script.Rollup]] Circular dependency: file:///D:/xuhang/guan_dan/assets/scripts/manager/SoundManager.ts -> file:///D:/xuhang/guan_dan/assets/scripts/AppGlobal.ts -> file:///D:/xuhang/guan_dan/assets/scripts/common/utils.ts -> file:///D:/xuhang/guan_dan/assets/scripts/manager/GlobalData.ts -> file:///D:/xuhang/guan_dan/assets/scripts/manager/UIConfig.ts -> file:///D:/xuhang/guan_dan/assets/scripts/component/MessageBoxCommonTest.ts -> file:///D:/xuhang/guan_dan/assets/scripts/manager/SoundManager.ts
[warning][[Build.Script.Rollup]] Circular dependency: file:///D:/xuhang/guan_dan/assets/scripts/manager/SoundManager.ts -> file:///D:/xuhang/guan_dan/assets/scripts/AppGlobal.ts -> file:///D:/xuhang/guan_dan/assets/scripts/common/utils.ts -> file:///D:/xuhang/guan_dan/assets/scripts/manager/GlobalData.ts -> file:///D:/xuhang/guan_dan/assets/scripts/manager/UIConfig.ts -> file:///D:/xuhang/guan_dan/assets/scripts/component/CreateTeamItem.ts -> file:///D:/xuhang/guan_dan/assets/scripts/manager/SoundManager.ts
[warning][[Build.Script.Rollup]] Circular dependency: file:///D:/xuhang/guan_dan/assets/scripts/manager/SoundManager.ts -> file:///D:/xuhang/guan_dan/assets/scripts/AppGlobal.ts -> file:///D:/xuhang/guan_dan/assets/scripts/common/utils.ts -> file:///D:/xuhang/guan_dan/assets/scripts/manager/GlobalData.ts -> file:///D:/xuhang/guan_dan/assets/scripts/manager/UIConfig.ts -> file:///D:/xuhang/guan_dan/assets/scripts/component/gameStartNotice/GameStartNotice.ts -> file:///D:/xuhang/guan_dan/assets/scripts/manager/SoundManager.ts
[warning][[Build.Script.Rollup]] Circular dependency: file:///D:/xuhang/guan_dan/assets/scripts/common/utils.ts -> file:///D:/xuhang/guan_dan/assets/scripts/manager/GlobalData.ts -> file:///D:/xuhang/guan_dan/assets/scripts/manager/UIConfig.ts -> file:///D:/xuhang/guan_dan/assets/scripts/component/gameStartNotice/GameStartNotice.ts -> file:///D:/xuhang/guan_dan/assets/scripts/common/utils.ts
[warning][[Build.Script.Rollup]] Circular dependency: file:///D:/xuhang/guan_dan/assets/scripts/manager/SoundManager.ts -> file:///D:/xuhang/guan_dan/assets/scripts/AppGlobal.ts -> file:///D:/xuhang/guan_dan/assets/scripts/common/utils.ts -> file:///D:/xuhang/guan_dan/assets/scripts/manager/GlobalData.ts -> file:///D:/xuhang/guan_dan/assets/scripts/manager/UIConfig.ts -> file:///D:/xuhang/guan_dan/assets/scripts/component/gameStartNotice/FreeUpItem.ts -> file:///D:/xuhang/guan_dan/assets/scripts/manager/SoundManager.ts
[warning][[Build.Script.Rollup]] Circular dependency: file:///D:/xuhang/guan_dan/assets/scripts/manager/GlobalData.ts -> file:///D:/xuhang/guan_dan/assets/scripts/manager/UIConfig.ts -> file:///D:/xuhang/guan_dan/assets/scripts/component/gameStartNotice/FreeUpItem.ts -> file:///D:/xuhang/guan_dan/assets/scripts/manager/GlobalData.ts
[warning][[Build.Script.Rollup]] Circular dependency: file:///D:/xuhang/guan_dan/assets/scripts/manager/SoundManager.ts -> file:///D:/xuhang/guan_dan/assets/scripts/AppGlobal.ts -> file:///D:/xuhang/guan_dan/assets/scripts/common/utils.ts -> file:///D:/xuhang/guan_dan/assets/scripts/manager/GlobalData.ts -> file:///D:/xuhang/guan_dan/assets/scripts/manager/UIConfig.ts -> file:///D:/xuhang/guan_dan/assets/scripts/component/rankRace/RankRaceItem.ts -> file:///D:/xuhang/guan_dan/assets/scripts/manager/SoundManager.ts
[warning][[Build.Script.Rollup]] Circular dependency: file:///D:/xuhang/guan_dan/assets/scripts/manager/GlobalData.ts -> file:///D:/xuhang/guan_dan/assets/scripts/manager/UIConfig.ts -> file:///D:/xuhang/guan_dan/assets/scripts/component/rankRace/RankRaceItem.ts -> file:///D:/xuhang/guan_dan/assets/scripts/component/rankRace/RankRaceKickItem.ts -> file:///D:/xuhang/guan_dan/assets/scripts/manager/GlobalData.ts
[warning][[Build.Script.Rollup]] Circular dependency: file:///D:/xuhang/guan_dan/assets/scripts/manager/GlobalData.ts -> file:///D:/xuhang/guan_dan/assets/scripts/manager/UIConfig.ts -> file:///D:/xuhang/guan_dan/assets/scripts/component/rankRace/RankRaceItem.ts -> file:///D:/xuhang/guan_dan/assets/scripts/component/rankRace/RankRaceScoreItem.ts -> file:///D:/xuhang/guan_dan/assets/scripts/manager/GlobalData.ts
[warning][[Build.Script.Rollup]] Circular dependency: file:///D:/xuhang/guan_dan/assets/scripts/manager/GlobalData.ts -> file:///D:/xuhang/guan_dan/assets/scripts/manager/UIConfig.ts -> file:///D:/xuhang/guan_dan/assets/scripts/component/rankRace/RankRaceItem.ts -> file:///D:/xuhang/guan_dan/assets/scripts/component/rankRace/RankRaceAuditionItem.ts -> file:///D:/xuhang/guan_dan/assets/scripts/manager/GlobalData.ts
[warning][[Build.Script.Rollup]] Circular dependency: file:///D:/xuhang/guan_dan/assets/scripts/manager/GlobalData.ts -> file:///D:/xuhang/guan_dan/assets/scripts/manager/UIConfig.ts -> file:///D:/xuhang/guan_dan/assets/scripts/component/rank/RankKick.ts -> file:///D:/xuhang/guan_dan/assets/scripts/manager/GlobalData.ts
[warning][[Build.Script.Rollup]] Circular dependency: file:///D:/xuhang/guan_dan/assets/scripts/manager/SoundManager.ts -> file:///D:/xuhang/guan_dan/assets/scripts/AppGlobal.ts -> file:///D:/xuhang/guan_dan/assets/scripts/common/utils.ts -> file:///D:/xuhang/guan_dan/assets/scripts/manager/GlobalData.ts -> file:///D:/xuhang/guan_dan/assets/scripts/manager/UIConfig.ts -> file:///D:/xuhang/guan_dan/assets/scripts/component/rank/RankKick.ts -> file:///D:/xuhang/guan_dan/assets/scripts/manager/SoundManager.ts
[warning][[Build.Script.Rollup]] Circular dependency: file:///D:/xuhang/guan_dan/assets/scripts/manager/GlobalData.ts -> file:///D:/xuhang/guan_dan/assets/scripts/manager/UIConfig.ts -> file:///D:/xuhang/guan_dan/assets/scripts/component/raceAudition/RaceAuditionItem.ts -> file:///D:/xuhang/guan_dan/assets/scripts/manager/GlobalData.ts
[warning][[Build.Script.Rollup]] Circular dependency: file:///D:/xuhang/guan_dan/assets/scripts/manager/SoundManager.ts -> file:///D:/xuhang/guan_dan/assets/scripts/AppGlobal.ts -> file:///D:/xuhang/guan_dan/assets/scripts/common/utils.ts -> file:///D:/xuhang/guan_dan/assets/scripts/manager/GlobalData.ts -> file:///D:/xuhang/guan_dan/assets/scripts/manager/UIConfig.ts -> file:///D:/xuhang/guan_dan/assets/scripts/component/raceAudition/RaceAuditionItem.ts -> file:///D:/xuhang/guan_dan/assets/scripts/manager/SoundManager.ts
[warning][[Build.Script.Rollup]] Circular dependency: file:///D:/xuhang/guan_dan/assets/scripts/common/utils.ts -> file:///D:/xuhang/guan_dan/assets/scripts/manager/GlobalData.ts -> file:///D:/xuhang/guan_dan/assets/scripts/manager/UIConfig.ts -> file:///D:/xuhang/guan_dan/assets/scripts/component/raceAudition/RaceAuditionItem.ts -> file:///D:/xuhang/guan_dan/assets/scripts/common/utils.ts
[warning][[Build.Script.Rollup]] Circular dependency: file:///D:/xuhang/guan_dan/assets/scripts/manager/GlobalData.ts -> file:///D:/xuhang/guan_dan/assets/scripts/manager/UIConfig.ts -> file:///D:/xuhang/guan_dan/assets/scripts/component/rank/RankAuditionItem.ts -> file:///D:/xuhang/guan_dan/assets/scripts/manager/GlobalData.ts
[warning][[Build.Script.Rollup]] Circular dependency: file:///D:/xuhang/guan_dan/assets/scripts/manager/SoundManager.ts -> file:///D:/xuhang/guan_dan/assets/scripts/AppGlobal.ts -> file:///D:/xuhang/guan_dan/assets/scripts/common/utils.ts -> file:///D:/xuhang/guan_dan/assets/scripts/manager/GlobalData.ts -> file:///D:/xuhang/guan_dan/assets/scripts/manager/UIConfig.ts -> file:///D:/xuhang/guan_dan/assets/scripts/component/rank/RankAuditionItem.ts -> file:///D:/xuhang/guan_dan/assets/scripts/manager/SoundManager.ts
[warning][[Build.Script.Rollup]] Circular dependency: file:///D:/xuhang/guan_dan/assets/scripts/manager/SoundManager.ts -> file:///D:/xuhang/guan_dan/assets/scripts/AppGlobal.ts -> file:///D:/xuhang/guan_dan/assets/scripts/common/utils.ts -> file:///D:/xuhang/guan_dan/assets/scripts/manager/GlobalData.ts -> file:///D:/xuhang/guan_dan/assets/scripts/manager/UIConfig.ts -> file:///D:/xuhang/guan_dan/assets/scripts/component/gameEndAudition/GameEndAuditionItem.ts -> file:///D:/xuhang/guan_dan/assets/scripts/manager/SoundManager.ts
[warning][[Build.Script.Rollup]] Circular dependency: file:///D:/xuhang/guan_dan/assets/scripts/common/utils.ts -> file:///D:/xuhang/guan_dan/assets/scripts/manager/GlobalData.ts -> file:///D:/xuhang/guan_dan/assets/scripts/manager/UIConfig.ts -> file:///D:/xuhang/guan_dan/assets/scripts/component/gameEndAudition/GameEndAuditionItem.ts -> file:///D:/xuhang/guan_dan/assets/scripts/common/utils.ts
[warning][[Build.Script.Rollup]] Circular dependency: file:///D:/xuhang/guan_dan/assets/scripts/manager/UIConfig.ts -> file:///D:/xuhang/guan_dan/assets/scripts/component/gameEndAudition/GameEndAuditionItem.ts -> file:///D:/xuhang/guan_dan/assets/scripts/manager/UIConfig.ts
[warning][[Build.Script.Rollup]] Circular dependency: file:///D:/xuhang/guan_dan/assets/scripts/manager/GlobalData.ts -> file:///D:/xuhang/guan_dan/assets/scripts/manager/UIConfig.ts -> file:///D:/xuhang/guan_dan/assets/scripts/component/gameEndAudition/GameEndAuditionItem.ts -> file:///D:/xuhang/guan_dan/assets/scripts/manager/GlobalData.ts
[warning][[Build.Script.Rollup]] Circular dependency: file:///D:/xuhang/guan_dan/assets/scripts/common/utils.ts -> file:///D:/xuhang/guan_dan/assets/scripts/manager/GlobalData.ts -> file:///D:/xuhang/guan_dan/assets/scripts/manager/UIConfig.ts -> file:///D:/xuhang/guan_dan/assets/scripts/component/gameEndAudition/GameEndAuditionItem.ts -> file:///D:/xuhang/guan_dan/assets/scripts/component/gameEndAudition/GameEndAuditionHeadItem.ts -> file:///D:/xuhang/guan_dan/assets/scripts/common/utils.ts
[warning][[Build.Script.Rollup]] Circular dependency: file:///D:/xuhang/guan_dan/assets/scripts/manager/SoundManager.ts -> file:///D:/xuhang/guan_dan/assets/scripts/AppGlobal.ts -> file:///D:/xuhang/guan_dan/assets/scripts/common/utils.ts -> file:///D:/xuhang/guan_dan/assets/scripts/manager/GlobalData.ts -> file:///D:/xuhang/guan_dan/assets/scripts/manager/UIConfig.ts -> file:///D:/xuhang/guan_dan/assets/scripts/component/match/FreeMatchItem.ts -> file:///D:/xuhang/guan_dan/assets/scripts/manager/SoundManager.ts
[warning][[Build.Script.Rollup]] Circular dependency: file:///D:/xuhang/guan_dan/assets/scripts/manager/GlobalData.ts -> file:///D:/xuhang/guan_dan/assets/scripts/manager/UIConfig.ts -> file:///D:/xuhang/guan_dan/assets/scripts/component/match/FreeMatchItem.ts -> file:///D:/xuhang/guan_dan/assets/scripts/manager/GlobalData.ts
[warning][[Build.Script.Rollup]] Circular dependency: file:///D:/xuhang/guan_dan/assets/scripts/manager/SoundManager.ts -> file:///D:/xuhang/guan_dan/assets/scripts/AppGlobal.ts -> file:///D:/xuhang/guan_dan/assets/scripts/common/utils.ts -> file:///D:/xuhang/guan_dan/assets/scripts/manager/GlobalData.ts -> file:///D:/xuhang/guan_dan/assets/scripts/manager/UIConfig.ts -> file:///D:/xuhang/guan_dan/assets/scripts/component/match/AuditionMatchItem.ts -> file:///D:/xuhang/guan_dan/assets/scripts/manager/SoundManager.ts
[warning][[Build.Script.Rollup]] Circular dependency: file:///D:/xuhang/guan_dan/assets/scripts/manager/GlobalData.ts -> file:///D:/xuhang/guan_dan/assets/scripts/manager/UIConfig.ts -> file:///D:/xuhang/guan_dan/assets/scripts/component/match/AuditionMatchItem.ts -> file:///D:/xuhang/guan_dan/assets/scripts/manager/GlobalData.ts
[warning][[Build.Script.Rollup]] Circular dependency: file:///D:/xuhang/guan_dan/assets/scripts/manager/UIConfig.ts -> file:///D:/xuhang/guan_dan/assets/scripts/component/activity/signInViewItem.ts -> file:///D:/xuhang/guan_dan/assets/scripts/manager/UIConfig.ts
[warning][[Build.Script.Rollup]] Circular dependency: file:///D:/xuhang/guan_dan/assets/scripts/manager/GlobalData.ts -> file:///D:/xuhang/guan_dan/assets/scripts/manager/UIConfig.ts -> file:///D:/xuhang/guan_dan/assets/scripts/component/activity/shareViewItem.ts -> file:///D:/xuhang/guan_dan/assets/scripts/manager/GlobalData.ts
[warning][[Build.Script.Rollup]] Circular dependency: file:///D:/xuhang/guan_dan/assets/scripts/manager/UIConfig.ts -> file:///D:/xuhang/guan_dan/assets/scripts/component/activity/shareViewItem.ts -> file:///D:/xuhang/guan_dan/assets/scripts/manager/UIConfig.ts
[warning][[Build.Script.Rollup]] Circular dependency: file:///D:/xuhang/guan_dan/assets/scripts/manager/GlobalData.ts -> file:///D:/xuhang/guan_dan/assets/scripts/manager/UIConfig.ts -> file:///D:/xuhang/guan_dan/assets/scripts/component/GetItem.ts -> file:///D:/xuhang/guan_dan/assets/scripts/manager/GlobalData.ts
[warning][[Build.Script.Rollup]] Circular dependency: file:///D:/xuhang/guan_dan/assets/scripts/common/utils.ts -> file:///D:/xuhang/guan_dan/assets/scripts/manager/GlobalData.ts -> file:///D:/xuhang/guan_dan/assets/scripts/manager/UIConfig.ts -> file:///D:/xuhang/guan_dan/assets/scripts/component/GetItem.ts -> file:///D:/xuhang/guan_dan/assets/scripts/common/utils.ts
[warning][[Build.Script.Rollup]] Circular dependency: file:///D:/xuhang/guan_dan/assets/scripts/manager/UIConfig.ts -> file:///D:/xuhang/guan_dan/assets/scripts/component/activity/exchangeViewItem.ts -> file:///D:/xuhang/guan_dan/assets/scripts/manager/UIConfig.ts
[warning][[Build.Script.Rollup]] Circular dependency: file:///D:/xuhang/guan_dan/assets/scripts/manager/GlobalData.ts -> file:///D:/xuhang/guan_dan/assets/scripts/manager/UIConfig.ts -> file:///D:/xuhang/guan_dan/assets/scripts/component/activity/exchangeViewItem.ts -> file:///D:/xuhang/guan_dan/assets/scripts/manager/GlobalData.ts
[warning][[Build.Script.Rollup]] Circular dependency: file:///D:/xuhang/guan_dan/assets/scripts/common/utils.ts -> file:///D:/xuhang/guan_dan/assets/scripts/manager/GlobalData.ts -> file:///D:/xuhang/guan_dan/assets/scripts/manager/UIConfig.ts -> file:///D:/xuhang/guan_dan/assets/scripts/component/activity/exchangeViewItem.ts -> file:///D:/xuhang/guan_dan/assets/scripts/common/utils.ts
[warning][[Build.Script.Rollup]] Circular dependency: file:///D:/xuhang/guan_dan/assets/scripts/manager/GlobalData.ts -> file:///D:/xuhang/guan_dan/assets/scripts/manager/UIConfig.ts -> file:///D:/xuhang/guan_dan/assets/scripts/component/activity/exchangeRecordViewItem.ts -> file:///D:/xuhang/guan_dan/assets/scripts/manager/GlobalData.ts
[warning][[Build.Script.Rollup]] Circular dependency: file:///D:/xuhang/guan_dan/assets/scripts/manager/GlobalData.ts -> file:///D:/xuhang/guan_dan/assets/scripts/manager/UIConfig.ts -> file:///D:/xuhang/guan_dan/assets/scripts/component/activity/shareRecordViewItem.ts -> file:///D:/xuhang/guan_dan/assets/scripts/manager/GlobalData.ts
[warning][[Build.Script.Rollup]] Circular dependency: file:///D:/xuhang/guan_dan/assets/scripts/common/utils.ts -> file:///D:/xuhang/guan_dan/assets/scripts/manager/GlobalData.ts -> file:///D:/xuhang/guan_dan/assets/scripts/manager/UIConfig.ts -> file:///D:/xuhang/guan_dan/assets/scripts/component/activity/shareRecordViewItem.ts -> file:///D:/xuhang/guan_dan/assets/scripts/common/utils.ts
[warning][[Build.Script.Rollup]] Circular dependency: file:///D:/xuhang/guan_dan/assets/scripts/component/activity/activityViewItem.ts -> file:///D:/xuhang/guan_dan/assets/scripts/manager/SoundManager.ts -> file:///D:/xuhang/guan_dan/assets/scripts/AppGlobal.ts -> file:///D:/xuhang/guan_dan/assets/scripts/common/utils.ts -> file:///D:/xuhang/guan_dan/assets/scripts/manager/GlobalData.ts -> file:///D:/xuhang/guan_dan/assets/scripts/manager/UIConfig.ts -> file:///D:/xuhang/guan_dan/assets/scripts/component/activity/activityViewItem.ts
[warning][[Build.Script.Rollup]] Circular dependency: file:///D:/xuhang/guan_dan/assets/scripts/manager/SoundManager.ts -> file:///D:/xuhang/guan_dan/assets/scripts/AppGlobal.ts -> file:///D:/xuhang/guan_dan/assets/scripts/platform/platform.ts -> file:///D:/xuhang/guan_dan/assets/scripts/manager/SoundManager.ts
[Build] [build-script][[Build.Script.Rollup]] Circular dependency: file:///D:/xuhang/guan_dan/assets/scripts/common/utils.ts -> file:///D:/xuhang/guan_dan/assets/scripts/manager/GlobalData.ts -> file:///D:/xuhang/guan_dan/assets/scripts/manager/UIConfig.ts -> file:///D:/xuhang/guan_dan/assets/scripts/component/raceKick/RaceKickItem.ts -> file:///D:/xuhang/guan_dan/assets/scripts/common/utils.ts
[warning][[Build.Script.Rollup]] Circular dependency: file:///D:/xuhang/guan_dan/assets/scripts/manager/GlobalData.ts -> file:///D:/xuhang/guan_dan/assets/scripts/manager/UIConfig.ts -> file:///D:/xuhang/guan_dan/assets/scripts/component/raceKick/RaceKickItem.ts -> file:///D:/xuhang/guan_dan/assets/scripts/component/raceKick/RaceKickLineItem.ts -> file:///D:/xuhang/guan_dan/assets/scripts/manager/GlobalData.ts
[warning][[Build.Script.Rollup]] Circular dependency: file:///D:/xuhang/guan_dan/assets/scripts/manager/SoundManager.ts -> file:///D:/xuhang/guan_dan/assets/scripts/AppGlobal.ts -> file:///D:/xuhang/guan_dan/assets/scripts/common/utils.ts -> file:///D:/xuhang/guan_dan/assets/scripts/manager/GlobalData.ts -> file:///D:/xuhang/guan_dan/assets/scripts/manager/UIConfig.ts -> file:///D:/xuhang/guan_dan/assets/scripts/component/raceKick/RaceKickItem.ts -> file:///D:/xuhang/guan_dan/assets/scripts/component/raceKick/RaceKickLineItem.ts -> file:///D:/xuhang/guan_dan/assets/scripts/manager/SoundManager.ts
[warning][[Build.Script.Rollup]] Circular dependency: file:///D:/xuhang/guan_dan/assets/scripts/common/utils.ts -> file:///D:/xuhang/guan_dan/assets/scripts/manager/GlobalData.ts -> file:///D:/xuhang/guan_dan/assets/scripts/manager/UIConfig.ts -> file:///D:/xuhang/guan_dan/assets/scripts/component/raceKick/RaceKickItem.ts -> file:///D:/xuhang/guan_dan/assets/scripts/component/raceKick/RaceKickLineItem.ts -> file:///D:/xuhang/guan_dan/assets/scripts/common/utils.ts
[warning][[Build.Script.Rollup]] Circular dependency: file:///D:/xuhang/guan_dan/assets/scripts/manager/UIConfig.ts -> file:///D:/xuhang/guan_dan/assets/scripts/component/raceKick/RaceKickItem.ts -> file:///D:/xuhang/guan_dan/assets/scripts/manager/UIConfig.ts
[warning][[Build.Script.Rollup]] Circular dependency: file:///D:/xuhang/guan_dan/assets/scripts/manager/SoundManager.ts -> file:///D:/xuhang/guan_dan/assets/scripts/AppGlobal.ts -> file:///D:/xuhang/guan_dan/assets/scripts/common/utils.ts -> file:///D:/xuhang/guan_dan/assets/scripts/manager/GlobalData.ts -> file:///D:/xuhang/guan_dan/assets/scripts/manager/UIConfig.ts -> file:///D:/xuhang/guan_dan/assets/scripts/component/MessageBoxCommonTest.ts -> file:///D:/xuhang/guan_dan/assets/scripts/manager/SoundManager.ts
[warning][[Build.Script.Rollup]] Circular dependency: file:///D:/xuhang/guan_dan/assets/scripts/manager/SoundManager.ts -> file:///D:/xuhang/guan_dan/assets/scripts/AppGlobal.ts -> file:///D:/xuhang/guan_dan/assets/scripts/common/utils.ts -> file:///D:/xuhang/guan_dan/assets/scripts/manager/GlobalData.ts -> file:///D:/xuhang/guan_dan/assets/scripts/manager/UIConfig.ts -> file:///D:/xuhang/guan_dan/assets/scripts/component/CreateTeamItem.ts -> file:///D:/xuhang/guan_dan/assets/scripts/manager/SoundManager.ts
[warning][[Build.Script.Rollup]] Circular dependency: file:///D:/xuhang/guan_dan/assets/scripts/manager/SoundManager.ts -> file:///D:/xuhang/guan_dan/assets/scripts/AppGlobal.ts -> file:///D:/xuhang/guan_dan/assets/scripts/common/utils.ts -> file:///D:/xuhang/guan_dan/assets/scripts/manager/GlobalData.ts -> file:///D:/xuhang/guan_dan/assets/scripts/manager/UIConfig.ts -> file:///D:/xuhang/guan_dan/assets/scripts/component/gameStartNotice/GameStartNotice.ts -> file:///D:/xuhang/guan_dan/assets/scripts/manager/SoundManager.ts
[warning][[Build.Script.Rollup]] Circular dependency: file:///D:/xuhang/guan_dan/assets/scripts/common/utils.ts -> file:///D:/xuhang/guan_dan/assets/scripts/manager/GlobalData.ts -> file:///D:/xuhang/guan_dan/assets/scripts/manager/UIConfig.ts -> file:///D:/xuhang/guan_dan/assets/scripts/component/gameStartNotice/GameStartNotice.ts -> file:///D:/xuhang/guan_dan/assets/scripts/common/utils.ts
[warning][[Build.Script.Rollup]] Circular dependency: file:///D:/xuhang/guan_dan/assets/scripts/manager/SoundManager.ts -> file:///D:/xuhang/guan_dan/assets/scripts/AppGlobal.ts -> file:///D:/xuhang/guan_dan/assets/scripts/common/utils.ts -> file:///D:/xuhang/guan_dan/assets/scripts/manager/GlobalData.ts -> file:///D:/xuhang/guan_dan/assets/scripts/manager/UIConfig.ts -> file:///D:/xuhang/guan_dan/assets/scripts/component/gameStartNotice/FreeUpItem.ts -> file:///D:/xuhang/guan_dan/assets/scripts/manager/SoundManager.ts
[warning][[Build.Script.Rollup]] Circular dependency: file:///D:/xuhang/guan_dan/assets/scripts/manager/GlobalData.ts -> file:///D:/xuhang/guan_dan/assets/scripts/manager/UIConfig.ts -> file:///D:/xuhang/guan_dan/assets/scripts/component/gameStartNotice/FreeUpItem.ts -> file:///D:/xuhang/guan_dan/assets/scripts/manager/GlobalData.ts
[warning][[Build.Script.Rollup]] Circular dependency: file:///D:/xuhang/guan_dan/assets/scripts/manager/SoundManager.ts -> file:///D:/xuhang/guan_dan/assets/scripts/AppGlobal.ts -> file:///D:/xuhang/guan_dan/assets/scripts/common/utils.ts -> file:///D:/xuhang/guan_dan/assets/scripts/manager/GlobalData.ts -> file:///D:/xuhang/guan_dan/assets/scripts/manager/UIConfig.ts -> file:///D:/xuhang/guan_dan/assets/scripts/component/rankRace/RankRaceItem.ts -> file:///D:/xuhang/guan_dan/assets/scripts/manager/SoundManager.ts
[warning][[Build.Script.Rollup]] Circular dependency: file:///D:/xuhang/guan_dan/assets/scripts/manager/GlobalData.ts -> file:///D:/xuhang/guan_dan/assets/scripts/manager/UIConfig.ts -> file:///D:/xuhang/guan_dan/assets/scripts/component/rankRace/RankRaceItem.ts -> file:///D:/xuhang/guan_dan/assets/scripts/component/rankRace/RankRaceKickItem.ts -> file:///D:/xuhang/guan_dan/assets/scripts/manager/GlobalData.ts
[warning][[Build.Script.Rollup]] Circular dependency: file:///D:/xuhang/guan_dan/assets/scripts/manager/GlobalData.ts -> file:///D:/xuhang/guan_dan/assets/scripts/manager/UIConfig.ts -> file:///D:/xuhang/guan_dan/assets/scripts/component/rankRace/RankRaceItem.ts -> file:///D:/xuhang/guan_dan/assets/scripts/component/rankRace/RankRaceScoreItem.ts -> file:///D:/xuhang/guan_dan/assets/scripts/manager/GlobalData.ts
[warning][[Build.Script.Rollup]] Circular dependency: file:///D:/xuhang/guan_dan/assets/scripts/manager/GlobalData.ts -> file:///D:/xuhang/guan_dan/assets/scripts/manager/UIConfig.ts -> file:///D:/xuhang/guan_dan/assets/scripts/component/rankRace/RankRaceItem.ts -> file:///D:/xuhang/guan_dan/assets/scripts/component/rankRace/RankRaceAuditionItem.ts -> file:///D:/xuhang/guan_dan/assets/scripts/manager/GlobalData.ts
[warning][[Build.Script.Rollup]] Circular dependency: file:///D:/xuhang/guan_dan/assets/scripts/manager/GlobalData.ts -> file:///D:/xuhang/guan_dan/assets/scripts/manager/UIConfig.ts -> file:///D:/xuhang/guan_dan/assets/scripts/component/rank/RankKick.ts -> file:///D:/xuhang/guan_dan/assets/scripts/manager/GlobalData.ts
[warning][[Build.Script.Rollup]] Circular dependency: file:///D:/xuhang/guan_dan/assets/scripts/manager/SoundManager.ts -> file:///D:/xuhang/guan_dan/assets/scripts/AppGlobal.ts -> file:///D:/xuhang/guan_dan/assets/scripts/common/utils.ts -> file:///D:/xuhang/guan_dan/assets/scripts/manager/GlobalData.ts -> file:///D:/xuhang/guan_dan/assets/scripts/manager/UIConfig.ts -> file:///D:/xuhang/guan_dan/assets/scripts/component/rank/RankKick.ts -> file:///D:/xuhang/guan_dan/assets/scripts/manager/SoundManager.ts
[warning][[Build.Script.Rollup]] Circular dependency: file:///D:/xuhang/guan_dan/assets/scripts/manager/GlobalData.ts -> file:///D:/xuhang/guan_dan/assets/scripts/manager/UIConfig.ts -> file:///D:/xuhang/guan_dan/assets/scripts/component/raceAudition/RaceAuditionItem.ts -> file:///D:/xuhang/guan_dan/assets/scripts/manager/GlobalData.ts
[warning][[Build.Script.Rollup]] Circular dependency: file:///D:/xuhang/guan_dan/assets/scripts/manager/SoundManager.ts -> file:///D:/xuhang/guan_dan/assets/scripts/AppGlobal.ts -> file:///D:/xuhang/guan_dan/assets/scripts/common/utils.ts -> file:///D:/xuhang/guan_dan/assets/scripts/manager/GlobalData.ts -> file:///D:/xuhang/guan_dan/assets/scripts/manager/UIConfig.ts -> file:///D:/xuhang/guan_dan/assets/scripts/component/raceAudition/RaceAuditionItem.ts -> file:///D:/xuhang/guan_dan/assets/scripts/manager/SoundManager.ts
[warning][[Build.Script.Rollup]] Circular dependency: file:///D:/xuhang/guan_dan/assets/scripts/common/utils.ts -> file:///D:/xuhang/guan_dan/assets/scripts/manager/GlobalData.ts -> file:///D:/xuhang/guan_dan/assets/scripts/manager/UIConfig.ts -> file:///D:/xuhang/guan_dan/assets/scripts/component/raceAudition/RaceAuditionItem.ts -> file:///D:/xuhang/guan_dan/assets/scripts/common/utils.ts
[warning][[Build.Script.Rollup]] Circular dependency: file:///D:/xuhang/guan_dan/assets/scripts/manager/GlobalData.ts -> file:///D:/xuhang/guan_dan/assets/scripts/manager/UIConfig.ts -> file:///D:/xuhang/guan_dan/assets/scripts/component/rank/RankAuditionItem.ts -> file:///D:/xuhang/guan_dan/assets/scripts/manager/GlobalData.ts
[warning][[Build.Script.Rollup]] Circular dependency: file:///D:/xuhang/guan_dan/assets/scripts/manager/SoundManager.ts -> file:///D:/xuhang/guan_dan/assets/scripts/AppGlobal.ts -> file:///D:/xuhang/guan_dan/assets/scripts/common/utils.ts -> file:///D:/xuhang/guan_dan/assets/scripts/manager/GlobalData.ts -> file:///D:/xuhang/guan_dan/assets/scripts/manager/UIConfig.ts -> file:///D:/xuhang/guan_dan/assets/scripts/component/rank/RankAuditionItem.ts -> file:///D:/xuhang/guan_dan/assets/scripts/manager/SoundManager.ts
[warning][[Build.Script.Rollup]] Circular dependency: file:///D:/xuhang/guan_dan/assets/scripts/manager/SoundManager.ts -> file:///D:/xuhang/guan_dan/assets/scripts/AppGlobal.ts -> file:///D:/xuhang/guan_dan/assets/scripts/common/utils.ts -> file:///D:/xuhang/guan_dan/assets/scripts/manager/GlobalData.ts -> file:///D:/xuhang/guan_dan/assets/scripts/manager/UIConfig.ts -> file:///D:/xuhang/guan_dan/assets/scripts/component/gameEndAudition/GameEndAuditionItem.ts -> file:///D:/xuhang/guan_dan/assets/scripts/manager/SoundManager.ts
[warning][[Build.Script.Rollup]] Circular dependency: file:///D:/xuhang/guan_dan/assets/scripts/common/utils.ts -> file:///D:/xuhang/guan_dan/assets/scripts/manager/GlobalData.ts -> file:///D:/xuhang/guan_dan/assets/scripts/manager/UIConfig.ts -> file:///D:/xuhang/guan_dan/assets/scripts/component/gameEndAudition/GameEndAuditionItem.ts -> file:///D:/xuhang/guan_dan/assets/scripts/common/utils.ts
[warning][[Build.Script.Rollup]] Circular dependency: file:///D:/xuhang/guan_dan/assets/scripts/manager/UIConfig.ts -> file:///D:/xuhang/guan_dan/assets/scripts/component/gameEndAudition/GameEndAuditionItem.ts -> file:///D:/xuhang/guan_dan/assets/scripts/manager/UIConfig.ts
[warning][[Build.Script.Rollup]] Circular dependency: file:///D:/xuhang/guan_dan/assets/scripts/manager/GlobalData.ts -> file:///D:/xuhang/guan_dan/assets/scripts/manager/UIConfig.ts -> file:///D:/xuhang/guan_dan/assets/scripts/component/gameEndAudition/GameEndAuditionItem.ts -> file:///D:/xuhang/guan_dan/assets/scripts/manager/GlobalData.ts
[warning][[Build.Script.Rollup]] Circular dependency: file:///D:/xuhang/guan_dan/assets/scripts/common/utils.ts -> file:///D:/xuhang/guan_dan/assets/scripts/manager/GlobalData.ts -> file:///D:/xuhang/guan_dan/assets/scripts/manager/UIConfig.ts -> file:///D:/xuhang/guan_dan/assets/scripts/component/gameEndAudition/GameEndAuditionItem.ts -> file:///D:/xuhang/guan_dan/assets/scripts/component/gameEndAudition/GameEndAuditionHeadItem.ts -> file:///D:/xuhang/guan_dan/assets/scripts/common/utils.ts
[warning][[Build.Script.Rollup]] Circular dependency: file:///D:/xuhang/guan_dan/assets/scripts/manager/SoundManager.ts -> file:///D:/xuhang/guan_dan/assets/scripts/AppGlobal.ts -> file:///D:/xuhang/guan_dan/assets/scripts/common/utils.ts -> file:///D:/xuhang/guan_dan/assets/scripts/manager/GlobalData.ts -> file:///D:/xuhang/guan_dan/assets/scripts/manager/UIConfig.ts -> file:///D:/xuhang/guan_dan/assets/scripts/component/match/FreeMatchItem.ts -> file:///D:/xuhang/guan_dan/assets/scripts/manager/SoundManager.ts
[warning][[Build.Script.Rollup]] Circular dependency: file:///D:/xuhang/guan_dan/assets/scripts/manager/GlobalData.ts -> file:///D:/xuhang/guan_dan/assets/scripts/manager/UIConfig.ts -> file:///D:/xuhang/guan_dan/assets/scripts/component/match/FreeMatchItem.ts -> file:///D:/xuhang/guan_dan/assets/scripts/manager/GlobalData.ts
[warning][[Build.Script.Rollup]] Circular dependency: file:///D:/xuhang/guan_dan/assets/scripts/manager/SoundManager.ts -> file:///D:/xuhang/guan_dan/assets/scripts/AppGlobal.ts -> file:///D:/xuhang/guan_dan/assets/scripts/common/utils.ts -> file:///D:/xuhang/guan_dan/assets/scripts/manager/GlobalData.ts -> file:///D:/xuhang/guan_dan/assets/scripts/manager/UIConfig.ts -> file:///D:/xuhang/guan_dan/assets/scripts/component/match/AuditionMatchItem.ts -> file:///D:/xuhang/guan_dan/assets/scripts/manager/SoundManager.ts
[warning][[Build.Script.Rollup]] Circular dependency: file:///D:/xuhang/guan_dan/assets/scripts/manager/GlobalData.ts -> file:///D:/xuhang/guan_dan/assets/scripts/manager/UIConfig.ts -> file:///D:/xuhang/guan_dan/assets/scripts/component/match/AuditionMatchItem.ts -> file:///D:/xuhang/guan_dan/assets/scripts/manager/GlobalData.ts
[warning][[Build.Script.Rollup]] Circular dependency: file:///D:/xuhang/guan_dan/assets/scripts/manager/UIConfig.ts -> file:///D:/xuhang/guan_dan/assets/scripts/component/activity/signInViewItem.ts -> file:///D:/xuhang/guan_dan/assets/scripts/manager/UIConfig.ts
[warning][[Build.Script.Rollup]] Circular dependency: file:///D:/xuhang/guan_dan/assets/scripts/manager/GlobalData.ts -> file:///D:/xuhang/guan_dan/assets/scripts/manager/UIConfig.ts -> file:///D:/xuhang/guan_dan/assets/scripts/component/activity/shareViewItem.ts -> file:///D:/xuhang/guan_dan/assets/scripts/manager/GlobalData.ts
[warning][[Build.Script.Rollup]] Circular dependency: file:///D:/xuhang/guan_dan/assets/scripts/manager/UIConfig.ts -> file:///D:/xuhang/guan_dan/assets/scripts/component/activity/shareViewItem.ts -> file:///D:/xuhang/guan_dan/assets/scripts/manager/UIConfig.ts
[warning][[Build.Script.Rollup]] Circular dependency: file:///D:/xuhang/guan_dan/assets/scripts/manager/GlobalData.ts -> file:///D:/xuhang/guan_dan/assets/scripts/manager/UIConfig.ts -> file:///D:/xuhang/guan_dan/assets/scripts/component/GetItem.ts -> file:///D:/xuhang/guan_dan/assets/scripts/manager/GlobalData.ts
[warning][[Build.Script.Rollup]] Circular dependency: file:///D:/xuhang/guan_dan/assets/scripts/common/utils.ts -> file:///D:/xuhang/guan_dan/assets/scripts/manager/GlobalData.ts -> file:///D:/xuhang/guan_dan/assets/scripts/manager/UIConfig.ts -> file:///D:/xuhang/guan_dan/assets/scripts/component/GetItem.ts -> file:///D:/xuhang/guan_dan/assets/scripts/common/utils.ts
[warning][[Build.Script.Rollup]] Circular dependency: file:///D:/xuhang/guan_dan/assets/scripts/manager/UIConfig.ts -> file:///D:/xuhang/guan_dan/assets/scripts/component/activity/exchangeViewItem.ts -> file:///D:/xuhang/guan_dan/assets/scripts/manager/UIConfig.ts
[warning][[Build.Script.Rollup]] Circular dependency: file:///D:/xuhang/guan_dan/assets/scripts/manager/GlobalData.ts -> file:///D:/xuhang/guan_dan/assets/scripts/manager/UIConfig.ts -> file:///D:/xuhang/guan_dan/assets/scripts/component/activity/exchangeViewItem.ts -> file:///D:/xuhang/guan_dan/assets/scripts/manager/GlobalData.ts
[warning][[Build.Script.Rollup]] Circular dependency: file:///D:/xuhang/guan_dan/assets/scripts/common/utils.ts -> file:///D:/xuhang/guan_dan/assets/scripts/manager/GlobalData.ts -> file:///D:/xuhang/guan_dan/assets/scripts/manager/UIConfig.ts -> file:///D:/xuhang/guan_dan/assets/scripts/component/activity/exchangeViewItem.ts -> file:///D:/xuhang/guan_dan/assets/scripts/common/utils.ts
[warning][[Build.Script.Rollup]] Circular dependency: file:///D:/xuhang/guan_dan/assets/scripts/manager/GlobalData.ts -> file:///D:/xuhang/guan_dan/assets/scripts/manager/UIConfig.ts -> file:///D:/xuhang/guan_dan/assets/scripts/component/activity/exchangeRecordViewItem.ts -> file:///D:/xuhang/guan_dan/assets/scripts/manager/GlobalData.ts
[warning][[Build.Script.Rollup]] Circular dependency: file:///D:/xuhang/guan_dan/assets/scripts/manager/GlobalData.ts -> file:///D:/xuhang/guan_dan/assets/scripts/manager/UIConfig.ts -> file:///D:/xuhang/guan_dan/assets/scripts/component/activity/shareRecordViewItem.ts -> file:///D:/xuhang/guan_dan/assets/scripts/manager/GlobalData.ts
[warning][[Build.Script.Rollup]] Circular dependency: file:///D:/xuhang/guan_dan/assets/scripts/common/utils.ts -> file:///D:/xuhang/guan_dan/assets/scripts/manager/GlobalData.ts -> file:///D:/xuhang/guan_dan/assets/scripts/manager/UIConfig.ts -> file:///D:/xuhang/guan_dan/assets/scripts/component/activity/shareRecordViewItem.ts -> file:///D:/xuhang/guan_dan/assets/scripts/common/utils.ts
[warning][[Build.Script.Rollup]] Circular dependency: file:///D:/xuhang/guan_dan/assets/scripts/component/activity/activityViewItem.ts -> file:///D:/xuhang/guan_dan/assets/scripts/manager/SoundManager.ts -> file:///D:/xuhang/guan_dan/assets/scripts/AppGlobal.ts -> file:///D:/xuhang/guan_dan/assets/scripts/common/utils.ts -> file:///D:/xuhang/guan_dan/assets/scripts/manager/GlobalData.ts -> file:///D:/xuhang/guan_dan/assets/scripts/manager/UIConfig.ts -> file:///D:/xuhang/guan_dan/assets/scripts/component/activity/activityViewItem.ts
[warning][[Build.Script.Rollup]] Circular dependency: file:///D:/xuhang/guan_dan/assets/scripts/manager/SoundManager.ts -> file:///D:/xuhang/guan_dan/assets/scripts/AppGlobal.ts -> file:///D:/xuhang/guan_dan/assets/scripts/platform/platform.ts -> file:///D:/xuhang/guan_dan/assets/scripts/manager/SoundManager.ts
  
[warning][[Build.Script.Rollup]] Circular dependency: file:///D:/xuhang/guan_dan/assets/scripts/manager/SoundManager.ts -> file:///D:/xuhang/guan_dan/assets/scripts/AppGlobal.ts -> file:///D:/xuhang/guan_dan/assets/scripts/common/utils.ts -> file:///D:/xuhang/guan_dan/assets/scripts/manager/GlobalData.ts -> file:///D:/xuhang/guan_dan/assets/scripts/manager/UIConfig.ts -> file:///D:/xuhang/guan_dan/assets/scripts/component/MessageBoxCommonTest.ts -> file:///D:/xuhang/guan_dan/assets/scripts/manager/SoundManager.ts  
[warning][[Build.Script.Rollup]] Circular dependency: file:///D:/xuhang/guan_dan/assets/scripts/manager/SoundManager.ts -> file:///D:/xuhang/guan_dan/assets/scripts/AppGlobal.ts -> file:///D:/xuhang/guan_dan/assets/scripts/common/utils.ts -> file:///D:/xuhang/guan_dan/assets/scripts/manager/GlobalData.ts -> file:///D:/xuhang/guan_dan/assets/scripts/manager/UIConfig.ts -> file:///D:/xuhang/guan_dan/assets/scripts/component/CreateTeamItem.ts -> file:///D:/xuhang/guan_dan/assets/scripts/manager/SoundManager.ts  
[warning][[Build.Script.Rollup]] Circular dependency: file:///D:/xuhang/guan_dan/assets/scripts/manager/SoundManager.ts -> file:///D:/xuhang/guan_dan/assets/scripts/AppGlobal.ts -> file:///D:/xuhang/guan_dan/assets/scripts/common/utils.ts -> file:///D:/xuhang/guan_dan/assets/scripts/manager/GlobalData.ts -> file:///D:/xuhang/guan_dan/assets/scripts/manager/UIConfig.ts -> file:///D:/xuhang/guan_dan/assets/scripts/component/gameStartNotice/GameStartNotice.ts -> file:///D:/xuhang/guan_dan/assets/scripts/manager/SoundManager.ts  
[warning][[Build.Script.Rollup]] Circular dependency: file:///D:/xuhang/guan_dan/assets/scripts/common/utils.ts -> file:///D:/xuhang/guan_dan/assets/scripts/manager/GlobalData.ts -> file:///D:/xuhang/guan_dan/assets/scripts/manager/UIConfig.ts -> file:///D:/xuhang/guan_dan/assets/scripts/component/gameStartNotice/GameStartNotice.ts -> file:///D:/xuhang/guan_dan/assets/scripts/common/utils.ts  
[warning][[Build.Script.Rollup]] Circular dependency: file:///D:/xuhang/guan_dan/assets/scripts/manager/SoundManager.ts -> file:///D:/xuhang/guan_dan/assets/scripts/AppGlobal.ts -> file:///D:/xuhang/guan_dan/assets/scripts/common/utils.ts -> file:///D:/xuhang/guan_dan/assets/scripts/manager/GlobalData.ts -> file:///D:/xuhang/guan_dan/assets/scripts/manager/UIConfig.ts -> file:///D:/xuhang/guan_dan/assets/scripts/component/gameStartNotice/FreeUpItem.ts -> file:///D:/xuhang/guan_dan/assets/scripts/manager/SoundManager.ts  
[warning][[Build.Script.Rollup]] Circular dependency: file:///D:/xuhang/guan_dan/assets/scripts/manager/GlobalData.ts -> file:///D:/xuhang/guan_dan/assets/scripts/manager/UIConfig.ts -> file:///D:/xuhang/guan_dan/assets/scripts/component/gameStartNotice/FreeUpItem.ts -> file:///D:/xuhang/guan_dan/assets/scripts/manager/GlobalData.ts  
[warning][[Build.Script.Rollup]] Circular dependency: file:///D:/xuhang/guan_dan/assets/scripts/manager/SoundManager.ts -> file:///D:/xuhang/guan_dan/assets/scripts/AppGlobal.ts -> file:///D:/xuhang/guan_dan/assets/scripts/common/utils.ts -> file:///D:/xuhang/guan_dan/assets/scripts/manager/GlobalData.ts -> file:///D:/xuhang/guan_dan/assets/scripts/manager/UIConfig.ts -> file:///D:/xuhang/guan_dan/assets/scripts/component/rankRace/RankRaceItem.ts -> file:///D:/xuhang/guan_dan/assets/scripts/manager/SoundManager.ts  
[warning][[Build.Script.Rollup]] Circular dependency: file:///D:/xuhang/guan_dan/assets/scripts/manager/GlobalData.ts -> file:///D:/xuhang/guan_dan/assets/scripts/manager/UIConfig.ts -> file:///D:/xuhang/guan_dan/assets/scripts/component/rankRace/RankRaceItem.ts -> file:///D:/xuhang/guan_dan/assets/scripts/component/rankRace/RankRaceKickItem.ts -> file:///D:/xuhang/guan_dan/assets/scripts/manager/GlobalData.ts  
[warning][[Build.Script.Rollup]] Circular dependency: file:///D:/xuhang/guan_dan/assets/scripts/manager/GlobalData.ts -> file:///D:/xuhang/guan_dan/assets/scripts/manager/UIConfig.ts -> file:///D:/xuhang/guan_dan/assets/scripts/component/rankRace/RankRaceItem.ts -> file:///D:/xuhang/guan_dan/assets/scripts/component/rankRace/RankRaceScoreItem.ts -> file:///D:/xuhang/guan_dan/assets/scripts/manager/GlobalData.ts  
[warning][[Build.Script.Rollup]] Circular dependency: file:///D:/xuhang/guan_dan/assets/scripts/manager/GlobalData.ts -> file:///D:/xuhang/guan_dan/assets/scripts/manager/UIConfig.ts -> file:///D:/xuhang/guan_dan/assets/scripts/component/rankRace/RankRaceItem.ts -> file:///D:/xuhang/guan_dan/assets/scripts/component/rankRace/RankRaceAuditionItem.ts -> file:///D:/xuhang/guan_dan/assets/scripts/manager/GlobalData.ts  
[warning][[Build.Script.Rollup]] Circular dependency: file:///D:/xuhang/guan_dan/assets/scripts/manager/GlobalData.ts -> file:///D:/xuhang/guan_dan/assets/scripts/manager/UIConfig.ts -> file:///D:/xuhang/guan_dan/assets/scripts/component/rank/RankKick.ts -> file:///D:/xuhang/guan_dan/assets/scripts/manager/GlobalData.ts  
[warning][[Build.Script.Rollup]] Circular dependency: file:///D:/xuhang/guan_dan/assets/scripts/manager/SoundManager.ts -> file:///D:/xuhang/guan_dan/assets/scripts/AppGlobal.ts -> file:///D:/xuhang/guan_dan/assets/scripts/common/utils.ts -> file:///D:/xuhang/guan_dan/assets/scripts/manager/GlobalData.ts -> file:///D:/xuhang/guan_dan/assets/scripts/manager/UIConfig.ts -> file:///D:/xuhang/guan_dan/assets/scripts/component/rank/RankKick.ts -> file:///D:/xuhang/guan_dan/assets/scripts/manager/SoundManager.ts  
[warning][[Build.Script.Rollup]] Circular dependency: file:///D:/xuhang/guan_dan/assets/scripts/manager/GlobalData.ts -> file:///D:/xuhang/guan_dan/assets/scripts/manager/UIConfig.ts -> file:///D:/xuhang/guan_dan/assets/scripts/component/raceAudition/RaceAuditionItem.ts -> file:///D:/xuhang/guan_dan/assets/scripts/manager/GlobalData.ts  
[warning][[Build.Script.Rollup]] Circular dependency: file:///D:/xuhang/guan_dan/assets/scripts/manager/SoundManager.ts -> file:///D:/xuhang/guan_dan/assets/scripts/AppGlobal.ts -> file:///D:/xuhang/guan_dan/assets/scripts/common/utils.ts -> file:///D:/xuhang/guan_dan/assets/scripts/manager/GlobalData.ts -> file:///D:/xuhang/guan_dan/assets/scripts/manager/UIConfig.ts -> file:///D:/xuhang/guan_dan/assets/scripts/component/raceAudition/RaceAuditionItem.ts -> file:///D:/xuhang/guan_dan/assets/scripts/manager/SoundManager.ts  
[warning][[Build.Script.Rollup]] Circular dependency: file:///D:/xuhang/guan_dan/assets/scripts/common/utils.ts -> file:///D:/xuhang/guan_dan/assets/scripts/manager/GlobalData.ts -> file:///D:/xuhang/guan_dan/assets/scripts/manager/UIConfig.ts -> file:///D:/xuhang/guan_dan/assets/scripts/component/raceAudition/RaceAuditionItem.ts -> file:///D:/xuhang/guan_dan/assets/scripts/common/utils.ts  
[warning][[Build.Script.Rollup]] Circular dependency: file:///D:/xuhang/guan_dan/assets/scripts/manager/GlobalData.ts -> file:///D:/xuhang/guan_dan/assets/scripts/manager/UIConfig.ts -> file:///D:/xuhang/guan_dan/assets/scripts/component/rank/RankAuditionItem.ts -> file:///D:/xuhang/guan_dan/assets/scripts/manager/GlobalData.ts  
[warning][[Build.Script.Rollup]] Circular dependency: file:///D:/xuhang/guan_dan/assets/scripts/manager/SoundManager.ts -> file:///D:/xuhang/guan_dan/assets/scripts/AppGlobal.ts -> file:///D:/xuhang/guan_dan/assets/scripts/common/utils.ts -> file:///D:/xuhang/guan_dan/assets/scripts/manager/GlobalData.ts -> file:///D:/xuhang/guan_dan/assets/scripts/manager/UIConfig.ts -> file:///D:/xuhang/guan_dan/assets/scripts/component/rank/RankAuditionItem.ts -> file:///D:/xuhang/guan_dan/assets/scripts/manager/SoundManager.ts  
[warning][[Build.Script.Rollup]] Circular dependency: file:///D:/xuhang/guan_dan/assets/scripts/manager/SoundManager.ts -> file:///D:/xuhang/guan_dan/assets/scripts/AppGlobal.ts -> file:///D:/xuhang/guan_dan/assets/scripts/common/utils.ts -> file:///D:/xuhang/guan_dan/assets/scripts/manager/GlobalData.ts -> file:///D:/xuhang/guan_dan/assets/scripts/manager/UIConfig.ts -> file:///D:/xuhang/guan_dan/assets/scripts/component/gameEndAudition/GameEndAuditionItem.ts -> file:///D:/xuhang/guan_dan/assets/scripts/manager/SoundManager.ts  
[warning][[Build.Script.Rollup]] Circular dependency: file:///D:/xuhang/guan_dan/assets/scripts/common/utils.ts -> file:///D:/xuhang/guan_dan/assets/scripts/manager/GlobalData.ts -> file:///D:/xuhang/guan_dan/assets/scripts/manager/UIConfig.ts -> file:///D:/xuhang/guan_dan/assets/scripts/component/gameEndAudition/GameEndAuditionItem.ts -> file:///D:/xuhang/guan_dan/assets/scripts/common/utils.ts  
[warning][[Build.Script.Rollup]] Circular dependency: file:///D:/xuhang/guan_dan/assets/scripts/manager/UIConfig.ts -> file:///D:/xuhang/guan_dan/assets/scripts/component/gameEndAudition/GameEndAuditionItem.ts -> file:///D:/xuhang/guan_dan/assets/scripts/manager/UIConfig.ts  
[warning][[Build.Script.Rollup]] Circular dependency: file:///D:/xuhang/guan_dan/assets/scripts/manager/GlobalData.ts -> file:///D:/xuhang/guan_dan/assets/scripts/manager/UIConfig.ts -> file:///D:/xuhang/guan_dan/assets/scripts/component/gameEndAudition/GameEndAuditionItem.ts -> file:///D:/xuhang/guan_dan/assets/scripts/manager/GlobalData.ts  
[warning][[Build.Script.Rollup]] Circular dependency: file:///D:/xuhang/guan_dan/assets/scripts/common/utils.ts -> file:///D:/xuhang/guan_dan/assets/scripts/manager/GlobalData.ts -> file:///D:/xuhang/guan_dan/assets/scripts/manager/UIConfig.ts -> file:///D:/xuhang/guan_dan/assets/scripts/component/gameEndAudition/GameEndAuditionItem.ts -> file:///D:/xuhang/guan_dan/assets/scripts/component/gameEndAudition/GameEndAuditionHeadItem.ts -> file:///D:/xuhang/guan_dan/assets/scripts/common/utils.ts  
[warning][[Build.Script.Rollup]] Circular dependency: file:///D:/xuhang/guan_dan/assets/scripts/manager/SoundManager.ts -> file:///D:/xuhang/guan_dan/assets/scripts/AppGlobal.ts -> file:///D:/xuhang/guan_dan/assets/scripts/common/utils.ts -> file:///D:/xuhang/guan_dan/assets/scripts/manager/GlobalData.ts -> file:///D:/xuhang/guan_dan/assets/scripts/manager/UIConfig.ts -> file:///D:/xuhang/guan_dan/assets/scripts/component/match/FreeMatchItem.ts -> file:///D:/xuhang/guan_dan/assets/scripts/manager/SoundManager.ts  
[warning][[Build.Script.Rollup]] Circular dependency: file:///D:/xuhang/guan_dan/assets/scripts/manager/GlobalData.ts -> file:///D:/xuhang/guan_dan/assets/scripts/manager/UIConfig.ts -> file:///D:/xuhang/guan_dan/assets/scripts/component/match/FreeMatchItem.ts -> file:///D:/xuhang/guan_dan/assets/scripts/manager/GlobalData.ts  
[warning][[Build.Script.Rollup]] Circular dependency: file:///D:/xuhang/guan_dan/assets/scripts/manager/SoundManager.ts -> file:///D:/xuhang/guan_dan/assets/scripts/AppGlobal.ts -> file:///D:/xuhang/guan_dan/assets/scripts/common/utils.ts -> file:///D:/xuhang/guan_dan/assets/scripts/manager/GlobalData.ts -> file:///D:/xuhang/guan_dan/assets/scripts/manager/UIConfig.ts -> file:///D:/xuhang/guan_dan/assets/scripts/component/match/AuditionMatchItem.ts -> file:///D:/xuhang/guan_dan/assets/scripts/manager/SoundManager.ts  
[warning][[Build.Script.Rollup]] Circular dependency: file:///D:/xuhang/guan_dan/assets/scripts/manager/GlobalData.ts -> file:///D:/xuhang/guan_dan/assets/scripts/manager/UIConfig.ts -> file:///D:/xuhang/guan_dan/assets/scripts/component/match/AuditionMatchItem.ts -> file:///D:/xuhang/guan_dan/assets/scripts/manager/GlobalData.ts  
[warning][[Build.Script.Rollup]] Circular dependency: file:///D:/xuhang/guan_dan/assets/scripts/manager/UIConfig.ts -> file:///D:/xuhang/guan_dan/assets/scripts/component/activity/signInViewItem.ts -> file:///D:/xuhang/guan_dan/assets/scripts/manager/UIConfig.ts  
[warning][[Build.Script.Rollup]] Circular dependency: file:///D:/xuhang/guan_dan/assets/scripts/manager/GlobalData.ts -> file:///D:/xuhang/guan_dan/assets/scripts/manager/UIConfig.ts -> file:///D:/xuhang/guan_dan/assets/scripts/component/activity/shareViewItem.ts -> file:///D:/xuhang/guan_dan/assets/scripts/manager/GlobalData.ts  
[warning][[Build.Script.Rollup]] Circular dependency: file:///D:/xuhang/guan_dan/assets/scripts/manager/UIConfig.ts -> file:///D:/xuhang/guan_dan/assets/scripts/component/activity/shareViewItem.ts -> file:///D:/xuhang/guan_dan/assets/scripts/manager/UIConfig.ts  
[warning][[Build.Script.Rollup]] Circular dependency: file:///D:/xuhang/guan_dan/assets/scripts/manager/GlobalData.ts -> file:///D:/xuhang/guan_dan/assets/scripts/manager/UIConfig.ts -> file:///D:/xuhang/guan_dan/assets/scripts/component/GetItem.ts -> file:///D:/xuhang/guan_dan/assets/scripts/manager/GlobalData.ts  
[warning][[Build.Script.Rollup]] Circular dependency: file:///D:/xuhang/guan_dan/assets/scripts/common/utils.ts -> file:///D:/xuhang/guan_dan/assets/scripts/manager/GlobalData.ts -> file:///D:/xuhang/guan_dan/assets/scripts/manager/UIConfig.ts -> file:///D:/xuhang/guan_dan/assets/scripts/component/GetItem.ts -> file:///D:/xuhang/guan_dan/assets/scripts/common/utils.ts  
[warning][[Build.Script.Rollup]] Circular dependency: file:///D:/xuhang/guan_dan/assets/scripts/manager/UIConfig.ts -> file:///D:/xuhang/guan_dan/assets/scripts/component/activity/exchangeViewItem.ts -> file:///D:/xuhang/guan_dan/assets/scripts/manager/UIConfig.ts  
[warning][[Build.Script.Rollup]] Circular dependency: file:///D:/xuhang/guan_dan/assets/scripts/manager/GlobalData.ts -> file:///D:/xuhang/guan_dan/assets/scripts/manager/UIConfig.ts -> file:///D:/xuhang/guan_dan/assets/scripts/component/activity/exchangeViewItem.ts -> file:///D:/xuhang/guan_dan/assets/scripts/manager/GlobalData.ts  
[warning][[Build.Script.Rollup]] Circular dependency: file:///D:/xuhang/guan_dan/assets/scripts/common/utils.ts -> file:///D:/xuhang/guan_dan/assets/scripts/manager/GlobalData.ts -> file:///D:/xuhang/guan_dan/assets/scripts/manager/UIConfig.ts -> file:///D:/xuhang/guan_dan/assets/scripts/component/activity/exchangeViewItem.ts -> file:///D:/xuhang/guan_dan/assets/scripts/common/utils.ts  
[warning][[Build.Script.Rollup]] Circular dependency: file:///D:/xuhang/guan_dan/assets/scripts/manager/GlobalData.ts -> file:///D:/xuhang/guan_dan/assets/scripts/manager/UIConfig.ts -> file:///D:/xuhang/guan_dan/assets/scripts/component/activity/exchangeRecordViewItem.ts -> file:///D:/xuhang/guan_dan/assets/scripts/manager/GlobalData.ts  
[warning][[Build.Script.Rollup]] Circular dependency: file:///D:/xuhang/guan_dan/assets/scripts/manager/GlobalData.ts -> file:///D:/xuhang/guan_dan/assets/scripts/manager/UIConfig.ts -> file:///D:/xuhang/guan_dan/assets/scripts/component/activity/shareRecordViewItem.ts -> file:///D:/xuhang/guan_dan/assets/scripts/manager/GlobalData.ts  
[warning][[Build.Script.Rollup]] Circular dependency: file:///D:/xuhang/guan_dan/assets/scripts/common/utils.ts -> file:///D:/xuhang/guan_dan/assets/scripts/manager/GlobalData.ts -> file:///D:/xuhang/guan_dan/assets/scripts/manager/UIConfig.ts -> file:///D:/xuhang/guan_dan/assets/scripts/component/activity/shareRecordViewItem.ts -> file:///D:/xuhang/guan_dan/assets/scripts/common/utils.ts  
[warning][[Build.Script.Rollup]] Circular dependency: file:///D:/xuhang/guan_dan/assets/scripts/component/activity/activityViewItem.ts -> file:///D:/xuhang/guan_dan/assets/scripts/manager/SoundManager.ts -> file:///D:/xuhang/guan_dan/assets/scripts/AppGlobal.ts -> file:///D:/xuhang/guan_dan/assets/scripts/common/utils.ts -> file:///D:/xuhang/guan_dan/assets/scripts/manager/GlobalData.ts -> file:///D:/xuhang/guan_dan/assets/scripts/manager/UIConfig.ts -> file:///D:/xuhang/guan_dan/assets/scripts/component/activity/activityViewItem.ts  
[warning][[Build.Script.Rollup]] Circular dependency: file:///D:/xuhang/guan_dan/assets/scripts/manager/SoundManager.ts -> file:///D:/xuhang/guan_dan/assets/scripts/AppGlobal.ts -> file:///D:/xuhang/guan_dan/assets/scripts/platform/platform.ts -> file:///D:/xuhang/guan_dan/assets/scripts/manager/SoundManager.ts  
  
at Object.encode (C:\ProgramData\cocos\editors\Creator\3.6.0\resources\app.asar\node_modules\@base\electron-worker\node_modules\v-stacks\index.js:14:17)  
at Logger._logHandler (C:\ProgramData\cocos\editors\Creator\3.6.0\resources\app.asar\node_modules\@base\electron-worker\static\script.ccc:1:531)  
at Logger.record (C:\ProgramData\cocos\editors\Creator\3.6.0\resources\app.asar\node_modules\@base\electron-logger\lib\renderer.ccc:1:458)  
at Object.warn (C:\ProgramData\cocos\editors\Creator\3.6.0\resources\app.asar\node_modules\@base\electron-logger\lib\renderer.ccc:1:1260)  
at NewConsole.warn (C:\ProgramData\cocos\editors\Creator\3.6.0\resources\app.asar\builtin\builder\dist\worker\console.ccc:1:1306)  
at Socket.<anonymous> (C:\ProgramData\cocos\editors\Creator\3.6.0\resources\app.asar\builtin\builder\dist\worker\worker-pools\sub-process-manager.ccc:1:2640)  
at Socket.emit (events.js:315:20)  
at addChunk (internal/streams/readable.js:309:12)  
at readableAddChunk (internal/streams/readable.js:284:9)  
at Socket.Readable.push (internal/streams/readable.js:223:10)
2025-08-30T13:47:58.756Z - warn: [Build] [build-script]Unexpected: entry chunk name gameMsg.mjs_cjs=&original= is not in list.
[warning]Unexpected: entry chunk name long.mjs_cjs=&original= is not in list.
[Build] [build-script]Unexpected: entry chunk name gameMsg.mjs_cjs=&original= is not in list.
[warning]Unexpected: entry chunk name long.mjs_cjs=&original= is not in list.
  
at Logger.record (C:\ProgramData\cocos\editors\Creator\3.6.0\resources\app.asar\node_modules\@base\electron-logger\lib\renderer.ccc:1:458)  
at Object.warn (C:\ProgramData\cocos\editors\Creator\3.6.0\resources\app.asar\node_modules\@base\electron-logger\lib\renderer.ccc:1:1260)  
at NewConsole.warn (C:\ProgramData\cocos\editors\Creator\3.6.0\resources\app.asar\builtin\builder\dist\worker\console.ccc:1:1306)  
at Socket.<anonymous> (C:\ProgramData\cocos\editors\Creator\3.6.0\resources\app.asar\builtin\builder\dist\worker\worker-pools\sub-process-manager.ccc:1:2640)  
at Socket.emit (events.js:315:20)  
at addChunk (internal/streams/readable.js:309:12)  
at readableAddChunk (internal/streams/readable.js:284:9)  
at Socket.Readable.push (internal/streams/readable.js:223:10)
2025-08-30T13:47:58.889Z - warn: [Build] 资源 {asset(db://assets/resources/texture/big/bg.jpg)} 与资源 {asset(db://assets/resources/texture/big/bg.png)} 的动态加载 URL 相同(texture/big/bg)，请调整目录结构来避免动态加载资源时出现异常。[Build] 资源 {asset(db://assets/resources/texture/big/bg.jpg)} 与资源 {asset(db://assets/resources/texture/big/bg.png)} 的动态加载 URL 相同(texture/big/bg)，请调整目录结构来避免动态加载资源时出现异常。  
at NewConsole.warn (C:\ProgramData\cocos\editors\Creator\3.6.0\resources\app.asar\builtin\builder\dist\worker\console.ccc:1:1306)  
at o (C:\ProgramData\cocos\editors\Creator\3.6.0\resources\app.asar\builtin\builder\dist\worker\builder\setting-task\group.ccc:1:497)  
at C:\ProgramData\cocos\editors\Creator\3.6.0\resources\app.asar\builtin\builder\dist\worker\builder\setting-task\group.ccc:1:735  
at Array.forEach (<anonymous>)  
at BuildTask.handle (C:\ProgramData\cocos\editors\Creator\3.6.0\resources\app.asar\builtin\builder\dist\worker\builder\setting-task\group.ccc:1:618)  
at BuildTask.runBuildTask (C:\ProgramData\cocos\editors\Creator\3.6.0\resources\app.asar\builtin\builder\dist\worker\builder\index.ccc:1:7308)
2025-08-30T13:47:58.889Z - warn: [Build] 资源 {asset(db://assets/resources/texture/big/bg.jpg/texture)} 与资源 {asset(db://assets/resources/texture/big/bg.png/texture)} 的动态加载 URL 相同(texture/big/bg/texture)，请调整目录结构来避免动态加载资源时出现异常。[Build] 资源 {asset(db://assets/resources/texture/big/bg.jpg/texture)} 与资源 {asset(db://assets/resources/texture/big/bg.png/texture)} 的动态加载 URL 相同(texture/big/bg/texture)，请调整目录结构来避免动态加载资源时出现异常。  
at NewConsole.warn (C:\ProgramData\cocos\editors\Creator\3.6.0\resources\app.asar\builtin\builder\dist\worker\console.ccc:1:1306)  
at o (C:\ProgramData\cocos\editors\Creator\3.6.0\resources\app.asar\builtin\builder\dist\worker\builder\setting-task\group.ccc:1:497)  
at C:\ProgramData\cocos\editors\Creator\3.6.0\resources\app.asar\builtin\builder\dist\worker\builder\setting-task\group.ccc:1:735  
at Array.forEach (<anonymous>)  
at BuildTask.handle (C:\ProgramData\cocos\editors\Creator\3.6.0\resources\app.asar\builtin\builder\dist\worker\builder\setting-task\group.ccc:1:618)  
at BuildTask.runBuildTask (C:\ProgramData\cocos\editors\Creator\3.6.0\resources\app.asar\builtin\builder\dist\worker\builder\index.ccc:1:7308)
2025-08-30T13:47:58.890Z - warn: [Build] 资源 {asset(db://assets/resources/texture/big/bg.jpg/spriteFrame)} 与资源 {asset(db://assets/resources/texture/big/bg.png/spriteFrame)} 的动态加载 URL 相同(texture/big/bg/spriteFrame)，请调整目录结构来避免动态加载资源时出现异常。[Build] 资源 {asset(db://assets/resources/texture/big/bg.jpg/spriteFrame)} 与资源 {asset(db://assets/resources/texture/big/bg.png/spriteFrame)} 的动态加载 URL 相同(texture/big/bg/spriteFrame)，请调整目录结构来避免动态加载资源时出现异常。  
at NewConsole.warn (C:\ProgramData\cocos\editors\Creator\3.6.0\resources\app.asar\builtin\builder\dist\worker\console.ccc:1:1306)  
at o (C:\ProgramData\cocos\editors\Creator\3.6.0\resources\app.asar\builtin\builder\dist\worker\builder\setting-task\group.ccc:1:497)  
at C:\ProgramData\cocos\editors\Creator\3.6.0\resources\app.asar\builtin\builder\dist\worker\builder\setting-task\group.ccc:1:735  
at Array.forEach (<anonymous>)  
at BuildTask.handle (C:\ProgramData\cocos\editors\Creator\3.6.0\resources\app.asar\builtin\builder\dist\worker\builder\setting-task\group.ccc:1:618)  
at BuildTask.runBuildTask (C:\ProgramData\cocos\editors\Creator\3.6.0\resources\app.asar\builtin\builder\dist\worker\builder\index.ccc:1:7308)
2025-08-30T13:51:16.189Z - warn: [Build] protobuf is not definedReferenceError: protobuf is not defined
    at factory (file:///D:/xuhang/guan_dan/temp/programming/packer-driver/targets/editor/chunks/8a/file:/D:/xuhang/guan_dan/assets/scripts/proto/gameMsg.js:5335:5)
    at CjsLoader._load (file:///D:/xuhang/guan_dan/temp/programming/packer-driver/targets/editor/chunks/e2/cce:/internal/ml/cjs-loader.mjs:78:9)
    at CjsLoader._tryModuleLoad (file:///D:/xuhang/guan_dan/temp/programming/packer-driver/targets/editor/chunks/e2/cce:/internal/ml/cjs-loader.mjs:63:18)
    at CjsLoader._require (file:///D:/xuhang/guan_dan/temp/programming/packer-driver/targets/editor/chunks/e2/cce:/internal/ml/cjs-loader.mjs:42:14)
    at CjsLoader.require (file:///D:/xuhang/guan_dan/temp/programming/packer-driver/targets/editor/chunks/e2/cce:/internal/ml/cjs-loader.mjs:27:21)
    at Object.execute (file:///D:/xuhang/guan_dan/temp/programming/packer-driver/targets/editor/chunks/ee/file:/D:/xuhang/guan_dan/assets/scripts/proto/gameMsg.mjs?cjs=&original=.js:7:8)
    at doExec (C:\ProgramData\cocos\editors\Creator\3.6.0\resources\app.asar\node_modules\@editor\lib-programming\static\executor\systemjs-bridge\out\index.js:517:30)
    at postOrderExec (C:\ProgramData\cocos\editors\Creator\3.6.0\resources\app.asar\node_modules\@editor\lib-programming\static\executor\systemjs-bridge\out\index.js:508:21)
    at C:\ProgramData\cocos\editors\Creator\3.6.0\resources\app.asar\node_modules\@editor\lib-programming\static\executor\systemjs-bridge\out\index.js:440:12
    at file:///D:/xuhang/guan_dan/temp/programming/packer-driver/targets/editor/chunks/04/cce:/internal/x/prerequisite-imports:8:13
2025-08-30T13:51:16.806Z - warn: [Build] The SpriteFrame used by component "cc.Sprite" is missing. Detailed information:
Node path: "Canvas/nodeCenter/btnCleanOut"
Missing uuid: "f0d80fb8-d3d4-4723-ade7-20ba9e7ffd56@f9941"
[Build] The SpriteFrame used by component "cc.Sprite" is missing. Detailed information:
Node path: "Canvas/nodeCenter/btnCleanOut"
Missing uuid: "f0d80fb8-d3d4-4723-ade7-20ba9e7ffd56@f9941"
  
at Logger._logHandler (C:\ProgramData\cocos\editors\Creator\3.6.0\resources\app.asar\node_modules\@base\electron-worker\static\script.ccc:1:531)  
at Logger.record (C:\ProgramData\cocos\editors\Creator\3.6.0\resources\app.asar\node_modules\@base\electron-logger\lib\renderer.ccc:1:458)  
at Object.warn (C:\ProgramData\cocos\editors\Creator\3.6.0\resources\app.asar\node_modules\@base\electron-logger\lib\renderer.ccc:1:1260)  
at NewConsole.warn (C:\ProgramData\cocos\editors\Creator\3.6.0\resources\app.asar\builtin\builder\dist\worker\console.ccc:1:1306)  
at MissingObjectReporter.doReport (C:\ProgramData\cocos\editors\Creator\3.6.0\resources\app.asar\builtin\engine\dist\editor-extends\missing-reporter\missing-object-reporter.ccc:1:1304)  
at C:\ProgramData\cocos\editors\Creator\3.6.0\resources\app.asar\builtin\engine\dist\editor-extends\missing-reporter\missing-object-reporter.ccc:1:2190  
at ObjectWalkerBehavior.walk (C:\ProgramData\cocos\editors\Creator\3.6.0\resources\app.asar\builtin\engine\dist\editor-extends\missing-reporter\object-walker.ccc:1:2365)  
at ObjectWalkerBehavior.parseCCClass (C:\ProgramData\cocos\editors\Creator\3.6.0\resources\app.asar\builtin\engine\dist\editor-extends\missing-reporter\object-walker.ccc:1:650)  
at ObjectWalkerBehavior.parseObject (C:\ProgramData\cocos\editors\Creator\3.6.0\resources\app.asar\builtin\engine\dist\editor-extends\missing-reporter\object-walker.ccc:1:460)
2025-08-30T13:51:16.806Z - warn: [Build] The SpriteFrame used by component "cc.Button" is missing. Detailed information:
Node path: "Canvas/nodeCenter/btnCleanOut"
Missing uuid: "f0d80fb8-d3d4-4723-ade7-20ba9e7ffd56@f9941"
[Build] The SpriteFrame used by component "cc.Button" is missing. Detailed information:
Node path: "Canvas/nodeCenter/btnCleanOut"
Missing uuid: "f0d80fb8-d3d4-4723-ade7-20ba9e7ffd56@f9941"
  
at Logger._logHandler (C:\ProgramData\cocos\editors\Creator\3.6.0\resources\app.asar\node_modules\@base\electron-worker\static\script.ccc:1:531)  
at Logger.record (C:\ProgramData\cocos\editors\Creator\3.6.0\resources\app.asar\node_modules\@base\electron-logger\lib\renderer.ccc:1:458)  
at Object.warn (C:\ProgramData\cocos\editors\Creator\3.6.0\resources\app.asar\node_modules\@base\electron-logger\lib\renderer.ccc:1:1260)  
at NewConsole.warn (C:\ProgramData\cocos\editors\Creator\3.6.0\resources\app.asar\builtin\builder\dist\worker\console.ccc:1:1306)  
at MissingObjectReporter.doReport (C:\ProgramData\cocos\editors\Creator\3.6.0\resources\app.asar\builtin\engine\dist\editor-extends\missing-reporter\missing-object-reporter.ccc:1:1304)  
at C:\ProgramData\cocos\editors\Creator\3.6.0\resources\app.asar\builtin\engine\dist\editor-extends\missing-reporter\missing-object-reporter.ccc:1:2190  
at ObjectWalkerBehavior.walk (C:\ProgramData\cocos\editors\Creator\3.6.0\resources\app.asar\builtin\engine\dist\editor-extends\missing-reporter\object-walker.ccc:1:2365)  
at ObjectWalkerBehavior.parseCCClass (C:\ProgramData\cocos\editors\Creator\3.6.0\resources\app.asar\builtin\engine\dist\editor-extends\missing-reporter\object-walker.ccc:1:650)  
at ObjectWalkerBehavior.parseObject (C:\ProgramData\cocos\editors\Creator\3.6.0\resources\app.asar\builtin\engine\dist\editor-extends\missing-reporter\object-walker.ccc:1:460)
2025-08-30T13:51:16.837Z - warn: [Build] The SpriteFrame used by component "cc.Sprite" is missing. Detailed information:
Node path: "Canvas/nodeBottom"
Missing uuid: "a85f8c78-4576-48c4-bead-f844201d7dd2@f9941"
[Build] The SpriteFrame used by component "cc.Sprite" is missing. Detailed information:
Node path: "Canvas/nodeBottom"
Missing uuid: "a85f8c78-4576-48c4-bead-f844201d7dd2@f9941"
  
at Logger._logHandler (C:\ProgramData\cocos\editors\Creator\3.6.0\resources\app.asar\node_modules\@base\electron-worker\static\script.ccc:1:531)  
at Logger.record (C:\ProgramData\cocos\editors\Creator\3.6.0\resources\app.asar\node_modules\@base\electron-logger\lib\renderer.ccc:1:458)  
at Object.warn (C:\ProgramData\cocos\editors\Creator\3.6.0\resources\app.asar\node_modules\@base\electron-logger\lib\renderer.ccc:1:1260)  
at NewConsole.warn (C:\ProgramData\cocos\editors\Creator\3.6.0\resources\app.asar\builtin\builder\dist\worker\console.ccc:1:1306)  
at MissingObjectReporter.doReport (C:\ProgramData\cocos\editors\Creator\3.6.0\resources\app.asar\builtin\engine\dist\editor-extends\missing-reporter\missing-object-reporter.ccc:1:1304)  
at C:\ProgramData\cocos\editors\Creator\3.6.0\resources\app.asar\builtin\engine\dist\editor-extends\missing-reporter\missing-object-reporter.ccc:1:2190  
at ObjectWalkerBehavior.walk (C:\ProgramData\cocos\editors\Creator\3.6.0\resources\app.asar\builtin\engine\dist\editor-extends\missing-reporter\object-walker.ccc:1:2365)  
at ObjectWalkerBehavior.parseCCClass (C:\ProgramData\cocos\editors\Creator\3.6.0\resources\app.asar\builtin\engine\dist\editor-extends\missing-reporter\object-walker.ccc:1:650)  
at ObjectWalkerBehavior.parseObject (C:\ProgramData\cocos\editors\Creator\3.6.0\resources\app.asar\builtin\engine\dist\editor-extends\missing-reporter\object-walker.ccc:1:460)
2025-08-30T13:51:16.839Z - warn: [Build] The SpriteAtlas used by component "cc.Sprite" is missing. Detailed information:
Node path: "Canvas/nodeTop/btnBack"
Missing uuid: "54d24d99-428f-49ed-ae73-d6bf6be983b1"
[Build] The SpriteAtlas used by component "cc.Sprite" is missing. Detailed information:
Node path: "Canvas/nodeTop/btnBack"
Missing uuid: "54d24d99-428f-49ed-ae73-d6bf6be983b1"
  
at Logger._logHandler (C:\ProgramData\cocos\editors\Creator\3.6.0\resources\app.asar\node_modules\@base\electron-worker\static\script.ccc:1:531)  
at Logger.record (C:\ProgramData\cocos\editors\Creator\3.6.0\resources\app.asar\node_modules\@base\electron-logger\lib\renderer.ccc:1:458)  
at Object.warn (C:\ProgramData\cocos\editors\Creator\3.6.0\resources\app.asar\node_modules\@base\electron-logger\lib\renderer.ccc:1:1260)  
at NewConsole.warn (C:\ProgramData\cocos\editors\Creator\3.6.0\resources\app.asar\builtin\builder\dist\worker\console.ccc:1:1306)  
at MissingObjectReporter.doReport (C:\ProgramData\cocos\editors\Creator\3.6.0\resources\app.asar\builtin\engine\dist\editor-extends\missing-reporter\missing-object-reporter.ccc:1:1304)  
at C:\ProgramData\cocos\editors\Creator\3.6.0\resources\app.asar\builtin\engine\dist\editor-extends\missing-reporter\missing-object-reporter.ccc:1:2190  
at ObjectWalkerBehavior.walk (C:\ProgramData\cocos\editors\Creator\3.6.0\resources\app.asar\builtin\engine\dist\editor-extends\missing-reporter\object-walker.ccc:1:2365)  
at ObjectWalkerBehavior.parseCCClass (C:\ProgramData\cocos\editors\Creator\3.6.0\resources\app.asar\builtin\engine\dist\editor-extends\missing-reporter\object-walker.ccc:1:650)  
at ObjectWalkerBehavior.parseObject (C:\ProgramData\cocos\editors\Creator\3.6.0\resources\app.asar\builtin\engine\dist\editor-extends\missing-reporter\object-walker.ccc:1:460)
2025-08-30T13:51:16.839Z - warn: [Build] The SpriteAtlas used by component "cc.Sprite" is missing. Detailed information:
Node path: "Canvas/nodeTop/btnSet"
Missing uuid: "54d24d99-428f-49ed-ae73-d6bf6be983b1"
[Build] The SpriteAtlas used by component "cc.Sprite" is missing. Detailed information:
Node path: "Canvas/nodeTop/btnSet"
Missing uuid: "54d24d99-428f-49ed-ae73-d6bf6be983b1"
  
at Logger._logHandler (C:\ProgramData\cocos\editors\Creator\3.6.0\resources\app.asar\node_modules\@base\electron-worker\static\script.ccc:1:531)  
at Logger.record (C:\ProgramData\cocos\editors\Creator\3.6.0\resources\app.asar\node_modules\@base\electron-logger\lib\renderer.ccc:1:458)  
at Object.warn (C:\ProgramData\cocos\editors\Creator\3.6.0\resources\app.asar\node_modules\@base\electron-logger\lib\renderer.ccc:1:1260)  
at NewConsole.warn (C:\ProgramData\cocos\editors\Creator\3.6.0\resources\app.asar\builtin\builder\dist\worker\console.ccc:1:1306)  
at MissingObjectReporter.doReport (C:\ProgramData\cocos\editors\Creator\3.6.0\resources\app.asar\builtin\engine\dist\editor-extends\missing-reporter\missing-object-reporter.ccc:1:1304)  
at C:\ProgramData\cocos\editors\Creator\3.6.0\resources\app.asar\builtin\engine\dist\editor-extends\missing-reporter\missing-object-reporter.ccc:1:2190  
at ObjectWalkerBehavior.walk (C:\ProgramData\cocos\editors\Creator\3.6.0\resources\app.asar\builtin\engine\dist\editor-extends\missing-reporter\object-walker.ccc:1:2365)  
at ObjectWalkerBehavior.parseCCClass (C:\ProgramData\cocos\editors\Creator\3.6.0\resources\app.asar\builtin\engine\dist\editor-extends\missing-reporter\object-walker.ccc:1:650)  
at ObjectWalkerBehavior.parseObject (C:\ProgramData\cocos\editors\Creator\3.6.0\resources\app.asar\builtin\engine\dist\editor-extends\missing-reporter\object-walker.ccc:1:460)
2025-08-30T13:51:16.840Z - warn: [Build] The SpriteAtlas used by component "cc.Sprite" is missing. Detailed information:
Node path: "Canvas/nodeTop/btnRule"
Missing uuid: "54d24d99-428f-49ed-ae73-d6bf6be983b1"
[Build] The SpriteAtlas used by component "cc.Sprite" is missing. Detailed information:
Node path: "Canvas/nodeTop/btnRule"
Missing uuid: "54d24d99-428f-49ed-ae73-d6bf6be983b1"
  
at Logger._logHandler (C:\ProgramData\cocos\editors\Creator\3.6.0\resources\app.asar\node_modules\@base\electron-worker\static\script.ccc:1:531)  
at Logger.record (C:\ProgramData\cocos\editors\Creator\3.6.0\resources\app.asar\node_modules\@base\electron-logger\lib\renderer.ccc:1:458)  
at Object.warn (C:\ProgramData\cocos\editors\Creator\3.6.0\resources\app.asar\node_modules\@base\electron-logger\lib\renderer.ccc:1:1260)  
at NewConsole.warn (C:\ProgramData\cocos\editors\Creator\3.6.0\resources\app.asar\builtin\builder\dist\worker\console.ccc:1:1306)  
at MissingObjectReporter.doReport (C:\ProgramData\cocos\editors\Creator\3.6.0\resources\app.asar\builtin\engine\dist\editor-extends\missing-reporter\missing-object-reporter.ccc:1:1304)  
at C:\ProgramData\cocos\editors\Creator\3.6.0\resources\app.asar\builtin\engine\dist\editor-extends\missing-reporter\missing-object-reporter.ccc:1:2190  
at ObjectWalkerBehavior.walk (C:\ProgramData\cocos\editors\Creator\3.6.0\resources\app.asar\builtin\engine\dist\editor-extends\missing-reporter\object-walker.ccc:1:2365)  
at ObjectWalkerBehavior.parseCCClass (C:\ProgramData\cocos\editors\Creator\3.6.0\resources\app.asar\builtin\engine\dist\editor-extends\missing-reporter\object-walker.ccc:1:650)  
at ObjectWalkerBehavior.parseObject (C:\ProgramData\cocos\editors\Creator\3.6.0\resources\app.asar\builtin\engine\dist\editor-extends\missing-reporter\object-walker.ccc:1:460)
2025-08-30T13:51:20.213Z - warn: [Build] The SpriteFrame used by component "cc.Sprite" is missing. Detailed information:
Node path: "Canvas/nodeCenter/btnCleanOut"
Missing uuid: "f0d80fb8-d3d4-4723-ade7-20ba9e7ffd56@f9941"
[Build] The SpriteFrame used by component "cc.Sprite" is missing. Detailed information:
Node path: "Canvas/nodeCenter/btnCleanOut"
Missing uuid: "f0d80fb8-d3d4-4723-ade7-20ba9e7ffd56@f9941"
  
at Logger._logHandler (C:\ProgramData\cocos\editors\Creator\3.6.0\resources\app.asar\node_modules\@base\electron-worker\static\script.ccc:1:531)  
at Logger.record (C:\ProgramData\cocos\editors\Creator\3.6.0\resources\app.asar\node_modules\@base\electron-logger\lib\renderer.ccc:1:458)  
at Object.warn (C:\ProgramData\cocos\editors\Creator\3.6.0\resources\app.asar\node_modules\@base\electron-logger\lib\renderer.ccc:1:1260)  
at NewConsole.warn (C:\ProgramData\cocos\editors\Creator\3.6.0\resources\app.asar\builtin\builder\dist\worker\console.ccc:1:1306)  
at MissingObjectReporter.doReport (C:\ProgramData\cocos\editors\Creator\3.6.0\resources\app.asar\builtin\engine\dist\editor-extends\missing-reporter\missing-object-reporter.ccc:1:1304)  
at C:\ProgramData\cocos\editors\Creator\3.6.0\resources\app.asar\builtin\engine\dist\editor-extends\missing-reporter\missing-object-reporter.ccc:1:2190  
at ObjectWalkerBehavior.walk (C:\ProgramData\cocos\editors\Creator\3.6.0\resources\app.asar\builtin\engine\dist\editor-extends\missing-reporter\object-walker.ccc:1:2365)  
at ObjectWalkerBehavior.parseCCClass (C:\ProgramData\cocos\editors\Creator\3.6.0\resources\app.asar\builtin\engine\dist\editor-extends\missing-reporter\object-walker.ccc:1:650)  
at ObjectWalkerBehavior.parseObject (C:\ProgramData\cocos\editors\Creator\3.6.0\resources\app.asar\builtin\engine\dist\editor-extends\missing-reporter\object-walker.ccc:1:460)
2025-08-30T13:51:20.214Z - warn: [Build] The SpriteFrame used by component "cc.Button" is missing. Detailed information:
Node path: "Canvas/nodeCenter/btnCleanOut"
Missing uuid: "f0d80fb8-d3d4-4723-ade7-20ba9e7ffd56@f9941"
[Build] The SpriteFrame used by component "cc.Button" is missing. Detailed information:
Node path: "Canvas/nodeCenter/btnCleanOut"
Missing uuid: "f0d80fb8-d3d4-4723-ade7-20ba9e7ffd56@f9941"
  
at Logger._logHandler (C:\ProgramData\cocos\editors\Creator\3.6.0\resources\app.asar\node_modules\@base\electron-worker\static\script.ccc:1:531)  
at Logger.record (C:\ProgramData\cocos\editors\Creator\3.6.0\resources\app.asar\node_modules\@base\electron-logger\lib\renderer.ccc:1:458)  
at Object.warn (C:\ProgramData\cocos\editors\Creator\3.6.0\resources\app.asar\node_modules\@base\electron-logger\lib\renderer.ccc:1:1260)  
at NewConsole.warn (C:\ProgramData\cocos\editors\Creator\3.6.0\resources\app.asar\builtin\builder\dist\worker\console.ccc:1:1306)  
at MissingObjectReporter.doReport (C:\ProgramData\cocos\editors\Creator\3.6.0\resources\app.asar\builtin\engine\dist\editor-extends\missing-reporter\missing-object-reporter.ccc:1:1304)  
at C:\ProgramData\cocos\editors\Creator\3.6.0\resources\app.asar\builtin\engine\dist\editor-extends\missing-reporter\missing-object-reporter.ccc:1:2190  
at ObjectWalkerBehavior.walk (C:\ProgramData\cocos\editors\Creator\3.6.0\resources\app.asar\builtin\engine\dist\editor-extends\missing-reporter\object-walker.ccc:1:2365)  
at ObjectWalkerBehavior.parseCCClass (C:\ProgramData\cocos\editors\Creator\3.6.0\resources\app.asar\builtin\engine\dist\editor-extends\missing-reporter\object-walker.ccc:1:650)  
at ObjectWalkerBehavior.parseObject (C:\ProgramData\cocos\editors\Creator\3.6.0\resources\app.asar\builtin\engine\dist\editor-extends\missing-reporter\object-walker.ccc:1:460)
2025-08-30T13:51:20.267Z - warn: [Build] The SpriteFrame used by component "cc.Sprite" is missing. Detailed information:
Node path: "Canvas/nodeBottom"
Missing uuid: "a85f8c78-4576-48c4-bead-f844201d7dd2@f9941"
[Build] The SpriteFrame used by component "cc.Sprite" is missing. Detailed information:
Node path: "Canvas/nodeBottom"
Missing uuid: "a85f8c78-4576-48c4-bead-f844201d7dd2@f9941"
  
at Logger._logHandler (C:\ProgramData\cocos\editors\Creator\3.6.0\resources\app.asar\node_modules\@base\electron-worker\static\script.ccc:1:531)  
at Logger.record (C:\ProgramData\cocos\editors\Creator\3.6.0\resources\app.asar\node_modules\@base\electron-logger\lib\renderer.ccc:1:458)  
at Object.warn (C:\ProgramData\cocos\editors\Creator\3.6.0\resources\app.asar\node_modules\@base\electron-logger\lib\renderer.ccc:1:1260)  
at NewConsole.warn (C:\ProgramData\cocos\editors\Creator\3.6.0\resources\app.asar\builtin\builder\dist\worker\console.ccc:1:1306)  
at MissingObjectReporter.doReport (C:\ProgramData\cocos\editors\Creator\3.6.0\resources\app.asar\builtin\engine\dist\editor-extends\missing-reporter\missing-object-reporter.ccc:1:1304)  
at C:\ProgramData\cocos\editors\Creator\3.6.0\resources\app.asar\builtin\engine\dist\editor-extends\missing-reporter\missing-object-reporter.ccc:1:2190  
at ObjectWalkerBehavior.walk (C:\ProgramData\cocos\editors\Creator\3.6.0\resources\app.asar\builtin\engine\dist\editor-extends\missing-reporter\object-walker.ccc:1:2365)  
at ObjectWalkerBehavior.parseCCClass (C:\ProgramData\cocos\editors\Creator\3.6.0\resources\app.asar\builtin\engine\dist\editor-extends\missing-reporter\object-walker.ccc:1:650)  
at ObjectWalkerBehavior.parseObject (C:\ProgramData\cocos\editors\Creator\3.6.0\resources\app.asar\builtin\engine\dist\editor-extends\missing-reporter\object-walker.ccc:1:460)
2025-08-30T13:51:20.268Z - warn: [Build] The SpriteAtlas used by component "cc.Sprite" is missing. Detailed information:
Node path: "Canvas/nodeTop/btnBack"
Missing uuid: "54d24d99-428f-49ed-ae73-d6bf6be983b1"
[Build] The SpriteAtlas used by component "cc.Sprite" is missing. Detailed information:
Node path: "Canvas/nodeTop/btnBack"
Missing uuid: "54d24d99-428f-49ed-ae73-d6bf6be983b1"
  
at Logger._logHandler (C:\ProgramData\cocos\editors\Creator\3.6.0\resources\app.asar\node_modules\@base\electron-worker\static\script.ccc:1:531)  
at Logger.record (C:\ProgramData\cocos\editors\Creator\3.6.0\resources\app.asar\node_modules\@base\electron-logger\lib\renderer.ccc:1:458)  
at Object.warn (C:\ProgramData\cocos\editors\Creator\3.6.0\resources\app.asar\node_modules\@base\electron-logger\lib\renderer.ccc:1:1260)  
at NewConsole.warn (C:\ProgramData\cocos\editors\Creator\3.6.0\resources\app.asar\builtin\builder\dist\worker\console.ccc:1:1306)  
at MissingObjectReporter.doReport (C:\ProgramData\cocos\editors\Creator\3.6.0\resources\app.asar\builtin\engine\dist\editor-extends\missing-reporter\missing-object-reporter.ccc:1:1304)  
at C:\ProgramData\cocos\editors\Creator\3.6.0\resources\app.asar\builtin\engine\dist\editor-extends\missing-reporter\missing-object-reporter.ccc:1:2190  
at ObjectWalkerBehavior.walk (C:\ProgramData\cocos\editors\Creator\3.6.0\resources\app.asar\builtin\engine\dist\editor-extends\missing-reporter\object-walker.ccc:1:2365)  
at ObjectWalkerBehavior.parseCCClass (C:\ProgramData\cocos\editors\Creator\3.6.0\resources\app.asar\builtin\engine\dist\editor-extends\missing-reporter\object-walker.ccc:1:650)  
at ObjectWalkerBehavior.parseObject (C:\ProgramData\cocos\editors\Creator\3.6.0\resources\app.asar\builtin\engine\dist\editor-extends\missing-reporter\object-walker.ccc:1:460)
2025-08-30T13:51:20.269Z - warn: [Build] The SpriteAtlas used by component "cc.Sprite" is missing. Detailed information:
Node path: "Canvas/nodeTop/btnSet"
Missing uuid: "54d24d99-428f-49ed-ae73-d6bf6be983b1"
[Build] The SpriteAtlas used by component "cc.Sprite" is missing. Detailed information:
Node path: "Canvas/nodeTop/btnSet"
Missing uuid: "54d24d99-428f-49ed-ae73-d6bf6be983b1"
  
at Logger._logHandler (C:\ProgramData\cocos\editors\Creator\3.6.0\resources\app.asar\node_modules\@base\electron-worker\static\script.ccc:1:531)  
at Logger.record (C:\ProgramData\cocos\editors\Creator\3.6.0\resources\app.asar\node_modules\@base\electron-logger\lib\renderer.ccc:1:458)  
at Object.warn (C:\ProgramData\cocos\editors\Creator\3.6.0\resources\app.asar\node_modules\@base\electron-logger\lib\renderer.ccc:1:1260)  
at NewConsole.warn (C:\ProgramData\cocos\editors\Creator\3.6.0\resources\app.asar\builtin\builder\dist\worker\console.ccc:1:1306)  
at MissingObjectReporter.doReport (C:\ProgramData\cocos\editors\Creator\3.6.0\resources\app.asar\builtin\engine\dist\editor-extends\missing-reporter\missing-object-reporter.ccc:1:1304)  
at C:\ProgramData\cocos\editors\Creator\3.6.0\resources\app.asar\builtin\engine\dist\editor-extends\missing-reporter\missing-object-reporter.ccc:1:2190  
at ObjectWalkerBehavior.walk (C:\ProgramData\cocos\editors\Creator\3.6.0\resources\app.asar\builtin\engine\dist\editor-extends\missing-reporter\object-walker.ccc:1:2365)  
at ObjectWalkerBehavior.parseCCClass (C:\ProgramData\cocos\editors\Creator\3.6.0\resources\app.asar\builtin\engine\dist\editor-extends\missing-reporter\object-walker.ccc:1:650)  
at ObjectWalkerBehavior.parseObject (C:\ProgramData\cocos\editors\Creator\3.6.0\resources\app.asar\builtin\engine\dist\editor-extends\missing-reporter\object-walker.ccc:1:460)
2025-08-30T13:51:20.269Z - warn: [Build] The SpriteAtlas used by component "cc.Sprite" is missing. Detailed information:
Node path: "Canvas/nodeTop/btnRule"
Missing uuid: "54d24d99-428f-49ed-ae73-d6bf6be983b1"
[Build] The SpriteAtlas used by component "cc.Sprite" is missing. Detailed information:
Node path: "Canvas/nodeTop/btnRule"
Missing uuid: "54d24d99-428f-49ed-ae73-d6bf6be983b1"
  
at Logger._logHandler (C:\ProgramData\cocos\editors\Creator\3.6.0\resources\app.asar\node_modules\@base\electron-worker\static\script.ccc:1:531)  
at Logger.record (C:\ProgramData\cocos\editors\Creator\3.6.0\resources\app.asar\node_modules\@base\electron-logger\lib\renderer.ccc:1:458)  
at Object.warn (C:\ProgramData\cocos\editors\Creator\3.6.0\resources\app.asar\node_modules\@base\electron-logger\lib\renderer.ccc:1:1260)  
at NewConsole.warn (C:\ProgramData\cocos\editors\Creator\3.6.0\resources\app.asar\builtin\builder\dist\worker\console.ccc:1:1306)  
at MissingObjectReporter.doReport (C:\ProgramData\cocos\editors\Creator\3.6.0\resources\app.asar\builtin\engine\dist\editor-extends\missing-reporter\missing-object-reporter.ccc:1:1304)  
at C:\ProgramData\cocos\editors\Creator\3.6.0\resources\app.asar\builtin\engine\dist\editor-extends\missing-reporter\missing-object-reporter.ccc:1:2190  
at ObjectWalkerBehavior.walk (C:\ProgramData\cocos\editors\Creator\3.6.0\resources\app.asar\builtin\engine\dist\editor-extends\missing-reporter\object-walker.ccc:1:2365)  
at ObjectWalkerBehavior.parseCCClass (C:\ProgramData\cocos\editors\Creator\3.6.0\resources\app.asar\builtin\engine\dist\editor-extends\missing-reporter\object-walker.ccc:1:650)  
at ObjectWalkerBehavior.parseObject (C:\ProgramData\cocos\editors\Creator\3.6.0\resources\app.asar\builtin\engine\dist\editor-extends\missing-reporter\object-walker.ccc:1:460)
2025-08-30T13:51:26.484Z - warn: [Build] [build-script][[Build.Script.Rollup]] Circular dependency: file:///D:/xuhang/guan_dan/assets/scripts/manager/SoundManager.ts -> file:///D:/xuhang/guan_dan/assets/scripts/AppGlobal.ts -> file:///D:/xuhang/guan_dan/assets/scripts/common/utils.ts -> file:///D:/xuhang/guan_dan/assets/scripts/manager/SoundManager.ts
[warning][[Build.Script.Rollup]] Circular dependency: file:///D:/xuhang/guan_dan/assets/scripts/common/utils.ts -> file:///D:/xuhang/guan_dan/assets/scripts/manager/GlobalData.ts -> file:///D:/xuhang/guan_dan/assets/scripts/common/utils.ts
[warning][[Build.Script.Rollup]] Circular dependency: file:///D:/xuhang/guan_dan/assets/scripts/manager/GlobalData.ts -> file:///D:/xuhang/guan_dan/assets/scripts/component/raceAudition/RaceAuditionLineItem.ts -> file:///D:/xuhang/guan_dan/assets/scripts/manager/GlobalData.ts
[warning][[Build.Script.Rollup]] Circular dependency: file:///D:/xuhang/guan_dan/assets/scripts/manager/SoundManager.ts -> file:///D:/xuhang/guan_dan/assets/scripts/AppGlobal.ts -> file:///D:/xuhang/guan_dan/assets/scripts/common/utils.ts -> file:///D:/xuhang/guan_dan/assets/scripts/manager/GlobalData.ts -> file:///D:/xuhang/guan_dan/assets/scripts/component/raceAudition/RaceAuditionLineItem.ts -> file:///D:/xuhang/guan_dan/assets/scripts/manager/SoundManager.ts
[Build] [build-script][[Build.Script.Rollup]] Circular dependency: file:///D:/xuhang/guan_dan/assets/scripts/manager/SoundManager.ts -> file:///D:/xuhang/guan_dan/assets/scripts/AppGlobal.ts -> file:///D:/xuhang/guan_dan/assets/scripts/common/utils.ts -> file:///D:/xuhang/guan_dan/assets/scripts/manager/SoundManager.ts
[warning][[Build.Script.Rollup]] Circular dependency: file:///D:/xuhang/guan_dan/assets/scripts/common/utils.ts -> file:///D:/xuhang/guan_dan/assets/scripts/manager/GlobalData.ts -> file:///D:/xuhang/guan_dan/assets/scripts/common/utils.ts
[warning][[Build.Script.Rollup]] Circular dependency: file:///D:/xuhang/guan_dan/assets/scripts/manager/GlobalData.ts -> file:///D:/xuhang/guan_dan/assets/scripts/component/raceAudition/RaceAuditionLineItem.ts -> file:///D:/xuhang/guan_dan/assets/scripts/manager/GlobalData.ts
[warning][[Build.Script.Rollup]] Circular dependency: file:///D:/xuhang/guan_dan/assets/scripts/manager/SoundManager.ts -> file:///D:/xuhang/guan_dan/assets/scripts/AppGlobal.ts -> file:///D:/xuhang/guan_dan/assets/scripts/common/utils.ts -> file:///D:/xuhang/guan_dan/assets/scripts/manager/GlobalData.ts -> file:///D:/xuhang/guan_dan/assets/scripts/component/raceAudition/RaceAuditionLineItem.ts -> file:///D:/xuhang/guan_dan/assets/scripts/manager/SoundManager.ts
  
at Object.encode (C:\ProgramData\cocos\editors\Creator\3.6.0\resources\app.asar\node_modules\@base\electron-worker\node_modules\v-stacks\index.js:14:17)  
at Logger._logHandler (C:\ProgramData\cocos\editors\Creator\3.6.0\resources\app.asar\node_modules\@base\electron-worker\static\script.ccc:1:531)  
at Logger.record (C:\ProgramData\cocos\editors\Creator\3.6.0\resources\app.asar\node_modules\@base\electron-logger\lib\renderer.ccc:1:458)  
at Object.warn (C:\ProgramData\cocos\editors\Creator\3.6.0\resources\app.asar\node_modules\@base\electron-logger\lib\renderer.ccc:1:1260)  
at NewConsole.warn (C:\ProgramData\cocos\editors\Creator\3.6.0\resources\app.asar\builtin\builder\dist\worker\console.ccc:1:1306)  
at Socket.<anonymous> (C:\ProgramData\cocos\editors\Creator\3.6.0\resources\app.asar\builtin\builder\dist\worker\worker-pools\sub-process-manager.ccc:1:2640)  
at Socket.emit (events.js:315:20)  
at addChunk (internal/streams/readable.js:309:12)  
at readableAddChunk (internal/streams/readable.js:284:9)  
at Socket.Readable.push (internal/streams/readable.js:223:10)
2025-08-30T13:51:26.485Z - warn: [Build] [build-script][[Build.Script.Rollup]] Circular dependency: file:///D:/xuhang/guan_dan/assets/scripts/common/utils.ts -> file:///D:/xuhang/guan_dan/assets/scripts/manager/GlobalData.ts -> file:///D:/xuhang/guan_dan/assets/scripts/component/raceAudition/RaceAuditionLineItem.ts -> file:///D:/xuhang/guan_dan/assets/scripts/common/utils.ts
[warning][[Build.Script.Rollup]] Circular dependency: file:///D:/xuhang/guan_dan/assets/scripts/manager/GlobalData.ts -> file:///D:/xuhang/guan_dan/assets/scripts/component/raceScore/RaceScoreLineItem.ts -> file:///D:/xuhang/guan_dan/assets/scripts/manager/GlobalData.ts
[warning][[Build.Script.Rollup]] Circular dependency: file:///D:/xuhang/guan_dan/assets/scripts/manager/SoundManager.ts -> file:///D:/xuhang/guan_dan/assets/scripts/AppGlobal.ts -> file:///D:/xuhang/guan_dan/assets/scripts/common/utils.ts -> file:///D:/xuhang/guan_dan/assets/scripts/manager/GlobalData.ts -> file:///D:/xuhang/guan_dan/assets/scripts/component/raceScore/RaceScoreLineItem.ts -> file:///D:/xuhang/guan_dan/assets/scripts/manager/SoundManager.ts
[warning][[Build.Script.Rollup]] Circular dependency: file:///D:/xuhang/guan_dan/assets/scripts/common/utils.ts -> file:///D:/xuhang/guan_dan/assets/scripts/manager/GlobalData.ts -> file:///D:/xuhang/guan_dan/assets/scripts/component/raceScore/RaceScoreLineItem.ts -> file:///D:/xuhang/guan_dan/assets/scripts/common/utils.ts
[warning][[Build.Script.Rollup]] Circular dependency: file:///D:/xuhang/guan_dan/assets/scripts/manager/SoundManager.ts -> file:///D:/xuhang/guan_dan/assets/scripts/AppGlobal.ts -> file:///D:/xuhang/guan_dan/assets/scripts/common/utils.ts -> file:///D:/xuhang/guan_dan/assets/scripts/manager/GlobalData.ts -> file:///D:/xuhang/guan_dan/assets/scripts/manager/UIConfig.ts -> file:///D:/xuhang/guan_dan/assets/scripts/component/MessageBoxCommon.ts -> file:///D:/xuhang/guan_dan/assets/scripts/manager/SoundManager.ts
[warning][[Build.Script.Rollup]] Circular dependency: file:///D:/xuhang/guan_dan/assets/scripts/common/utils.ts -> file:///D:/xuhang/guan_dan/assets/scripts/manager/GlobalData.ts -> file:///D:/xuhang/guan_dan/assets/scripts/manager/UIConfig.ts -> file:///D:/xuhang/guan_dan/assets/scripts/component/SetingItem.ts -> file:///D:/xuhang/guan_dan/assets/scripts/common/utils.ts
[warning][[Build.Script.Rollup]] Circular dependency: file:///D:/xuhang/guan_dan/assets/scripts/manager/SoundManager.ts -> file:///D:/xuhang/guan_dan/assets/scripts/AppGlobal.ts -> file:///D:/xuhang/guan_dan/assets/scripts/common/utils.ts -> file:///D:/xuhang/guan_dan/assets/scripts/manager/GlobalData.ts -> file:///D:/xuhang/guan_dan/assets/scripts/manager/UIConfig.ts -> file:///D:/xuhang/guan_dan/assets/scripts/component/SetingItem.ts -> file:///D:/xuhang/guan_dan/assets/scripts/manager/SoundManager.ts
[warning][[Build.Script.Rollup]] Circular dependency: file:///D:/xuhang/guan_dan/assets/scripts/common/utils.ts -> file:///D:/xuhang/guan_dan/assets/scripts/manager/GlobalData.ts -> file:///D:/xuhang/guan_dan/assets/scripts/manager/UIConfig.ts -> file:///D:/xuhang/guan_dan/assets/scripts/component/SetingItem.ts -> file:///D:/xuhang/guan_dan/assets/scripts/manager/UIManager.ts -> file:///D:/xuhang/guan_dan/assets/scripts/common/utils.ts
[warning][[Build.Script.Rollup]] Circular dependency: file:///D:/xuhang/guan_dan/assets/scripts/manager/UIConfig.ts -> file:///D:/xuhang/guan_dan/assets/scripts/component/SetingItem.ts -> file:///D:/xuhang/guan_dan/assets/scripts/manager/UIManager.ts -> file:///D:/xuhang/guan_dan/assets/scripts/manager/UIConfig.ts
[warning][[Build.Script.Rollup]] Circular dependency: file:///D:/xuhang/guan_dan/assets/scripts/manager/UIConfig.ts -> file:///D:/xuhang/guan_dan/assets/scripts/component/SetingItem.ts -> file:///D:/xuhang/guan_dan/assets/scripts/manager/UIConfig.ts
[warning][[Build.Script.Rollup]] Circular dependency: file:///D:/xuhang/guan_dan/assets/scripts/manager/GlobalData.ts -> file:///D:/xuhang/guan_dan/assets/scripts/manager/UIConfig.ts -> file:///D:/xuhang/guan_dan/assets/scripts/component/SetingItem.ts -> file:///D:/xuhang/guan_dan/assets/scripts/manager/GlobalData.ts
[warning][[Build.Script.Rollup]] Circular dependency: file:///D:/xuhang/guan_dan/assets/scripts/manager/SoundManager.ts -> file:///D:/xuhang/guan_dan/assets/scripts/AppGlobal.ts -> file:///D:/xuhang/guan_dan/assets/scripts/common/utils.ts -> file:///D:/xuhang/guan_dan/assets/scripts/manager/GlobalData.ts -> file:///D:/xuhang/guan_dan/assets/scripts/manager/UIConfig.ts -> file:///D:/xuhang/guan_dan/assets/scripts/component/RuleItem.ts -> file:///D:/xuhang/guan_dan/assets/scripts/manager/SoundManager.ts
[warning][[Build.Script.Rollup]] Circular dependency: file:///D:/xuhang/guan_dan/assets/scripts/manager/GlobalData.ts -> file:///D:/xuhang/guan_dan/assets/scripts/manager/UIConfig.ts -> file:///D:/xuhang/guan_dan/assets/scripts/component/team/TeamItem.ts -> file:///D:/xuhang/guan_dan/assets/scripts/manager/GlobalData.ts
[warning][[Build.Script.Rollup]] Circular dependency: file:///D:/xuhang/guan_dan/assets/scripts/manager/UIConfig.ts -> file:///D:/xuhang/guan_dan/assets/scripts/component/room/KeyBoardItem.ts -> file:///D:/xuhang/guan_dan/assets/scripts/manager/UIConfig.ts
[warning][[Build.Script.Rollup]] Circular dependency: file:///D:/xuhang/guan_dan/assets/scripts/manager/SoundManager.ts -> file:///D:/xuhang/guan_dan/assets/scripts/AppGlobal.ts -> file:///D:/xuhang/guan_dan/assets/scripts/common/utils.ts -> file:///D:/xuhang/guan_dan/assets/scripts/manager/GlobalData.ts -> file:///D:/xuhang/guan_dan/assets/scripts/manager/UIConfig.ts -> file:///D:/xuhang/guan_dan/assets/scripts/component/room/CreateRoomItem.ts -> file:///D:/xuhang/guan_dan/assets/scripts/manager/SoundManager.ts
[warning][[Build.Script.Rollup]] Circular dependency: file:///D:/xuhang/guan_dan/assets/scripts/manager/GlobalData.ts -> file:///D:/xuhang/guan_dan/assets/scripts/manager/UIConfig.ts -> file:///D:/xuhang/guan_dan/assets/scripts/component/room/CreateRoomItem.ts -> file:///D:/xuhang/guan_dan/assets/scripts/manager/GlobalData.ts
[warning][[Build.Script.Rollup]] Circular dependency: file:///D:/xuhang/guan_dan/assets/scripts/manager/SoundManager.ts -> file:///D:/xuhang/guan_dan/assets/scripts/AppGlobal.ts -> file:///D:/xuhang/guan_dan/assets/scripts/common/utils.ts -> file:///D:/xuhang/guan_dan/assets/scripts/manager/GlobalData.ts -> file:///D:/xuhang/guan_dan/assets/scripts/manager/UIConfig.ts -> file:///D:/xuhang/guan_dan/assets/scripts/component/gameEndFree/GameEndFreeItem.ts -> file:///D:/xuhang/guan_dan/assets/scripts/manager/SoundManager.ts
[warning][[Build.Script.Rollup]] Circular dependency: file:///D:/xuhang/guan_dan/assets/scripts/common/utils.ts -> file:///D:/xuhang/guan_dan/assets/scripts/manager/GlobalData.ts -> file:///D:/xuhang/guan_dan/assets/scripts/manager/UIConfig.ts -> file:///D:/xuhang/guan_dan/assets/scripts/component/gameEndFree/GameEndFreeItem.ts -> file:///D:/xuhang/guan_dan/assets/scripts/component/gameEndFree/GameEndFreeHeadItem.ts -> file:///D:/xuhang/guan_dan/assets/scripts/common/utils.ts
[warning][[Build.Script.Rollup]] Circular dependency: file:///D:/xuhang/guan_dan/assets/scripts/manager/GlobalData.ts -> file:///D:/xuhang/guan_dan/assets/scripts/manager/UIConfig.ts -> file:///D:/xuhang/guan_dan/assets/scripts/component/gameEndFree/GameEndFreeItem.ts -> file:///D:/xuhang/guan_dan/assets/scripts/component/gameEndFree/GameEndFreeHeadItem.ts -> file:///D:/xuhang/guan_dan/assets/scripts/manager/GlobalData.ts
[warning][[Build.Script.Rollup]] Circular dependency: file:///D:/xuhang/guan_dan/assets/scripts/common/utils.ts -> file:///D:/xuhang/guan_dan/assets/scripts/manager/GlobalData.ts -> file:///D:/xuhang/guan_dan/assets/scripts/manager/UIConfig.ts -> file:///D:/xuhang/guan_dan/assets/scripts/component/gameEndFree/GameEndFreeItem.ts -> file:///D:/xuhang/guan_dan/assets/scripts/common/utils.ts
[warning][[Build.Script.Rollup]] Circular dependency: file:///D:/xuhang/guan_dan/assets/scripts/common/utils.ts -> file:///D:/xuhang/guan_dan/assets/scripts/manager/GlobalData.ts -> file:///D:/xuhang/guan_dan/assets/scripts/manager/UIConfig.ts -> file:///D:/xuhang/guan_dan/assets/scripts/component/gameEndFree/GameEndFreeItem.ts -> file:///D:/xuhang/guan_dan/assets/scripts/component/game/GameLogic.ts -> file:///D:/xuhang/guan_dan/assets/scripts/common/utils.ts
[warning][[Build.Script.Rollup]] Circular dependency: file:///D:/xuhang/guan_dan/assets/scripts/manager/GlobalData.ts -> file:///D:/xuhang/guan_dan/assets/scripts/manager/UIConfig.ts -> file:///D:/xuhang/guan_dan/assets/scripts/component/gameEndFree/GameEndFreeItem.ts -> file:///D:/xuhang/guan_dan/assets/scripts/component/game/GameLogic.ts -> file:///D:/xuhang/guan_dan/assets/scripts/manager/GlobalData.ts
[warning][[Build.Script.Rollup]] Circular dependency: file:///D:/xuhang/guan_dan/assets/scripts/manager/SoundManager.ts -> file:///D:/xuhang/guan_dan/assets/scripts/AppGlobal.ts -> file:///D:/xuhang/guan_dan/assets/scripts/common/utils.ts -> file:///D:/xuhang/guan_dan/assets/scripts/manager/GlobalData.ts -> file:///D:/xuhang/guan_dan/assets/scripts/manager/UIConfig.ts -> file:///D:/xuhang/guan_dan/assets/scripts/component/gameEndFree/GameEndFreeItem.ts -> file:///D:/xuhang/guan_dan/assets/scripts/component/game/GameLogic.ts -> file:///D:/xuhang/guan_dan/assets/scripts/manager/SoundManager.ts
[warning][[Build.Script.Rollup]] Circular dependency: file:///D:/xuhang/guan_dan/assets/scripts/manager/UIConfig.ts -> file:///D:/xuhang/guan_dan/assets/scripts/component/gameEndFree/GameEndFreeItem.ts -> file:///D:/xuhang/guan_dan/assets/scripts/manager/UIConfig.ts
[warning][[Build.Script.Rollup]] Circular dependency: file:///D:/xuhang/guan_dan/assets/scripts/manager/GlobalData.ts -> file:///D:/xuhang/guan_dan/assets/scripts/manager/UIConfig.ts -> file:///D:/xuhang/guan_dan/assets/scripts/component/gameEndFree/GameEndFreeItem.ts -> file:///D:/xuhang/guan_dan/assets/scripts/manager/GlobalData.ts
[warning][[Build.Script.Rollup]] Circular dependency: file:///D:/xuhang/guan_dan/assets/scripts/common/utils.ts -> file:///D:/xuhang/guan_dan/assets/scripts/manager/GlobalData.ts -> file:///D:/xuhang/guan_dan/assets/scripts/manager/UIConfig.ts -> file:///D:/xuhang/guan_dan/assets/scripts/component/gameEndFree/GameEndFreeItem.ts -> file:///D:/xuhang/guan_dan/assets/scripts/manager/GameSocket.ts -> file:///D:/xuhang/guan_dan/assets/scripts/common/utils.ts
[warning][[Build.Script.Rollup]] Circular dependency: file:///D:/xuhang/guan_dan/assets/scripts/common/utils.ts -> file:///D:/xuhang/guan_dan/assets/scripts/manager/GlobalData.ts -> file:///D:/xuhang/guan_dan/assets/scripts/manager/UIConfig.ts -> file:///D:/xuhang/guan_dan/assets/scripts/component/gameEndFree/GameEndFreeItem.ts -> file:///D:/xuhang/guan_dan/assets/scripts/manager/GameSocket.ts -> file:///D:/xuhang/guan_dan/assets/scripts/common/websocket.ts -> file:///D:/xuhang/guan_dan/assets/scripts/common/utils.ts
[warning][[Build.Script.Rollup]] Circular dependency: file:///D:/xuhang/guan_dan/assets/scripts/manager/GlobalData.ts -> file:///D:/xuhang/guan_dan/assets/scripts/manager/UIConfig.ts -> file:///D:/xuhang/guan_dan/assets/scripts/component/gameEndFree/GameEndFreeItem.ts -> file:///D:/xuhang/guan_dan/assets/scripts/manager/GameSocket.ts -> file:///D:/xuhang/guan_dan/assets/scripts/manager/GlobalData.ts
[warning][[Build.Script.Rollup]] Circular dependency: file:///D:/xuhang/guan_dan/assets/scripts/manager/UIConfig.ts -> file:///D:/xuhang/guan_dan/assets/scripts/component/gameEndFree/GameEndFreeItem.ts -> file:///D:/xuhang/guan_dan/assets/scripts/manager/GameSocket.ts -> file:///D:/xuhang/guan_dan/assets/scripts/manager/UIConfig.ts
[warning][[Build.Script.Rollup]] Circular dependency: file:///D:/xuhang/guan_dan/assets/scripts/manager/SoundManager.ts -> file:///D:/xuhang/guan_dan/assets/scripts/AppGlobal.ts -> file:///D:/xuhang/guan_dan/assets/scripts/common/utils.ts -> file:///D:/xuhang/guan_dan/assets/scripts/manager/GlobalData.ts -> file:///D:/xuhang/guan_dan/assets/scripts/manager/UIConfig.ts -> file:///D:/xuhang/guan_dan/assets/scripts/component/gameEndScoreRank/GameEndScoreRankItem.ts -> file:///D:/xuhang/guan_dan/assets/scripts/component/rank/RankScore.ts -> file:///D:/xuhang/guan_dan/assets/scripts/manager/SoundManager.ts
[warning][[Build.Script.Rollup]] Circular dependency: file:///D:/xuhang/guan_dan/assets/scripts/manager/GlobalData.ts -> file:///D:/xuhang/guan_dan/assets/scripts/manager/UIConfig.ts -> file:///D:/xuhang/guan_dan/assets/scripts/component/gameEndScoreRank/GameEndScoreRankItem.ts -> file:///D:/xuhang/guan_dan/assets/scripts/component/rank/RankScore.ts -> file:///D:/xuhang/guan_dan/assets/scripts/component/rank/RankScorePerson.ts -> file:///D:/xuhang/guan_dan/assets/scripts/manager/GlobalData.ts
[warning][[Build.Script.Rollup]] Circular dependency: file:///D:/xuhang/guan_dan/assets/scripts/common/utils.ts -> file:///D:/xuhang/guan_dan/assets/scripts/manager/GlobalData.ts -> file:///D:/xuhang/guan_dan/assets/scripts/manager/UIConfig.ts -> file:///D:/xuhang/guan_dan/assets/scripts/component/gameEndScoreRank/GameEndScoreRankItem.ts -> file:///D:/xuhang/guan_dan/assets/scripts/component/rank/RankScore.ts -> file:///D:/xuhang/guan_dan/assets/scripts/component/rank/RankScorePerson.ts -> file:///D:/xuhang/guan_dan/assets/scripts/component/rank/RankScorePersonSelfLine.ts -> file:///D:/xuhang/guan_dan/assets/scripts/component/LobbyUserHeadItem.ts -> file:///D:/xuhang/guan_dan/assets/scripts/common/utils.ts
[warning][[Build.Script.Rollup]] Circular dependency: file:///D:/xuhang/guan_dan/assets/scripts/manager/GlobalData.ts -> file:///D:/xuhang/guan_dan/assets/scripts/manager/UIConfig.ts -> file:///D:/xuhang/guan_dan/assets/scripts/component/gameEndScoreRank/GameEndScoreRankItem.ts -> file:///D:/xuhang/guan_dan/assets/scripts/component/rank/RankScore.ts -> file:///D:/xuhang/guan_dan/assets/scripts/component/rank/RankScorePerson.ts -> file:///D:/xuhang/guan_dan/assets/scripts/component/rank/RankScorePersonSelfLine.ts -> file:///D:/xuhang/guan_dan/assets/scripts/component/LobbyUserHeadItem.ts -> file:///D:/xuhang/guan_dan/assets/scripts/manager/GlobalData.ts
[warning][[Build.Script.Rollup]] Circular dependency: file:///D:/xuhang/guan_dan/assets/scripts/manager/GlobalData.ts -> file:///D:/xuhang/guan_dan/assets/scripts/manager/UIConfig.ts -> file:///D:/xuhang/guan_dan/assets/scripts/component/gameEndScoreRank/GameEndScoreRankItem.ts -> file:///D:/xuhang/guan_dan/assets/scripts/component/rank/RankScore.ts -> file:///D:/xuhang/guan_dan/assets/scripts/component/rank/RankScoreTeam.ts -> file:///D:/xuhang/guan_dan/assets/scripts/manager/GlobalData.ts
[warning][[Build.Script.Rollup]] Circular dependency: file:///D:/xuhang/guan_dan/assets/scripts/manager/SoundManager.ts -> file:///D:/xuhang/guan_dan/assets/scripts/AppGlobal.ts -> file:///D:/xuhang/guan_dan/assets/scripts/common/utils.ts -> file:///D:/xuhang/guan_dan/assets/scripts/manager/GlobalData.ts -> file:///D:/xuhang/guan_dan/assets/scripts/manager/UIConfig.ts -> file:///D:/xuhang/guan_dan/assets/scripts/component/gameEndScoreRank/GameEndScoreRankItem.ts -> file:///D:/xuhang/guan_dan/assets/scripts/manager/SoundManager.ts
[warning][[Build.Script.Rollup]] Circular dependency: file:///D:/xuhang/guan_dan/assets/scripts/manager/GlobalData.ts -> file:///D:/xuhang/guan_dan/assets/scripts/manager/UIConfig.ts -> file:///D:/xuhang/guan_dan/assets/scripts/component/gameEndScoreRank/GameEndScoreRankItem.ts -> file:///D:/xuhang/guan_dan/assets/scripts/component/gameEndScoreRank/GameEndScoreRankPerson.ts -> file:///D:/xuhang/guan_dan/assets/scripts/manager/GlobalData.ts
[warning][[Build.Script.Rollup]] Circular dependency: file:///D:/xuhang/guan_dan/assets/scripts/manager/GlobalData.ts -> file:///D:/xuhang/guan_dan/assets/scripts/manager/UIConfig.ts -> file:///D:/xuhang/guan_dan/assets/scripts/component/gameEndScoreRank/GameEndScoreRankItem.ts -> file:///D:/xuhang/guan_dan/assets/scripts/component/gameEndScoreRank/GameEndScoreRankTeam.ts -> file:///D:/xuhang/guan_dan/assets/scripts/manager/GlobalData.ts
[warning][[Build.Script.Rollup]] Circular dependency: file:///D:/xuhang/guan_dan/assets/scripts/common/utils.ts -> file:///D:/xuhang/guan_dan/assets/scripts/manager/GlobalData.ts -> file:///D:/xuhang/guan_dan/assets/scripts/manager/UIConfig.ts -> file:///D:/xuhang/guan_dan/assets/scripts/component/gameEndScoreRank/GameEndScoreRankItem.ts -> file:///D:/xuhang/guan_dan/assets/scripts/common/utils.ts
[warning][[Build.Script.Rollup]] Circular dependency: file:///D:/xuhang/guan_dan/assets/scripts/manager/GlobalData.ts -> file:///D:/xuhang/guan_dan/assets/scripts/manager/UIConfig.ts -> file:///D:/xuhang/guan_dan/assets/scripts/component/gameEndScoreRank/GameEndScoreRankItem.ts -> file:///D:/xuhang/guan_dan/assets/scripts/manager/GlobalData.ts
[warning][[Build.Script.Rollup]] Circular dependency: file:///D:/xuhang/guan_dan/assets/scripts/manager/UIConfig.ts -> file:///D:/xuhang/guan_dan/assets/scripts/component/gameEndScoreRank/GameEndScoreRankItem.ts -> file:///D:/xuhang/guan_dan/assets/scripts/manager/UIConfig.ts
[warning][[Build.Script.Rollup]] Circular dependency: file:///D:/xuhang/guan_dan/assets/scripts/manager/SoundManager.ts -> file:///D:/xuhang/guan_dan/assets/scripts/AppGlobal.ts -> file:///D:/xuhang/guan_dan/assets/scripts/common/utils.ts -> file:///D:/xuhang/guan_dan/assets/scripts/manager/GlobalData.ts -> file:///D:/xuhang/guan_dan/assets/scripts/manager/UIConfig.ts -> file:///D:/xuhang/guan_dan/assets/scripts/component/gameEndScore/GameEndScoreItem.ts -> file:///D:/xuhang/guan_dan/assets/scripts/manager/SoundManager.ts
[warning][[Build.Script.Rollup]] Circular dependency: file:///D:/xuhang/guan_dan/assets/scripts/manager/GlobalData.ts -> file:///D:/xuhang/guan_dan/assets/scripts/manager/UIConfig.ts -> file:///D:/xuhang/guan_dan/assets/scripts/component/gameEndScore/GameEndScoreItem.ts -> file:///D:/xuhang/guan_dan/assets/scripts/manager/GlobalData.ts
[warning][[Build.Script.Rollup]] Circular dependency: file:///D:/xuhang/guan_dan/assets/scripts/manager/SoundManager.ts -> file:///D:/xuhang/guan_dan/assets/scripts/AppGlobal.ts -> file:///D:/xuhang/guan_dan/assets/scripts/common/utils.ts -> file:///D:/xuhang/guan_dan/assets/scripts/manager/GlobalData.ts -> file:///D:/xuhang/guan_dan/assets/scripts/manager/UIConfig.ts -> file:///D:/xuhang/guan_dan/assets/scripts/component/gameEndKick/GameEndKickItem.ts -> file:///D:/xuhang/guan_dan/assets/scripts/manager/SoundManager.ts
[warning][[Build.Script.Rollup]] Circular dependency: file:///D:/xuhang/guan_dan/assets/scripts/common/utils.ts -> file:///D:/xuhang/guan_dan/assets/scripts/manager/GlobalData.ts -> file:///D:/xuhang/guan_dan/assets/scripts/manager/UIConfig.ts -> file:///D:/xuhang/guan_dan/assets/scripts/component/gameEndKick/GameEndKickItem.ts -> file:///D:/xuhang/guan_dan/assets/scripts/component/gameEndKick/GameEndKickHeadItem.ts -> file:///D:/xuhang/guan_dan/assets/scripts/common/utils.ts
[warning][[Build.Script.Rollup]] Circular dependency: file:///D:/xuhang/guan_dan/assets/scripts/manager/GlobalData.ts -> file:///D:/xuhang/guan_dan/assets/scripts/manager/UIConfig.ts -> file:///D:/xuhang/guan_dan/assets/scripts/component/gameEndKick/GameEndKickItem.ts -> file:///D:/xuhang/guan_dan/assets/scripts/manager/GlobalData.ts
[warning][[Build.Script.Rollup]] Circular dependency: file:///D:/xuhang/guan_dan/assets/scripts/manager/UIConfig.ts -> file:///D:/xuhang/guan_dan/assets/scripts/component/gameEndKick/GameEndKickItem.ts -> file:///D:/xuhang/guan_dan/assets/scripts/manager/UIConfig.ts
[warning][[Build.Script.Rollup]] Circular dependency: file:///D:/xuhang/guan_dan/assets/scripts/manager/SoundManager.ts -> file:///D:/xuhang/guan_dan/assets/scripts/AppGlobal.ts -> file:///D:/xuhang/guan_dan/assets/scripts/common/utils.ts -> file:///D:/xuhang/guan_dan/assets/scripts/manager/GlobalData.ts -> file:///D:/xuhang/guan_dan/assets/scripts/manager/UIConfig.ts -> file:///D:/xuhang/guan_dan/assets/scripts/component/gameEndKickUp/GameEndKickUpItem.ts -> file:///D:/xuhang/guan_dan/assets/scripts/manager/SoundManager.ts
[warning][[Build.Script.Rollup]] Circular dependency: file:///D:/xuhang/guan_dan/assets/scripts/manager/GlobalData.ts -> file:///D:/xuhang/guan_dan/assets/scripts/manager/UIConfig.ts -> file:///D:/xuhang/guan_dan/assets/scripts/component/gameEndKickUp/GameEndKickUpItem.ts -> file:///D:/xuhang/guan_dan/assets/scripts/manager/GlobalData.ts
[warning][[Build.Script.Rollup]] Circular dependency: file:///D:/xuhang/guan_dan/assets/scripts/manager/UIConfig.ts -> file:///D:/xuhang/guan_dan/assets/scripts/component/gameEndKickUp/GameEndKickUpItem.ts -> file:///D:/xuhang/guan_dan/assets/scripts/manager/UIConfig.ts
[warning][[Build.Script.Rollup]] Circular dependency: file:///D:/xuhang/guan_dan/assets/scripts/common/utils.ts -> file:///D:/xuhang/guan_dan/assets/scripts/manager/GlobalData.ts -> file:///D:/xuhang/guan_dan/assets/scripts/manager/UIConfig.ts -> file:///D:/xuhang/guan_dan/assets/scripts/component/gameEndKickUp/GameEndKickUpItem.ts -> file:///D:/xuhang/guan_dan/assets/scripts/common/utils.ts
[warning][[Build.Script.Rollup]] Circular dependency: file:///D:/xuhang/guan_dan/assets/scripts/manager/SoundManager.ts -> file:///D:/xuhang/guan_dan/assets/scripts/AppGlobal.ts -> file:///D:/xuhang/guan_dan/assets/scripts/common/utils.ts -> file:///D:/xuhang/guan_dan/assets/scripts/manager/GlobalData.ts -> file:///D:/xuhang/guan_dan/assets/scripts/manager/UIConfig.ts -> file:///D:/xuhang/guan_dan/assets/scripts/component/teamUp/TeamUpItem.ts -> file:///D:/xuhang/guan_dan/assets/scripts/manager/SoundManager.ts
[warning][[Build.Script.Rollup]] Circular dependency: file:///D:/xuhang/guan_dan/assets/scripts/common/utils.ts -> file:///D:/xuhang/guan_dan/assets/scripts/manager/GlobalData.ts -> file:///D:/xuhang/guan_dan/assets/scripts/manager/UIConfig.ts -> file:///D:/xuhang/guan_dan/assets/scripts/component/teamUp/TeamUpItem.ts -> file:///D:/xuhang/guan_dan/assets/scripts/common/utils.ts
[warning][[Build.Script.Rollup]] Circular dependency: file:///D:/xuhang/guan_dan/assets/scripts/manager/GlobalData.ts -> file:///D:/xuhang/guan_dan/assets/scripts/manager/UIConfig.ts -> file:///D:/xuhang/guan_dan/assets/scripts/component/teamUp/TeamUpItem.ts -> file:///D:/xuhang/guan_dan/assets/scripts/manager/GlobalData.ts
[warning][[Build.Script.Rollup]] Circular dependency: file:///D:/xuhang/guan_dan/assets/scripts/AppGlobal.ts -> file:///D:/xuhang/guan_dan/assets/scripts/common/utils.ts -> file:///D:/xuhang/guan_dan/assets/scripts/manager/GlobalData.ts -> file:///D:/xuhang/guan_dan/assets/scripts/manager/UIConfig.ts -> file:///D:/xuhang/guan_dan/assets/scripts/component/teamUp/TeamUpItem.ts -> file:///D:/xuhang/guan_dan/assets/scripts/AppGlobal.ts
[warning][[Build.Script.Rollup]] Circular dependency: file:///D:/xuhang/guan_dan/assets/scripts/manager/GlobalData.ts -> file:///D:/xuhang/guan_dan/assets/scripts/manager/UIConfig.ts -> file:///D:/xuhang/guan_dan/assets/scripts/component/raceScore/RaceScoreItem.ts -> file:///D:/xuhang/guan_dan/assets/scripts/manager/GlobalData.ts
[warning][[Build.Script.Rollup]] Circular dependency: file:///D:/xuhang/guan_dan/assets/scripts/manager/SoundManager.ts -> file:///D:/xuhang/guan_dan/assets/scripts/AppGlobal.ts -> file:///D:/xuhang/guan_dan/assets/scripts/common/utils.ts -> file:///D:/xuhang/guan_dan/assets/scripts/manager/GlobalData.ts -> file:///D:/xuhang/guan_dan/assets/scripts/manager/UIConfig.ts -> file:///D:/xuhang/guan_dan/assets/scripts/component/raceScore/RaceScoreItem.ts -> file:///D:/xuhang/guan_dan/assets/scripts/manager/SoundManager.ts
[warning][[Build.Script.Rollup]] Circular dependency: file:///D:/xuhang/guan_dan/assets/scripts/common/utils.ts -> file:///D:/xuhang/guan_dan/assets/scripts/manager/GlobalData.ts -> file:///D:/xuhang/guan_dan/assets/scripts/manager/UIConfig.ts -> file:///D:/xuhang/guan_dan/assets/scripts/component/raceScore/RaceScoreItem.ts -> file:///D:/xuhang/guan_dan/assets/scripts/common/utils.ts
[warning][[Build.Script.Rollup]] Circular dependency: file:///D:/xuhang/guan_dan/assets/scripts/manager/UIConfig.ts -> file:///D:/xuhang/guan_dan/assets/scripts/component/raceScore/RaceScoreItem.ts -> file:///D:/xuhang/guan_dan/assets/scripts/manager/UIConfig.ts
[warning][[Build.Script.Rollup]] Circular dependency: file:///D:/xuhang/guan_dan/assets/scripts/manager/GlobalData.ts -> file:///D:/xuhang/guan_dan/assets/scripts/manager/UIConfig.ts -> file:///D:/xuhang/guan_dan/assets/scripts/component/raceKick/RaceKickItem.ts -> file:///D:/xuhang/guan_dan/assets/scripts/manager/GlobalData.ts
[warning][[Build.Script.Rollup]] Circular dependency: file:///D:/xuhang/guan_dan/assets/scripts/manager/SoundManager.ts -> file:///D:/xuhang/guan_dan/assets/scripts/AppGlobal.ts -> file:///D:/xuhang/guan_dan/assets/scripts/common/utils.ts -> file:///D:/xuhang/guan_dan/assets/scripts/manager/GlobalData.ts -> file:///D:/xuhang/guan_dan/assets/scripts/manager/UIConfig.ts -> file:///D:/xuhang/guan_dan/assets/scripts/component/raceKick/RaceKickItem.ts -> file:///D:/xuhang/guan_dan/assets/scripts/manager/SoundManager.ts
[warning][[Build.Script.Rollup]] Circular dependency: file:///D:/xuhang/guan_dan/assets/scripts/common/utils.ts -> file:///D:/xuhang/guan_dan/assets/scripts/manager/GlobalData.ts -> file:///D:/xuhang/guan_dan/assets/scripts/manager/UIConfig.ts -> file:///D:/xuhang/guan_dan/assets/scripts/component/raceKick/RaceKickItem.ts -> file:///D:/xuhang/guan_dan/assets/scripts/common/utils.ts
[warning][[Build.Script.Rollup]] Circular dependency: file:///D:/xuhang/guan_dan/assets/scripts/manager/GlobalData.ts -> file:///D:/xuhang/guan_dan/assets/scripts/manager/UIConfig.ts -> file:///D:/xuhang/guan_dan/assets/scripts/component/raceKick/RaceKickItem.ts -> file:///D:/xuhang/guan_dan/assets/scripts/component/raceKick/RaceKickLineItem.ts -> file:///D:/xuhang/guan_dan/assets/scripts/manager/GlobalData.ts
[warning][[Build.Script.Rollup]] Circular dependency: file:///D:/xuhang/guan_dan/assets/scripts/manager/SoundManager.ts -> file:///D:/xuhang/guan_dan/assets/scripts/AppGlobal.ts -> file:///D:/xuhang/guan_dan/assets/scripts/common/utils.ts -> file:///D:/xuhang/guan_dan/assets/scripts/manager/GlobalData.ts -> file:///D:/xuhang/guan_dan/assets/scripts/manager/UIConfig.ts -> file:///D:/xuhang/guan_dan/assets/scripts/component/raceKick/RaceKickItem.ts -> file:///D:/xuhang/guan_dan/assets/scripts/component/raceKick/RaceKickLineItem.ts -> file:///D:/xuhang/guan_dan/assets/scripts/manager/SoundManager.ts
[warning][[Build.Script.Rollup]] Circular dependency: file:///D:/xuhang/guan_dan/assets/scripts/common/utils.ts -> file:///D:/xuhang/guan_dan/assets/scripts/manager/GlobalData.ts -> file:///D:/xuhang/guan_dan/assets/scripts/manager/UIConfig.ts -> file:///D:/xuhang/guan_dan/assets/scripts/component/raceKick/RaceKickItem.ts -> file:///D:/xuhang/guan_dan/assets/scripts/component/raceKick/RaceKickLineItem.ts -> file:///D:/xuhang/guan_dan/assets/scripts/common/utils.ts
[warning][[Build.Script.Rollup]] Circular dependency: file:///D:/xuhang/guan_dan/assets/scripts/manager/UIConfig.ts -> file:///D:/xuhang/guan_dan/assets/scripts/component/raceKick/RaceKickItem.ts -> file:///D:/xuhang/guan_dan/assets/scripts/manager/UIConfig.ts
[warning][[Build.Script.Rollup]] Circular dependency: file:///D:/xuhang/guan_dan/assets/scripts/manager/SoundManager.ts -> file:///D:/xuhang/guan_dan/assets/scripts/AppGlobal.ts -> file:///D:/xuhang/guan_dan/assets/scripts/common/utils.ts -> file:///D:/xuhang/guan_dan/assets/scripts/manager/GlobalData.ts -> file:///D:/xuhang/guan_dan/assets/scripts/manager/UIConfig.ts -> file:///D:/xuhang/guan_dan/assets/scripts/component/MessageBoxCommonTest.ts -> file:///D:/xuhang/guan_dan/assets/scripts/manager/SoundManager.ts
[warning][[Build.Script.Rollup]] Circular dependency: file:///D:/xuhang/guan_dan/assets/scripts/manager/SoundManager.ts -> file:///D:/xuhang/guan_dan/assets/scripts/AppGlobal.ts -> file:///D:/xuhang/guan_dan/assets/scripts/common/utils.ts -> file:///D:/xuhang/guan_dan/assets/scripts/manager/GlobalData.ts -> file:///D:/xuhang/guan_dan/assets/scripts/manager/UIConfig.ts -> file:///D:/xuhang/guan_dan/assets/scripts/component/CreateTeamItem.ts -> file:///D:/xuhang/guan_dan/assets/scripts/manager/SoundManager.ts
[warning][[Build.Script.Rollup]] Circular dependency: file:///D:/xuhang/guan_dan/assets/scripts/manager/SoundManager.ts -> file:///D:/xuhang/guan_dan/assets/scripts/AppGlobal.ts -> file:///D:/xuhang/guan_dan/assets/scripts/common/utils.ts -> file:///D:/xuhang/guan_dan/assets/scripts/manager/GlobalData.ts -> file:///D:/xuhang/guan_dan/assets/scripts/manager/UIConfig.ts -> file:///D:/xuhang/guan_dan/assets/scripts/component/gameStartNotice/GameStartNotice.ts -> file:///D:/xuhang/guan_dan/assets/scripts/manager/SoundManager.ts
[warning][[Build.Script.Rollup]] Circular dependency: file:///D:/xuhang/guan_dan/assets/scripts/common/utils.ts -> file:///D:/xuhang/guan_dan/assets/scripts/manager/GlobalData.ts -> file:///D:/xuhang/guan_dan/assets/scripts/manager/UIConfig.ts -> file:///D:/xuhang/guan_dan/assets/scripts/component/gameStartNotice/GameStartNotice.ts -> file:///D:/xuhang/guan_dan/assets/scripts/common/utils.ts
[warning][[Build.Script.Rollup]] Circular dependency: file:///D:/xuhang/guan_dan/assets/scripts/manager/SoundManager.ts -> file:///D:/xuhang/guan_dan/assets/scripts/AppGlobal.ts -> file:///D:/xuhang/guan_dan/assets/scripts/common/utils.ts -> file:///D:/xuhang/guan_dan/assets/scripts/manager/GlobalData.ts -> file:///D:/xuhang/guan_dan/assets/scripts/manager/UIConfig.ts -> file:///D:/xuhang/guan_dan/assets/scripts/component/gameStartNotice/FreeUpItem.ts -> file:///D:/xuhang/guan_dan/assets/scripts/manager/SoundManager.ts
[warning][[Build.Script.Rollup]] Circular dependency: file:///D:/xuhang/guan_dan/assets/scripts/manager/GlobalData.ts -> file:///D:/xuhang/guan_dan/assets/scripts/manager/UIConfig.ts -> file:///D:/xuhang/guan_dan/assets/scripts/component/gameStartNotice/FreeUpItem.ts -> file:///D:/xuhang/guan_dan/assets/scripts/manager/GlobalData.ts
[warning][[Build.Script.Rollup]] Circular dependency: file:///D:/xuhang/guan_dan/assets/scripts/manager/SoundManager.ts -> file:///D:/xuhang/guan_dan/assets/scripts/AppGlobal.ts -> file:///D:/xuhang/guan_dan/assets/scripts/common/utils.ts -> file:///D:/xuhang/guan_dan/assets/scripts/manager/GlobalData.ts -> file:///D:/xuhang/guan_dan/assets/scripts/manager/UIConfig.ts -> file:///D:/xuhang/guan_dan/assets/scripts/component/rankRace/RankRaceItem.ts -> file:///D:/xuhang/guan_dan/assets/scripts/manager/SoundManager.ts
[warning][[Build.Script.Rollup]] Circular dependency: file:///D:/xuhang/guan_dan/assets/scripts/manager/GlobalData.ts -> file:///D:/xuhang/guan_dan/assets/scripts/manager/UIConfig.ts -> file:///D:/xuhang/guan_dan/assets/scripts/component/rankRace/RankRaceItem.ts -> file:///D:/xuhang/guan_dan/assets/scripts/component/rankRace/RankRaceKickItem.ts -> file:///D:/xuhang/guan_dan/assets/scripts/manager/GlobalData.ts
[warning][[Build.Script.Rollup]] Circular dependency: file:///D:/xuhang/guan_dan/assets/scripts/manager/GlobalData.ts -> file:///D:/xuhang/guan_dan/assets/scripts/manager/UIConfig.ts -> file:///D:/xuhang/guan_dan/assets/scripts/component/rankRace/RankRaceItem.ts -> file:///D:/xuhang/guan_dan/assets/scripts/component/rankRace/RankRaceScoreItem.ts -> file:///D:/xuhang/guan_dan/assets/scripts/manager/GlobalData.ts
[warning][[Build.Script.Rollup]] Circular dependency: file:///D:/xuhang/guan_dan/assets/scripts/manager/GlobalData.ts -> file:///D:/xuhang/guan_dan/assets/scripts/manager/UIConfig.ts -> file:///D:/xuhang/guan_dan/assets/scripts/component/rankRace/RankRaceItem.ts -> file:///D:/xuhang/guan_dan/assets/scripts/component/rankRace/RankRaceAuditionItem.ts -> file:///D:/xuhang/guan_dan/assets/scripts/manager/GlobalData.ts
[warning][[Build.Script.Rollup]] Circular dependency: file:///D:/xuhang/guan_dan/assets/scripts/manager/GlobalData.ts -> file:///D:/xuhang/guan_dan/assets/scripts/manager/UIConfig.ts -> file:///D:/xuhang/guan_dan/assets/scripts/component/rank/RankKick.ts -> file:///D:/xuhang/guan_dan/assets/scripts/manager/GlobalData.ts
[warning][[Build.Script.Rollup]] Circular dependency: file:///D:/xuhang/guan_dan/assets/scripts/manager/SoundManager.ts -> file:///D:/xuhang/guan_dan/assets/scripts/AppGlobal.ts -> file:///D:/xuhang/guan_dan/assets/scripts/common/utils.ts -> file:///D:/xuhang/guan_dan/assets/scripts/manager/GlobalData.ts -> file:///D:/xuhang/guan_dan/assets/scripts/manager/UIConfig.ts -> file:///D:/xuhang/guan_dan/assets/scripts/component/rank/RankKick.ts -> file:///D:/xuhang/guan_dan/assets/scripts/manager/SoundManager.ts
[warning][[Build.Script.Rollup]] Circular dependency: file:///D:/xuhang/guan_dan/assets/scripts/manager/GlobalData.ts -> file:///D:/xuhang/guan_dan/assets/scripts/manager/UIConfig.ts -> file:///D:/xuhang/guan_dan/assets/scripts/component/raceAudition/RaceAuditionItem.ts -> file:///D:/xuhang/guan_dan/assets/scripts/manager/GlobalData.ts
[warning][[Build.Script.Rollup]] Circular dependency: file:///D:/xuhang/guan_dan/assets/scripts/manager/SoundManager.ts -> file:///D:/xuhang/guan_dan/assets/scripts/AppGlobal.ts -> file:///D:/xuhang/guan_dan/assets/scripts/common/utils.ts -> file:///D:/xuhang/guan_dan/assets/scripts/manager/GlobalData.ts -> file:///D:/xuhang/guan_dan/assets/scripts/manager/UIConfig.ts -> file:///D:/xuhang/guan_dan/assets/scripts/component/raceAudition/RaceAuditionItem.ts -> file:///D:/xuhang/guan_dan/assets/scripts/manager/SoundManager.ts
[warning][[Build.Script.Rollup]] Circular dependency: file:///D:/xuhang/guan_dan/assets/scripts/common/utils.ts -> file:///D:/xuhang/guan_dan/assets/scripts/manager/GlobalData.ts -> file:///D:/xuhang/guan_dan/assets/scripts/manager/UIConfig.ts -> file:///D:/xuhang/guan_dan/assets/scripts/component/raceAudition/RaceAuditionItem.ts -> file:///D:/xuhang/guan_dan/assets/scripts/common/utils.ts
[warning][[Build.Script.Rollup]] Circular dependency: file:///D:/xuhang/guan_dan/assets/scripts/manager/GlobalData.ts -> file:///D:/xuhang/guan_dan/assets/scripts/manager/UIConfig.ts -> file:///D:/xuhang/guan_dan/assets/scripts/component/rank/RankAuditionItem.ts -> file:///D:/xuhang/guan_dan/assets/scripts/manager/GlobalData.ts
[warning][[Build.Script.Rollup]] Circular dependency: file:///D:/xuhang/guan_dan/assets/scripts/manager/SoundManager.ts -> file:///D:/xuhang/guan_dan/assets/scripts/AppGlobal.ts -> file:///D:/xuhang/guan_dan/assets/scripts/common/utils.ts -> file:///D:/xuhang/guan_dan/assets/scripts/manager/GlobalData.ts -> file:///D:/xuhang/guan_dan/assets/scripts/manager/UIConfig.ts -> file:///D:/xuhang/guan_dan/assets/scripts/component/rank/RankAuditionItem.ts -> file:///D:/xuhang/guan_dan/assets/scripts/manager/SoundManager.ts
[warning][[Build.Script.Rollup]] Circular dependency: file:///D:/xuhang/guan_dan/assets/scripts/manager/SoundManager.ts -> file:///D:/xuhang/guan_dan/assets/scripts/AppGlobal.ts -> file:///D:/xuhang/guan_dan/assets/scripts/common/utils.ts -> file:///D:/xuhang/guan_dan/assets/scripts/manager/GlobalData.ts -> file:///D:/xuhang/guan_dan/assets/scripts/manager/UIConfig.ts -> file:///D:/xuhang/guan_dan/assets/scripts/component/gameEndAudition/GameEndAuditionItem.ts -> file:///D:/xuhang/guan_dan/assets/scripts/manager/SoundManager.ts
[warning][[Build.Script.Rollup]] Circular dependency: file:///D:/xuhang/guan_dan/assets/scripts/common/utils.ts -> file:///D:/xuhang/guan_dan/assets/scripts/manager/GlobalData.ts -> file:///D:/xuhang/guan_dan/assets/scripts/manager/UIConfig.ts -> file:///D:/xuhang/guan_dan/assets/scripts/component/gameEndAudition/GameEndAuditionItem.ts -> file:///D:/xuhang/guan_dan/assets/scripts/common/utils.ts
[Build] [build-script][[Build.Script.Rollup]] Circular dependency: file:///D:/xuhang/guan_dan/assets/scripts/common/utils.ts -> file:///D:/xuhang/guan_dan/assets/scripts/manager/GlobalData.ts -> file:///D:/xuhang/guan_dan/assets/scripts/component/raceAudition/RaceAuditionLineItem.ts -> file:///D:/xuhang/guan_dan/assets/scripts/common/utils.ts
[warning][[Build.Script.Rollup]] Circular dependency: file:///D:/xuhang/guan_dan/assets/scripts/manager/GlobalData.ts -> file:///D:/xuhang/guan_dan/assets/scripts/component/raceScore/RaceScoreLineItem.ts -> file:///D:/xuhang/guan_dan/assets/scripts/manager/GlobalData.ts
[warning][[Build.Script.Rollup]] Circular dependency: file:///D:/xuhang/guan_dan/assets/scripts/manager/SoundManager.ts -> file:///D:/xuhang/guan_dan/assets/scripts/AppGlobal.ts -> file:///D:/xuhang/guan_dan/assets/scripts/common/utils.ts -> file:///D:/xuhang/guan_dan/assets/scripts/manager/GlobalData.ts -> file:///D:/xuhang/guan_dan/assets/scripts/component/raceScore/RaceScoreLineItem.ts -> file:///D:/xuhang/guan_dan/assets/scripts/manager/SoundManager.ts
[warning][[Build.Script.Rollup]] Circular dependency: file:///D:/xuhang/guan_dan/assets/scripts/common/utils.ts -> file:///D:/xuhang/guan_dan/assets/scripts/manager/GlobalData.ts -> file:///D:/xuhang/guan_dan/assets/scripts/component/raceScore/RaceScoreLineItem.ts -> file:///D:/xuhang/guan_dan/assets/scripts/common/utils.ts
[warning][[Build.Script.Rollup]] Circular dependency: file:///D:/xuhang/guan_dan/assets/scripts/manager/SoundManager.ts -> file:///D:/xuhang/guan_dan/assets/scripts/AppGlobal.ts -> file:///D:/xuhang/guan_dan/assets/scripts/common/utils.ts -> file:///D:/xuhang/guan_dan/assets/scripts/manager/GlobalData.ts -> file:///D:/xuhang/guan_dan/assets/scripts/manager/UIConfig.ts -> file:///D:/xuhang/guan_dan/assets/scripts/component/MessageBoxCommon.ts -> file:///D:/xuhang/guan_dan/assets/scripts/manager/SoundManager.ts
[warning][[Build.Script.Rollup]] Circular dependency: file:///D:/xuhang/guan_dan/assets/scripts/common/utils.ts -> file:///D:/xuhang/guan_dan/assets/scripts/manager/GlobalData.ts -> file:///D:/xuhang/guan_dan/assets/scripts/manager/UIConfig.ts -> file:///D:/xuhang/guan_dan/assets/scripts/component/SetingItem.ts -> file:///D:/xuhang/guan_dan/assets/scripts/common/utils.ts
[warning][[Build.Script.Rollup]] Circular dependency: file:///D:/xuhang/guan_dan/assets/scripts/manager/SoundManager.ts -> file:///D:/xuhang/guan_dan/assets/scripts/AppGlobal.ts -> file:///D:/xuhang/guan_dan/assets/scripts/common/utils.ts -> file:///D:/xuhang/guan_dan/assets/scripts/manager/GlobalData.ts -> file:///D:/xuhang/guan_dan/assets/scripts/manager/UIConfig.ts -> file:///D:/xuhang/guan_dan/assets/scripts/component/SetingItem.ts -> file:///D:/xuhang/guan_dan/assets/scripts/manager/SoundManager.ts
[warning][[Build.Script.Rollup]] Circular dependency: file:///D:/xuhang/guan_dan/assets/scripts/common/utils.ts -> file:///D:/xuhang/guan_dan/assets/scripts/manager/GlobalData.ts -> file:///D:/xuhang/guan_dan/assets/scripts/manager/UIConfig.ts -> file:///D:/xuhang/guan_dan/assets/scripts/component/SetingItem.ts -> file:///D:/xuhang/guan_dan/assets/scripts/manager/UIManager.ts -> file:///D:/xuhang/guan_dan/assets/scripts/common/utils.ts
[warning][[Build.Script.Rollup]] Circular dependency: file:///D:/xuhang/guan_dan/assets/scripts/manager/UIConfig.ts -> file:///D:/xuhang/guan_dan/assets/scripts/component/SetingItem.ts -> file:///D:/xuhang/guan_dan/assets/scripts/manager/UIManager.ts -> file:///D:/xuhang/guan_dan/assets/scripts/manager/UIConfig.ts
[warning][[Build.Script.Rollup]] Circular dependency: file:///D:/xuhang/guan_dan/assets/scripts/manager/UIConfig.ts -> file:///D:/xuhang/guan_dan/assets/scripts/component/SetingItem.ts -> file:///D:/xuhang/guan_dan/assets/scripts/manager/UIConfig.ts
[warning][[Build.Script.Rollup]] Circular dependency: file:///D:/xuhang/guan_dan/assets/scripts/manager/GlobalData.ts -> file:///D:/xuhang/guan_dan/assets/scripts/manager/UIConfig.ts -> file:///D:/xuhang/guan_dan/assets/scripts/component/SetingItem.ts -> file:///D:/xuhang/guan_dan/assets/scripts/manager/GlobalData.ts
[warning][[Build.Script.Rollup]] Circular dependency: file:///D:/xuhang/guan_dan/assets/scripts/manager/SoundManager.ts -> file:///D:/xuhang/guan_dan/assets/scripts/AppGlobal.ts -> file:///D:/xuhang/guan_dan/assets/scripts/common/utils.ts -> file:///D:/xuhang/guan_dan/assets/scripts/manager/GlobalData.ts -> file:///D:/xuhang/guan_dan/assets/scripts/manager/UIConfig.ts -> file:///D:/xuhang/guan_dan/assets/scripts/component/RuleItem.ts -> file:///D:/xuhang/guan_dan/assets/scripts/manager/SoundManager.ts
[warning][[Build.Script.Rollup]] Circular dependency: file:///D:/xuhang/guan_dan/assets/scripts/manager/GlobalData.ts -> file:///D:/xuhang/guan_dan/assets/scripts/manager/UIConfig.ts -> file:///D:/xuhang/guan_dan/assets/scripts/component/team/TeamItem.ts -> file:///D:/xuhang/guan_dan/assets/scripts/manager/GlobalData.ts
[warning][[Build.Script.Rollup]] Circular dependency: file:///D:/xuhang/guan_dan/assets/scripts/manager/UIConfig.ts -> file:///D:/xuhang/guan_dan/assets/scripts/component/room/KeyBoardItem.ts -> file:///D:/xuhang/guan_dan/assets/scripts/manager/UIConfig.ts
[warning][[Build.Script.Rollup]] Circular dependency: file:///D:/xuhang/guan_dan/assets/scripts/manager/SoundManager.ts -> file:///D:/xuhang/guan_dan/assets/scripts/AppGlobal.ts -> file:///D:/xuhang/guan_dan/assets/scripts/common/utils.ts -> file:///D:/xuhang/guan_dan/assets/scripts/manager/GlobalData.ts -> file:///D:/xuhang/guan_dan/assets/scripts/manager/UIConfig.ts -> file:///D:/xuhang/guan_dan/assets/scripts/component/room/CreateRoomItem.ts -> file:///D:/xuhang/guan_dan/assets/scripts/manager/SoundManager.ts
[warning][[Build.Script.Rollup]] Circular dependency: file:///D:/xuhang/guan_dan/assets/scripts/manager/GlobalData.ts -> file:///D:/xuhang/guan_dan/assets/scripts/manager/UIConfig.ts -> file:///D:/xuhang/guan_dan/assets/scripts/component/room/CreateRoomItem.ts -> file:///D:/xuhang/guan_dan/assets/scripts/manager/GlobalData.ts
[warning][[Build.Script.Rollup]] Circular dependency: file:///D:/xuhang/guan_dan/assets/scripts/manager/SoundManager.ts -> file:///D:/xuhang/guan_dan/assets/scripts/AppGlobal.ts -> file:///D:/xuhang/guan_dan/assets/scripts/common/utils.ts -> file:///D:/xuhang/guan_dan/assets/scripts/manager/GlobalData.ts -> file:///D:/xuhang/guan_dan/assets/scripts/manager/UIConfig.ts -> file:///D:/xuhang/guan_dan/assets/scripts/component/gameEndFree/GameEndFreeItem.ts -> file:///D:/xuhang/guan_dan/assets/scripts/manager/SoundManager.ts
[warning][[Build.Script.Rollup]] Circular dependency: file:///D:/xuhang/guan_dan/assets/scripts/common/utils.ts -> file:///D:/xuhang/guan_dan/assets/scripts/manager/GlobalData.ts -> file:///D:/xuhang/guan_dan/assets/scripts/manager/UIConfig.ts -> file:///D:/xuhang/guan_dan/assets/scripts/component/gameEndFree/GameEndFreeItem.ts -> file:///D:/xuhang/guan_dan/assets/scripts/component/gameEndFree/GameEndFreeHeadItem.ts -> file:///D:/xuhang/guan_dan/assets/scripts/common/utils.ts
[warning][[Build.Script.Rollup]] Circular dependency: file:///D:/xuhang/guan_dan/assets/scripts/manager/GlobalData.ts -> file:///D:/xuhang/guan_dan/assets/scripts/manager/UIConfig.ts -> file:///D:/xuhang/guan_dan/assets/scripts/component/gameEndFree/GameEndFreeItem.ts -> file:///D:/xuhang/guan_dan/assets/scripts/component/gameEndFree/GameEndFreeHeadItem.ts -> file:///D:/xuhang/guan_dan/assets/scripts/manager/GlobalData.ts
[warning][[Build.Script.Rollup]] Circular dependency: file:///D:/xuhang/guan_dan/assets/scripts/common/utils.ts -> file:///D:/xuhang/guan_dan/assets/scripts/manager/GlobalData.ts -> file:///D:/xuhang/guan_dan/assets/scripts/manager/UIConfig.ts -> file:///D:/xuhang/guan_dan/assets/scripts/component/gameEndFree/GameEndFreeItem.ts -> file:///D:/xuhang/guan_dan/assets/scripts/common/utils.ts
[warning][[Build.Script.Rollup]] Circular dependency: file:///D:/xuhang/guan_dan/assets/scripts/common/utils.ts -> file:///D:/xuhang/guan_dan/assets/scripts/manager/GlobalData.ts -> file:///D:/xuhang/guan_dan/assets/scripts/manager/UIConfig.ts -> file:///D:/xuhang/guan_dan/assets/scripts/component/gameEndFree/GameEndFreeItem.ts -> file:///D:/xuhang/guan_dan/assets/scripts/component/game/GameLogic.ts -> file:///D:/xuhang/guan_dan/assets/scripts/common/utils.ts
[warning][[Build.Script.Rollup]] Circular dependency: file:///D:/xuhang/guan_dan/assets/scripts/manager/GlobalData.ts -> file:///D:/xuhang/guan_dan/assets/scripts/manager/UIConfig.ts -> file:///D:/xuhang/guan_dan/assets/scripts/component/gameEndFree/GameEndFreeItem.ts -> file:///D:/xuhang/guan_dan/assets/scripts/component/game/GameLogic.ts -> file:///D:/xuhang/guan_dan/assets/scripts/manager/GlobalData.ts
[warning][[Build.Script.Rollup]] Circular dependency: file:///D:/xuhang/guan_dan/assets/scripts/manager/SoundManager.ts -> file:///D:/xuhang/guan_dan/assets/scripts/AppGlobal.ts -> file:///D:/xuhang/guan_dan/assets/scripts/common/utils.ts -> file:///D:/xuhang/guan_dan/assets/scripts/manager/GlobalData.ts -> file:///D:/xuhang/guan_dan/assets/scripts/manager/UIConfig.ts -> file:///D:/xuhang/guan_dan/assets/scripts/component/gameEndFree/GameEndFreeItem.ts -> file:///D:/xuhang/guan_dan/assets/scripts/component/game/GameLogic.ts -> file:///D:/xuhang/guan_dan/assets/scripts/manager/SoundManager.ts
[warning][[Build.Script.Rollup]] Circular dependency: file:///D:/xuhang/guan_dan/assets/scripts/manager/UIConfig.ts -> file:///D:/xuhang/guan_dan/assets/scripts/component/gameEndFree/GameEndFreeItem.ts -> file:///D:/xuhang/guan_dan/assets/scripts/manager/UIConfig.ts
[warning][[Build.Script.Rollup]] Circular dependency: file:///D:/xuhang/guan_dan/assets/scripts/manager/GlobalData.ts -> file:///D:/xuhang/guan_dan/assets/scripts/manager/UIConfig.ts -> file:///D:/xuhang/guan_dan/assets/scripts/component/gameEndFree/GameEndFreeItem.ts -> file:///D:/xuhang/guan_dan/assets/scripts/manager/GlobalData.ts
[warning][[Build.Script.Rollup]] Circular dependency: file:///D:/xuhang/guan_dan/assets/scripts/common/utils.ts -> file:///D:/xuhang/guan_dan/assets/scripts/manager/GlobalData.ts -> file:///D:/xuhang/guan_dan/assets/scripts/manager/UIConfig.ts -> file:///D:/xuhang/guan_dan/assets/scripts/component/gameEndFree/GameEndFreeItem.ts -> file:///D:/xuhang/guan_dan/assets/scripts/manager/GameSocket.ts -> file:///D:/xuhang/guan_dan/assets/scripts/common/utils.ts
[warning][[Build.Script.Rollup]] Circular dependency: file:///D:/xuhang/guan_dan/assets/scripts/common/utils.ts -> file:///D:/xuhang/guan_dan/assets/scripts/manager/GlobalData.ts -> file:///D:/xuhang/guan_dan/assets/scripts/manager/UIConfig.ts -> file:///D:/xuhang/guan_dan/assets/scripts/component/gameEndFree/GameEndFreeItem.ts -> file:///D:/xuhang/guan_dan/assets/scripts/manager/GameSocket.ts -> file:///D:/xuhang/guan_dan/assets/scripts/common/websocket.ts -> file:///D:/xuhang/guan_dan/assets/scripts/common/utils.ts
[warning][[Build.Script.Rollup]] Circular dependency: file:///D:/xuhang/guan_dan/assets/scripts/manager/GlobalData.ts -> file:///D:/xuhang/guan_dan/assets/scripts/manager/UIConfig.ts -> file:///D:/xuhang/guan_dan/assets/scripts/component/gameEndFree/GameEndFreeItem.ts -> file:///D:/xuhang/guan_dan/assets/scripts/manager/GameSocket.ts -> file:///D:/xuhang/guan_dan/assets/scripts/manager/GlobalData.ts
[warning][[Build.Script.Rollup]] Circular dependency: file:///D:/xuhang/guan_dan/assets/scripts/manager/UIConfig.ts -> file:///D:/xuhang/guan_dan/assets/scripts/component/gameEndFree/GameEndFreeItem.ts -> file:///D:/xuhang/guan_dan/assets/scripts/manager/GameSocket.ts -> file:///D:/xuhang/guan_dan/assets/scripts/manager/UIConfig.ts
[warning][[Build.Script.Rollup]] Circular dependency: file:///D:/xuhang/guan_dan/assets/scripts/manager/SoundManager.ts -> file:///D:/xuhang/guan_dan/assets/scripts/AppGlobal.ts -> file:///D:/xuhang/guan_dan/assets/scripts/common/utils.ts -> file:///D:/xuhang/guan_dan/assets/scripts/manager/GlobalData.ts -> file:///D:/xuhang/guan_dan/assets/scripts/manager/UIConfig.ts -> file:///D:/xuhang/guan_dan/assets/scripts/component/gameEndScoreRank/GameEndScoreRankItem.ts -> file:///D:/xuhang/guan_dan/assets/scripts/component/rank/RankScore.ts -> file:///D:/xuhang/guan_dan/assets/scripts/manager/SoundManager.ts
[warning][[Build.Script.Rollup]] Circular dependency: file:///D:/xuhang/guan_dan/assets/scripts/manager/GlobalData.ts -> file:///D:/xuhang/guan_dan/assets/scripts/manager/UIConfig.ts -> file:///D:/xuhang/guan_dan/assets/scripts/component/gameEndScoreRank/GameEndScoreRankItem.ts -> file:///D:/xuhang/guan_dan/assets/scripts/component/rank/RankScore.ts -> file:///D:/xuhang/guan_dan/assets/scripts/component/rank/RankScorePerson.ts -> file:///D:/xuhang/guan_dan/assets/scripts/manager/GlobalData.ts
[warning][[Build.Script.Rollup]] Circular dependency: file:///D:/xuhang/guan_dan/assets/scripts/common/utils.ts -> file:///D:/xuhang/guan_dan/assets/scripts/manager/GlobalData.ts -> file:///D:/xuhang/guan_dan/assets/scripts/manager/UIConfig.ts -> file:///D:/xuhang/guan_dan/assets/scripts/component/gameEndScoreRank/GameEndScoreRankItem.ts -> file:///D:/xuhang/guan_dan/assets/scripts/component/rank/RankScore.ts -> file:///D:/xuhang/guan_dan/assets/scripts/component/rank/RankScorePerson.ts -> file:///D:/xuhang/guan_dan/assets/scripts/component/rank/RankScorePersonSelfLine.ts -> file:///D:/xuhang/guan_dan/assets/scripts/component/LobbyUserHeadItem.ts -> file:///D:/xuhang/guan_dan/assets/scripts/common/utils.ts
[warning][[Build.Script.Rollup]] Circular dependency: file:///D:/xuhang/guan_dan/assets/scripts/manager/GlobalData.ts -> file:///D:/xuhang/guan_dan/assets/scripts/manager/UIConfig.ts -> file:///D:/xuhang/guan_dan/assets/scripts/component/gameEndScoreRank/GameEndScoreRankItem.ts -> file:///D:/xuhang/guan_dan/assets/scripts/component/rank/RankScore.ts -> file:///D:/xuhang/guan_dan/assets/scripts/component/rank/RankScorePerson.ts -> file:///D:/xuhang/guan_dan/assets/scripts/component/rank/RankScorePersonSelfLine.ts -> file:///D:/xuhang/guan_dan/assets/scripts/component/LobbyUserHeadItem.ts -> file:///D:/xuhang/guan_dan/assets/scripts/manager/GlobalData.ts
[warning][[Build.Script.Rollup]] Circular dependency: file:///D:/xuhang/guan_dan/assets/scripts/manager/GlobalData.ts -> file:///D:/xuhang/guan_dan/assets/scripts/manager/UIConfig.ts -> file:///D:/xuhang/guan_dan/assets/scripts/component/gameEndScoreRank/GameEndScoreRankItem.ts -> file:///D:/xuhang/guan_dan/assets/scripts/component/rank/RankScore.ts -> file:///D:/xuhang/guan_dan/assets/scripts/component/rank/RankScoreTeam.ts -> file:///D:/xuhang/guan_dan/assets/scripts/manager/GlobalData.ts
[warning][[Build.Script.Rollup]] Circular dependency: file:///D:/xuhang/guan_dan/assets/scripts/manager/SoundManager.ts -> file:///D:/xuhang/guan_dan/assets/scripts/AppGlobal.ts -> file:///D:/xuhang/guan_dan/assets/scripts/common/utils.ts -> file:///D:/xuhang/guan_dan/assets/scripts/manager/GlobalData.ts -> file:///D:/xuhang/guan_dan/assets/scripts/manager/UIConfig.ts -> file:///D:/xuhang/guan_dan/assets/scripts/component/gameEndScoreRank/GameEndScoreRankItem.ts -> file:///D:/xuhang/guan_dan/assets/scripts/manager/SoundManager.ts
[warning][[Build.Script.Rollup]] Circular dependency: file:///D:/xuhang/guan_dan/assets/scripts/manager/GlobalData.ts -> file:///D:/xuhang/guan_dan/assets/scripts/manager/UIConfig.ts -> file:///D:/xuhang/guan_dan/assets/scripts/component/gameEndScoreRank/GameEndScoreRankItem.ts -> file:///D:/xuhang/guan_dan/assets/scripts/component/gameEndScoreRank/GameEndScoreRankPerson.ts -> file:///D:/xuhang/guan_dan/assets/scripts/manager/GlobalData.ts
[warning][[Build.Script.Rollup]] Circular dependency: file:///D:/xuhang/guan_dan/assets/scripts/manager/GlobalData.ts -> file:///D:/xuhang/guan_dan/assets/scripts/manager/UIConfig.ts -> file:///D:/xuhang/guan_dan/assets/scripts/component/gameEndScoreRank/GameEndScoreRankItem.ts -> file:///D:/xuhang/guan_dan/assets/scripts/component/gameEndScoreRank/GameEndScoreRankTeam.ts -> file:///D:/xuhang/guan_dan/assets/scripts/manager/GlobalData.ts
[warning][[Build.Script.Rollup]] Circular dependency: file:///D:/xuhang/guan_dan/assets/scripts/common/utils.ts -> file:///D:/xuhang/guan_dan/assets/scripts/manager/GlobalData.ts -> file:///D:/xuhang/guan_dan/assets/scripts/manager/UIConfig.ts -> file:///D:/xuhang/guan_dan/assets/scripts/component/gameEndScoreRank/GameEndScoreRankItem.ts -> file:///D:/xuhang/guan_dan/assets/scripts/common/utils.ts
[warning][[Build.Script.Rollup]] Circular dependency: file:///D:/xuhang/guan_dan/assets/scripts/manager/GlobalData.ts -> file:///D:/xuhang/guan_dan/assets/scripts/manager/UIConfig.ts -> file:///D:/xuhang/guan_dan/assets/scripts/component/gameEndScoreRank/GameEndScoreRankItem.ts -> file:///D:/xuhang/guan_dan/assets/scripts/manager/GlobalData.ts
[warning][[Build.Script.Rollup]] Circular dependency: file:///D:/xuhang/guan_dan/assets/scripts/manager/UIConfig.ts -> file:///D:/xuhang/guan_dan/assets/scripts/component/gameEndScoreRank/GameEndScoreRankItem.ts -> file:///D:/xuhang/guan_dan/assets/scripts/manager/UIConfig.ts
[warning][[Build.Script.Rollup]] Circular dependency: file:///D:/xuhang/guan_dan/assets/scripts/manager/SoundManager.ts -> file:///D:/xuhang/guan_dan/assets/scripts/AppGlobal.ts -> file:///D:/xuhang/guan_dan/assets/scripts/common/utils.ts -> file:///D:/xuhang/guan_dan/assets/scripts/manager/GlobalData.ts -> file:///D:/xuhang/guan_dan/assets/scripts/manager/UIConfig.ts -> file:///D:/xuhang/guan_dan/assets/scripts/component/gameEndScore/GameEndScoreItem.ts -> file:///D:/xuhang/guan_dan/assets/scripts/manager/SoundManager.ts
[warning][[Build.Script.Rollup]] Circular dependency: file:///D:/xuhang/guan_dan/assets/scripts/manager/GlobalData.ts -> file:///D:/xuhang/guan_dan/assets/scripts/manager/UIConfig.ts -> file:///D:/xuhang/guan_dan/assets/scripts/component/gameEndScore/GameEndScoreItem.ts -> file:///D:/xuhang/guan_dan/assets/scripts/manager/GlobalData.ts
[warning][[Build.Script.Rollup]] Circular dependency: file:///D:/xuhang/guan_dan/assets/scripts/manager/SoundManager.ts -> file:///D:/xuhang/guan_dan/assets/scripts/AppGlobal.ts -> file:///D:/xuhang/guan_dan/assets/scripts/common/utils.ts -> file:///D:/xuhang/guan_dan/assets/scripts/manager/GlobalData.ts -> file:///D:/xuhang/guan_dan/assets/scripts/manager/UIConfig.ts -> file:///D:/xuhang/guan_dan/assets/scripts/component/gameEndKick/GameEndKickItem.ts -> file:///D:/xuhang/guan_dan/assets/scripts/manager/SoundManager.ts
[warning][[Build.Script.Rollup]] Circular dependency: file:///D:/xuhang/guan_dan/assets/scripts/common/utils.ts -> file:///D:/xuhang/guan_dan/assets/scripts/manager/GlobalData.ts -> file:///D:/xuhang/guan_dan/assets/scripts/manager/UIConfig.ts -> file:///D:/xuhang/guan_dan/assets/scripts/component/gameEndKick/GameEndKickItem.ts -> file:///D:/xuhang/guan_dan/assets/scripts/component/gameEndKick/GameEndKickHeadItem.ts -> file:///D:/xuhang/guan_dan/assets/scripts/common/utils.ts
[warning][[Build.Script.Rollup]] Circular dependency: file:///D:/xuhang/guan_dan/assets/scripts/manager/GlobalData.ts -> file:///D:/xuhang/guan_dan/assets/scripts/manager/UIConfig.ts -> file:///D:/xuhang/guan_dan/assets/scripts/component/gameEndKick/GameEndKickItem.ts -> file:///D:/xuhang/guan_dan/assets/scripts/manager/GlobalData.ts
[warning][[Build.Script.Rollup]] Circular dependency: file:///D:/xuhang/guan_dan/assets/scripts/manager/UIConfig.ts -> file:///D:/xuhang/guan_dan/assets/scripts/component/gameEndKick/GameEndKickItem.ts -> file:///D:/xuhang/guan_dan/assets/scripts/manager/UIConfig.ts
[warning][[Build.Script.Rollup]] Circular dependency: file:///D:/xuhang/guan_dan/assets/scripts/manager/SoundManager.ts -> file:///D:/xuhang/guan_dan/assets/scripts/AppGlobal.ts -> file:///D:/xuhang/guan_dan/assets/scripts/common/utils.ts -> file:///D:/xuhang/guan_dan/assets/scripts/manager/GlobalData.ts -> file:///D:/xuhang/guan_dan/assets/scripts/manager/UIConfig.ts -> file:///D:/xuhang/guan_dan/assets/scripts/component/gameEndKickUp/GameEndKickUpItem.ts -> file:///D:/xuhang/guan_dan/assets/scripts/manager/SoundManager.ts
[warning][[Build.Script.Rollup]] Circular dependency: file:///D:/xuhang/guan_dan/assets/scripts/manager/GlobalData.ts -> file:///D:/xuhang/guan_dan/assets/scripts/manager/UIConfig.ts -> file:///D:/xuhang/guan_dan/assets/scripts/component/gameEndKickUp/GameEndKickUpItem.ts -> file:///D:/xuhang/guan_dan/assets/scripts/manager/GlobalData.ts
[warning][[Build.Script.Rollup]] Circular dependency: file:///D:/xuhang/guan_dan/assets/scripts/manager/UIConfig.ts -> file:///D:/xuhang/guan_dan/assets/scripts/component/gameEndKickUp/GameEndKickUpItem.ts -> file:///D:/xuhang/guan_dan/assets/scripts/manager/UIConfig.ts
[warning][[Build.Script.Rollup]] Circular dependency: file:///D:/xuhang/guan_dan/assets/scripts/common/utils.ts -> file:///D:/xuhang/guan_dan/assets/scripts/manager/GlobalData.ts -> file:///D:/xuhang/guan_dan/assets/scripts/manager/UIConfig.ts -> file:///D:/xuhang/guan_dan/assets/scripts/component/gameEndKickUp/GameEndKickUpItem.ts -> file:///D:/xuhang/guan_dan/assets/scripts/common/utils.ts
[warning][[Build.Script.Rollup]] Circular dependency: file:///D:/xuhang/guan_dan/assets/scripts/manager/SoundManager.ts -> file:///D:/xuhang/guan_dan/assets/scripts/AppGlobal.ts -> file:///D:/xuhang/guan_dan/assets/scripts/common/utils.ts -> file:///D:/xuhang/guan_dan/assets/scripts/manager/GlobalData.ts -> file:///D:/xuhang/guan_dan/assets/scripts/manager/UIConfig.ts -> file:///D:/xuhang/guan_dan/assets/scripts/component/teamUp/TeamUpItem.ts -> file:///D:/xuhang/guan_dan/assets/scripts/manager/SoundManager.ts
[warning][[Build.Script.Rollup]] Circular dependency: file:///D:/xuhang/guan_dan/assets/scripts/common/utils.ts -> file:///D:/xuhang/guan_dan/assets/scripts/manager/GlobalData.ts -> file:///D:/xuhang/guan_dan/assets/scripts/manager/UIConfig.ts -> file:///D:/xuhang/guan_dan/assets/scripts/component/teamUp/TeamUpItem.ts -> file:///D:/xuhang/guan_dan/assets/scripts/common/utils.ts
[warning][[Build.Script.Rollup]] Circular dependency: file:///D:/xuhang/guan_dan/assets/scripts/manager/GlobalData.ts -> file:///D:/xuhang/guan_dan/assets/scripts/manager/UIConfig.ts -> file:///D:/xuhang/guan_dan/assets/scripts/component/teamUp/TeamUpItem.ts -> file:///D:/xuhang/guan_dan/assets/scripts/manager/GlobalData.ts
[warning][[Build.Script.Rollup]] Circular dependency: file:///D:/xuhang/guan_dan/assets/scripts/AppGlobal.ts -> file:///D:/xuhang/guan_dan/assets/scripts/common/utils.ts -> file:///D:/xuhang/guan_dan/assets/scripts/manager/GlobalData.ts -> file:///D:/xuhang/guan_dan/assets/scripts/manager/UIConfig.ts -> file:///D:/xuhang/guan_dan/assets/scripts/component/teamUp/TeamUpItem.ts -> file:///D:/xuhang/guan_dan/assets/scripts/AppGlobal.ts
[warning][[Build.Script.Rollup]] Circular dependency: file:///D:/xuhang/guan_dan/assets/scripts/manager/GlobalData.ts -> file:///D:/xuhang/guan_dan/assets/scripts/manager/UIConfig.ts -> file:///D:/xuhang/guan_dan/assets/scripts/component/raceScore/RaceScoreItem.ts -> file:///D:/xuhang/guan_dan/assets/scripts/manager/GlobalData.ts
[warning][[Build.Script.Rollup]] Circular dependency: file:///D:/xuhang/guan_dan/assets/scripts/manager/SoundManager.ts -> file:///D:/xuhang/guan_dan/assets/scripts/AppGlobal.ts -> file:///D:/xuhang/guan_dan/assets/scripts/common/utils.ts -> file:///D:/xuhang/guan_dan/assets/scripts/manager/GlobalData.ts -> file:///D:/xuhang/guan_dan/assets/scripts/manager/UIConfig.ts -> file:///D:/xuhang/guan_dan/assets/scripts/component/raceScore/RaceScoreItem.ts -> file:///D:/xuhang/guan_dan/assets/scripts/manager/SoundManager.ts
[warning][[Build.Script.Rollup]] Circular dependency: file:///D:/xuhang/guan_dan/assets/scripts/common/utils.ts -> file:///D:/xuhang/guan_dan/assets/scripts/manager/GlobalData.ts -> file:///D:/xuhang/guan_dan/assets/scripts/manager/UIConfig.ts -> file:///D:/xuhang/guan_dan/assets/scripts/component/raceScore/RaceScoreItem.ts -> file:///D:/xuhang/guan_dan/assets/scripts/common/utils.ts
[warning][[Build.Script.Rollup]] Circular dependency: file:///D:/xuhang/guan_dan/assets/scripts/manager/UIConfig.ts -> file:///D:/xuhang/guan_dan/assets/scripts/component/raceScore/RaceScoreItem.ts -> file:///D:/xuhang/guan_dan/assets/scripts/manager/UIConfig.ts
[warning][[Build.Script.Rollup]] Circular dependency: file:///D:/xuhang/guan_dan/assets/scripts/manager/GlobalData.ts -> file:///D:/xuhang/guan_dan/assets/scripts/manager/UIConfig.ts -> file:///D:/xuhang/guan_dan/assets/scripts/component/raceKick/RaceKickItem.ts -> file:///D:/xuhang/guan_dan/assets/scripts/manager/GlobalData.ts
[warning][[Build.Script.Rollup]] Circular dependency: file:///D:/xuhang/guan_dan/assets/scripts/manager/SoundManager.ts -> file:///D:/xuhang/guan_dan/assets/scripts/AppGlobal.ts -> file:///D:/xuhang/guan_dan/assets/scripts/common/utils.ts -> file:///D:/xuhang/guan_dan/assets/scripts/manager/GlobalData.ts -> file:///D:/xuhang/guan_dan/assets/scripts/manager/UIConfig.ts -> file:///D:/xuhang/guan_dan/assets/scripts/component/raceKick/RaceKickItem.ts -> file:///D:/xuhang/guan_dan/assets/scripts/manager/SoundManager.ts
[warning][[Build.Script.Rollup]] Circular dependency: file:///D:/xuhang/guan_dan/assets/scripts/common/utils.ts -> file:///D:/xuhang/guan_dan/assets/scripts/manager/GlobalData.ts -> file:///D:/xuhang/guan_dan/assets/scripts/manager/UIConfig.ts -> file:///D:/xuhang/guan_dan/assets/scripts/component/raceKick/RaceKickItem.ts -> file:///D:/xuhang/guan_dan/assets/scripts/common/utils.ts
[warning][[Build.Script.Rollup]] Circular dependency: file:///D:/xuhang/guan_dan/assets/scripts/manager/GlobalData.ts -> file:///D:/xuhang/guan_dan/assets/scripts/manager/UIConfig.ts -> file:///D:/xuhang/guan_dan/assets/scripts/component/raceKick/RaceKickItem.ts -> file:///D:/xuhang/guan_dan/assets/scripts/component/raceKick/RaceKickLineItem.ts -> file:///D:/xuhang/guan_dan/assets/scripts/manager/GlobalData.ts
[warning][[Build.Script.Rollup]] Circular dependency: file:///D:/xuhang/guan_dan/assets/scripts/manager/SoundManager.ts -> file:///D:/xuhang/guan_dan/assets/scripts/AppGlobal.ts -> file:///D:/xuhang/guan_dan/assets/scripts/common/utils.ts -> file:///D:/xuhang/guan_dan/assets/scripts/manager/GlobalData.ts -> file:///D:/xuhang/guan_dan/assets/scripts/manager/UIConfig.ts -> file:///D:/xuhang/guan_dan/assets/scripts/component/raceKick/RaceKickItem.ts -> file:///D:/xuhang/guan_dan/assets/scripts/component/raceKick/RaceKickLineItem.ts -> file:///D:/xuhang/guan_dan/assets/scripts/manager/SoundManager.ts
[warning][[Build.Script.Rollup]] Circular dependency: file:///D:/xuhang/guan_dan/assets/scripts/common/utils.ts -> file:///D:/xuhang/guan_dan/assets/scripts/manager/GlobalData.ts -> file:///D:/xuhang/guan_dan/assets/scripts/manager/UIConfig.ts -> file:///D:/xuhang/guan_dan/assets/scripts/component/raceKick/RaceKickItem.ts -> file:///D:/xuhang/guan_dan/assets/scripts/component/raceKick/RaceKickLineItem.ts -> file:///D:/xuhang/guan_dan/assets/scripts/common/utils.ts
[warning][[Build.Script.Rollup]] Circular dependency: file:///D:/xuhang/guan_dan/assets/scripts/manager/UIConfig.ts -> file:///D:/xuhang/guan_dan/assets/scripts/component/raceKick/RaceKickItem.ts -> file:///D:/xuhang/guan_dan/assets/scripts/manager/UIConfig.ts
[warning][[Build.Script.Rollup]] Circular dependency: file:///D:/xuhang/guan_dan/assets/scripts/manager/SoundManager.ts -> file:///D:/xuhang/guan_dan/assets/scripts/AppGlobal.ts -> file:///D:/xuhang/guan_dan/assets/scripts/common/utils.ts -> file:///D:/xuhang/guan_dan/assets/scripts/manager/GlobalData.ts -> file:///D:/xuhang/guan_dan/assets/scripts/manager/UIConfig.ts -> file:///D:/xuhang/guan_dan/assets/scripts/component/MessageBoxCommonTest.ts -> file:///D:/xuhang/guan_dan/assets/scripts/manager/SoundManager.ts
[warning][[Build.Script.Rollup]] Circular dependency: file:///D:/xuhang/guan_dan/assets/scripts/manager/SoundManager.ts -> file:///D:/xuhang/guan_dan/assets/scripts/AppGlobal.ts -> file:///D:/xuhang/guan_dan/assets/scripts/common/utils.ts -> file:///D:/xuhang/guan_dan/assets/scripts/manager/GlobalData.ts -> file:///D:/xuhang/guan_dan/assets/scripts/manager/UIConfig.ts -> file:///D:/xuhang/guan_dan/assets/scripts/component/CreateTeamItem.ts -> file:///D:/xuhang/guan_dan/assets/scripts/manager/SoundManager.ts
[warning][[Build.Script.Rollup]] Circular dependency: file:///D:/xuhang/guan_dan/assets/scripts/manager/SoundManager.ts -> file:///D:/xuhang/guan_dan/assets/scripts/AppGlobal.ts -> file:///D:/xuhang/guan_dan/assets/scripts/common/utils.ts -> file:///D:/xuhang/guan_dan/assets/scripts/manager/GlobalData.ts -> file:///D:/xuhang/guan_dan/assets/scripts/manager/UIConfig.ts -> file:///D:/xuhang/guan_dan/assets/scripts/component/gameStartNotice/GameStartNotice.ts -> file:///D:/xuhang/guan_dan/assets/scripts/manager/SoundManager.ts
[warning][[Build.Script.Rollup]] Circular dependency: file:///D:/xuhang/guan_dan/assets/scripts/common/utils.ts -> file:///D:/xuhang/guan_dan/assets/scripts/manager/GlobalData.ts -> file:///D:/xuhang/guan_dan/assets/scripts/manager/UIConfig.ts -> file:///D:/xuhang/guan_dan/assets/scripts/component/gameStartNotice/GameStartNotice.ts -> file:///D:/xuhang/guan_dan/assets/scripts/common/utils.ts
[warning][[Build.Script.Rollup]] Circular dependency: file:///D:/xuhang/guan_dan/assets/scripts/manager/SoundManager.ts -> file:///D:/xuhang/guan_dan/assets/scripts/AppGlobal.ts -> file:///D:/xuhang/guan_dan/assets/scripts/common/utils.ts -> file:///D:/xuhang/guan_dan/assets/scripts/manager/GlobalData.ts -> file:///D:/xuhang/guan_dan/assets/scripts/manager/UIConfig.ts -> file:///D:/xuhang/guan_dan/assets/scripts/component/gameStartNotice/FreeUpItem.ts -> file:///D:/xuhang/guan_dan/assets/scripts/manager/SoundManager.ts
[warning][[Build.Script.Rollup]] Circular dependency: file:///D:/xuhang/guan_dan/assets/scripts/manager/GlobalData.ts -> file:///D:/xuhang/guan_dan/assets/scripts/manager/UIConfig.ts -> file:///D:/xuhang/guan_dan/assets/scripts/component/gameStartNotice/FreeUpItem.ts -> file:///D:/xuhang/guan_dan/assets/scripts/manager/GlobalData.ts
[warning][[Build.Script.Rollup]] Circular dependency: file:///D:/xuhang/guan_dan/assets/scripts/manager/SoundManager.ts -> file:///D:/xuhang/guan_dan/assets/scripts/AppGlobal.ts -> file:///D:/xuhang/guan_dan/assets/scripts/common/utils.ts -> file:///D:/xuhang/guan_dan/assets/scripts/manager/GlobalData.ts -> file:///D:/xuhang/guan_dan/assets/scripts/manager/UIConfig.ts -> file:///D:/xuhang/guan_dan/assets/scripts/component/rankRace/RankRaceItem.ts -> file:///D:/xuhang/guan_dan/assets/scripts/manager/SoundManager.ts
[warning][[Build.Script.Rollup]] Circular dependency: file:///D:/xuhang/guan_dan/assets/scripts/manager/GlobalData.ts -> file:///D:/xuhang/guan_dan/assets/scripts/manager/UIConfig.ts -> file:///D:/xuhang/guan_dan/assets/scripts/component/rankRace/RankRaceItem.ts -> file:///D:/xuhang/guan_dan/assets/scripts/component/rankRace/RankRaceKickItem.ts -> file:///D:/xuhang/guan_dan/assets/scripts/manager/GlobalData.ts
[warning][[Build.Script.Rollup]] Circular dependency: file:///D:/xuhang/guan_dan/assets/scripts/manager/GlobalData.ts -> file:///D:/xuhang/guan_dan/assets/scripts/manager/UIConfig.ts -> file:///D:/xuhang/guan_dan/assets/scripts/component/rankRace/RankRaceItem.ts -> file:///D:/xuhang/guan_dan/assets/scripts/component/rankRace/RankRaceScoreItem.ts -> file:///D:/xuhang/guan_dan/assets/scripts/manager/GlobalData.ts
[warning][[Build.Script.Rollup]] Circular dependency: file:///D:/xuhang/guan_dan/assets/scripts/manager/GlobalData.ts -> file:///D:/xuhang/guan_dan/assets/scripts/manager/UIConfig.ts -> file:///D:/xuhang/guan_dan/assets/scripts/component/rankRace/RankRaceItem.ts -> file:///D:/xuhang/guan_dan/assets/scripts/component/rankRace/RankRaceAuditionItem.ts -> file:///D:/xuhang/guan_dan/assets/scripts/manager/GlobalData.ts
[warning][[Build.Script.Rollup]] Circular dependency: file:///D:/xuhang/guan_dan/assets/scripts/manager/GlobalData.ts -> file:///D:/xuhang/guan_dan/assets/scripts/manager/UIConfig.ts -> file:///D:/xuhang/guan_dan/assets/scripts/component/rank/RankKick.ts -> file:///D:/xuhang/guan_dan/assets/scripts/manager/GlobalData.ts
[warning][[Build.Script.Rollup]] Circular dependency: file:///D:/xuhang/guan_dan/assets/scripts/manager/SoundManager.ts -> file:///D:/xuhang/guan_dan/assets/scripts/AppGlobal.ts -> file:///D:/xuhang/guan_dan/assets/scripts/common/utils.ts -> file:///D:/xuhang/guan_dan/assets/scripts/manager/GlobalData.ts -> file:///D:/xuhang/guan_dan/assets/scripts/manager/UIConfig.ts -> file:///D:/xuhang/guan_dan/assets/scripts/component/rank/RankKick.ts -> file:///D:/xuhang/guan_dan/assets/scripts/manager/SoundManager.ts
[warning][[Build.Script.Rollup]] Circular dependency: file:///D:/xuhang/guan_dan/assets/scripts/manager/GlobalData.ts -> file:///D:/xuhang/guan_dan/assets/scripts/manager/UIConfig.ts -> file:///D:/xuhang/guan_dan/assets/scripts/component/raceAudition/RaceAuditionItem.ts -> file:///D:/xuhang/guan_dan/assets/scripts/manager/GlobalData.ts
[warning][[Build.Script.Rollup]] Circular dependency: file:///D:/xuhang/guan_dan/assets/scripts/manager/SoundManager.ts -> file:///D:/xuhang/guan_dan/assets/scripts/AppGlobal.ts -> file:///D:/xuhang/guan_dan/assets/scripts/common/utils.ts -> file:///D:/xuhang/guan_dan/assets/scripts/manager/GlobalData.ts -> file:///D:/xuhang/guan_dan/assets/scripts/manager/UIConfig.ts -> file:///D:/xuhang/guan_dan/assets/scripts/component/raceAudition/RaceAuditionItem.ts -> file:///D:/xuhang/guan_dan/assets/scripts/manager/SoundManager.ts
[warning][[Build.Script.Rollup]] Circular dependency: file:///D:/xuhang/guan_dan/assets/scripts/common/utils.ts -> file:///D:/xuhang/guan_dan/assets/scripts/manager/GlobalData.ts -> file:///D:/xuhang/guan_dan/assets/scripts/manager/UIConfig.ts -> file:///D:/xuhang/guan_dan/assets/scripts/component/raceAudition/RaceAuditionItem.ts -> file:///D:/xuhang/guan_dan/assets/scripts/common/utils.ts
[warning][[Build.Script.Rollup]] Circular dependency: file:///D:/xuhang/guan_dan/assets/scripts/manager/GlobalData.ts -> file:///D:/xuhang/guan_dan/assets/scripts/manager/UIConfig.ts -> file:///D:/xuhang/guan_dan/assets/scripts/component/rank/RankAuditionItem.ts -> file:///D:/xuhang/guan_dan/assets/scripts/manager/GlobalData.ts
[warning][[Build.Script.Rollup]] Circular dependency: file:///D:/xuhang/guan_dan/assets/scripts/manager/SoundManager.ts -> file:///D:/xuhang/guan_dan/assets/scripts/AppGlobal.ts -> file:///D:/xuhang/guan_dan/assets/scripts/common/utils.ts -> file:///D:/xuhang/guan_dan/assets/scripts/manager/GlobalData.ts -> file:///D:/xuhang/guan_dan/assets/scripts/manager/UIConfig.ts -> file:///D:/xuhang/guan_dan/assets/scripts/component/rank/RankAuditionItem.ts -> file:///D:/xuhang/guan_dan/assets/scripts/manager/SoundManager.ts
[warning][[Build.Script.Rollup]] Circular dependency: file:///D:/xuhang/guan_dan/assets/scripts/manager/SoundManager.ts -> file:///D:/xuhang/guan_dan/assets/scripts/AppGlobal.ts -> file:///D:/xuhang/guan_dan/assets/scripts/common/utils.ts -> file:///D:/xuhang/guan_dan/assets/scripts/manager/GlobalData.ts -> file:///D:/xuhang/guan_dan/assets/scripts/manager/UIConfig.ts -> file:///D:/xuhang/guan_dan/assets/scripts/component/gameEndAudition/GameEndAuditionItem.ts -> file:///D:/xuhang/guan_dan/assets/scripts/manager/SoundManager.ts
[warning][[Build.Script.Rollup]] Circular dependency: file:///D:/xuhang/guan_dan/assets/scripts/common/utils.ts -> file:///D:/xuhang/guan_dan/assets/scripts/manager/GlobalData.ts -> file:///D:/xuhang/guan_dan/assets/scripts/manager/UIConfig.ts -> file:///D:/xuhang/guan_dan/assets/scripts/component/gameEndAudition/GameEndAuditionItem.ts -> file:///D:/xuhang/guan_dan/assets/scripts/common/utils.ts
  
[warning][[Build.Script.Rollup]] Circular dependency: file:///D:/xuhang/guan_dan/assets/scripts/common/utils.ts -> file:///D:/xuhang/guan_dan/assets/scripts/manager/GlobalData.ts -> file:///D:/xuhang/guan_dan/assets/scripts/manager/UIConfig.ts -> file:///D:/xuhang/guan_dan/assets/scripts/component/SetingItem.ts -> file:///D:/xuhang/guan_dan/assets/scripts/common/utils.ts  
[warning][[Build.Script.Rollup]] Circular dependency: file:///D:/xuhang/guan_dan/assets/scripts/manager/SoundManager.ts -> file:///D:/xuhang/guan_dan/assets/scripts/AppGlobal.ts -> file:///D:/xuhang/guan_dan/assets/scripts/common/utils.ts -> file:///D:/xuhang/guan_dan/assets/scripts/manager/GlobalData.ts -> file:///D:/xuhang/guan_dan/assets/scripts/manager/UIConfig.ts -> file:///D:/xuhang/guan_dan/assets/scripts/component/SetingItem.ts -> file:///D:/xuhang/guan_dan/assets/scripts/manager/SoundManager.ts  
[warning][[Build.Script.Rollup]] Circular dependency: file:///D:/xuhang/guan_dan/assets/scripts/common/utils.ts -> file:///D:/xuhang/guan_dan/assets/scripts/manager/GlobalData.ts -> file:///D:/xuhang/guan_dan/assets/scripts/manager/UIConfig.ts -> file:///D:/xuhang/guan_dan/assets/scripts/component/SetingItem.ts -> file:///D:/xuhang/guan_dan/assets/scripts/manager/UIManager.ts -> file:///D:/xuhang/guan_dan/assets/scripts/common/utils.ts  
[warning][[Build.Script.Rollup]] Circular dependency: file:///D:/xuhang/guan_dan/assets/scripts/manager/UIConfig.ts -> file:///D:/xuhang/guan_dan/assets/scripts/component/SetingItem.ts -> file:///D:/xuhang/guan_dan/assets/scripts/manager/UIManager.ts -> file:///D:/xuhang/guan_dan/assets/scripts/manager/UIConfig.ts  
[warning][[Build.Script.Rollup]] Circular dependency: file:///D:/xuhang/guan_dan/assets/scripts/manager/UIConfig.ts -> file:///D:/xuhang/guan_dan/assets/scripts/component/SetingItem.ts -> file:///D:/xuhang/guan_dan/assets/scripts/manager/UIConfig.ts  
[warning][[Build.Script.Rollup]] Circular dependency: file:///D:/xuhang/guan_dan/assets/scripts/manager/GlobalData.ts -> file:///D:/xuhang/guan_dan/assets/scripts/manager/UIConfig.ts -> file:///D:/xuhang/guan_dan/assets/scripts/component/SetingItem.ts -> file:///D:/xuhang/guan_dan/assets/scripts/manager/GlobalData.ts  
[warning][[Build.Script.Rollup]] Circular dependency: file:///D:/xuhang/guan_dan/assets/scripts/manager/SoundManager.ts -> file:///D:/xuhang/guan_dan/assets/scripts/AppGlobal.ts -> file:///D:/xuhang/guan_dan/assets/scripts/common/utils.ts -> file:///D:/xuhang/guan_dan/assets/scripts/manager/GlobalData.ts -> file:///D:/xuhang/guan_dan/assets/scripts/manager/UIConfig.ts -> file:///D:/xuhang/guan_dan/assets/scripts/component/RuleItem.ts -> file:///D:/xuhang/guan_dan/assets/scripts/manager/SoundManager.ts  
[warning][[Build.Script.Rollup]] Circular dependency: file:///D:/xuhang/guan_dan/assets/scripts/manager/GlobalData.ts -> file:///D:/xuhang/guan_dan/assets/scripts/manager/UIConfig.ts -> file:///D:/xuhang/guan_dan/assets/scripts/component/team/TeamItem.ts -> file:///D:/xuhang/guan_dan/assets/scripts/manager/GlobalData.ts  
[warning][[Build.Script.Rollup]] Circular dependency: file:///D:/xuhang/guan_dan/assets/scripts/manager/UIConfig.ts -> file:///D:/xuhang/guan_dan/assets/scripts/component/room/KeyBoardItem.ts -> file:///D:/xuhang/guan_dan/assets/scripts/manager/UIConfig.ts  
[warning][[Build.Script.Rollup]] Circular dependency: file:///D:/xuhang/guan_dan/assets/scripts/manager/SoundManager.ts -> file:///D:/xuhang/guan_dan/assets/scripts/AppGlobal.ts -> file:///D:/xuhang/guan_dan/assets/scripts/common/utils.ts -> file:///D:/xuhang/guan_dan/assets/scripts/manager/GlobalData.ts -> file:///D:/xuhang/guan_dan/assets/scripts/manager/UIConfig.ts -> file:///D:/xuhang/guan_dan/assets/scripts/component/room/CreateRoomItem.ts -> file:///D:/xuhang/guan_dan/assets/scripts/manager/SoundManager.ts  
[warning][[Build.Script.Rollup]] Circular dependency: file:///D:/xuhang/guan_dan/assets/scripts/manager/GlobalData.ts -> file:///D:/xuhang/guan_dan/assets/scripts/manager/UIConfig.ts -> file:///D:/xuhang/guan_dan/assets/scripts/component/room/CreateRoomItem.ts -> file:///D:/xuhang/guan_dan/assets/scripts/manager/GlobalData.ts  
[warning][[Build.Script.Rollup]] Circular dependency: file:///D:/xuhang/guan_dan/assets/scripts/manager/SoundManager.ts -> file:///D:/xuhang/guan_dan/assets/scripts/AppGlobal.ts -> file:///D:/xuhang/guan_dan/assets/scripts/common/utils.ts -> file:///D:/xuhang/guan_dan/assets/scripts/manager/GlobalData.ts -> file:///D:/xuhang/guan_dan/assets/scripts/manager/UIConfig.ts -> file:///D:/xuhang/guan_dan/assets/scripts/component/gameEndFree/GameEndFreeItem.ts -> file:///D:/xuhang/guan_dan/assets/scripts/manager/SoundManager.ts  
[warning][[Build.Script.Rollup]] Circular dependency: file:///D:/xuhang/guan_dan/assets/scripts/common/utils.ts -> file:///D:/xuhang/guan_dan/assets/scripts/manager/GlobalData.ts -> file:///D:/xuhang/guan_dan/assets/scripts/manager/UIConfig.ts -> file:///D:/xuhang/guan_dan/assets/scripts/component/gameEndFree/GameEndFreeItem.ts -> file:///D:/xuhang/guan_dan/assets/scripts/component/gameEndFree/GameEndFreeHeadItem.ts -> file:///D:/xuhang/guan_dan/assets/scripts/common/utils.ts  
[warning][[Build.Script.Rollup]] Circular dependency: file:///D:/xuhang/guan_dan/assets/scripts/manager/GlobalData.ts -> file:///D:/xuhang/guan_dan/assets/scripts/manager/UIConfig.ts -> file:///D:/xuhang/guan_dan/assets/scripts/component/gameEndFree/GameEndFreeItem.ts -> file:///D:/xuhang/guan_dan/assets/scripts/component/gameEndFree/GameEndFreeHeadItem.ts -> file:///D:/xuhang/guan_dan/assets/scripts/manager/GlobalData.ts  
[warning][[Build.Script.Rollup]] Circular dependency: file:///D:/xuhang/guan_dan/assets/scripts/common/utils.ts -> file:///D:/xuhang/guan_dan/assets/scripts/manager/GlobalData.ts -> file:///D:/xuhang/guan_dan/assets/scripts/manager/UIConfig.ts -> file:///D:/xuhang/guan_dan/assets/scripts/component/gameEndFree/GameEndFreeItem.ts -> file:///D:/xuhang/guan_dan/assets/scripts/common/utils.ts  
[warning][[Build.Script.Rollup]] Circular dependency: file:///D:/xuhang/guan_dan/assets/scripts/common/utils.ts -> file:///D:/xuhang/guan_dan/assets/scripts/manager/GlobalData.ts -> file:///D:/xuhang/guan_dan/assets/scripts/manager/UIConfig.ts -> file:///D:/xuhang/guan_dan/assets/scripts/component/gameEndFree/GameEndFreeItem.ts -> file:///D:/xuhang/guan_dan/assets/scripts/component/game/GameLogic.ts -> file:///D:/xuhang/guan_dan/assets/scripts/common/utils.ts  
[warning][[Build.Script.Rollup]] Circular dependency: file:///D:/xuhang/guan_dan/assets/scripts/manager/GlobalData.ts -> file:///D:/xuhang/guan_dan/assets/scripts/manager/UIConfig.ts -> file:///D:/xuhang/guan_dan/assets/scripts/component/gameEndFree/GameEndFreeItem.ts -> file:///D:/xuhang/guan_dan/assets/scripts/component/game/GameLogic.ts -> file:///D:/xuhang/guan_dan/assets/scripts/manager/GlobalData.ts  
[warning][[Build.Script.Rollup]] Circular dependency: file:///D:/xuhang/guan_dan/assets/scripts/manager/SoundManager.ts -> file:///D:/xuhang/guan_dan/assets/scripts/AppGlobal.ts -> file:///D:/xuhang/guan_dan/assets/scripts/common/utils.ts -> file:///D:/xuhang/guan_dan/assets/scripts/manager/GlobalData.ts -> file:///D:/xuhang/guan_dan/assets/scripts/manager/UIConfig.ts -> file:///D:/xuhang/guan_dan/assets/scripts/component/gameEndFree/GameEndFreeItem.ts -> file:///D:/xuhang/guan_dan/assets/scripts/component/game/GameLogic.ts -> file:///D:/xuhang/guan_dan/assets/scripts/manager/SoundManager.ts  
[warning][[Build.Script.Rollup]] Circular dependency: file:///D:/xuhang/guan_dan/assets/scripts/manager/UIConfig.ts -> file:///D:/xuhang/guan_dan/assets/scripts/component/gameEndFree/GameEndFreeItem.ts -> file:///D:/xuhang/guan_dan/assets/scripts/manager/UIConfig.ts  
[warning][[Build.Script.Rollup]] Circular dependency: file:///D:/xuhang/guan_dan/assets/scripts/manager/GlobalData.ts -> file:///D:/xuhang/guan_dan/assets/scripts/manager/UIConfig.ts -> file:///D:/xuhang/guan_dan/assets/scripts/component/gameEndFree/GameEndFreeItem.ts -> file:///D:/xuhang/guan_dan/assets/scripts/manager/GlobalData.ts  
[warning][[Build.Script.Rollup]] Circular dependency: file:///D:/xuhang/guan_dan/assets/scripts/common/utils.ts -> file:///D:/xuhang/guan_dan/assets/scripts/manager/GlobalData.ts -> file:///D:/xuhang/guan_dan/assets/scripts/manager/UIConfig.ts -> file:///D:/xuhang/guan_dan/assets/scripts/component/gameEndFree/GameEndFreeItem.ts -> file:///D:/xuhang/guan_dan/assets/scripts/manager/GameSocket.ts -> file:///D:/xuhang/guan_dan/assets/scripts/common/utils.ts  
[warning][[Build.Script.Rollup]] Circular dependency: file:///D:/xuhang/guan_dan/assets/scripts/common/utils.ts -> file:///D:/xuhang/guan_dan/assets/scripts/manager/GlobalData.ts -> file:///D:/xuhang/guan_dan/assets/scripts/manager/UIConfig.ts -> file:///D:/xuhang/guan_dan/assets/scripts/component/gameEndFree/GameEndFreeItem.ts -> file:///D:/xuhang/guan_dan/assets/scripts/manager/GameSocket.ts -> file:///D:/xuhang/guan_dan/assets/scripts/common/websocket.ts -> file:///D:/xuhang/guan_dan/assets/scripts/common/utils.ts  
[warning][[Build.Script.Rollup]] Circular dependency: file:///D:/xuhang/guan_dan/assets/scripts/manager/GlobalData.ts -> file:///D:/xuhang/guan_dan/assets/scripts/manager/UIConfig.ts -> file:///D:/xuhang/guan_dan/assets/scripts/component/gameEndFree/GameEndFreeItem.ts -> file:///D:/xuhang/guan_dan/assets/scripts/manager/GameSocket.ts -> file:///D:/xuhang/guan_dan/assets/scripts/manager/GlobalData.ts  
[warning][[Build.Script.Rollup]] Circular dependency: file:///D:/xuhang/guan_dan/assets/scripts/manager/UIConfig.ts -> file:///D:/xuhang/guan_dan/assets/scripts/component/gameEndFree/GameEndFreeItem.ts -> file:///D:/xuhang/guan_dan/assets/scripts/manager/GameSocket.ts -> file:///D:/xuhang/guan_dan/assets/scripts/manager/UIConfig.ts  
[warning][[Build.Script.Rollup]] Circular dependency: file:///D:/xuhang/guan_dan/assets/scripts/manager/SoundManager.ts -> file:///D:/xuhang/guan_dan/assets/scripts/AppGlobal.ts -> file:///D:/xuhang/guan_dan/assets/scripts/common/utils.ts -> file:///D:/xuhang/guan_dan/assets/scripts/manager/GlobalData.ts -> file:///D:/xuhang/guan_dan/assets/scripts/manager/UIConfig.ts -> file:///D:/xuhang/guan_dan/assets/scripts/component/gameEndScoreRank/GameEndScoreRankItem.ts -> file:///D:/xuhang/guan_dan/assets/scripts/component/rank/RankScore.ts -> file:///D:/xuhang/guan_dan/assets/scripts/manager/SoundManager.ts  
[warning][[Build.Script.Rollup]] Circular dependency: file:///D:/xuhang/guan_dan/assets/scripts/manager/GlobalData.ts -> file:///D:/xuhang/guan_dan/assets/scripts/manager/UIConfig.ts -> file:///D:/xuhang/guan_dan/assets/scripts/component/gameEndScoreRank/GameEndScoreRankItem.ts -> file:///D:/xuhang/guan_dan/assets/scripts/component/rank/RankScore.ts -> file:///D:/xuhang/guan_dan/assets/scripts/component/rank/RankScorePerson.ts -> file:///D:/xuhang/guan_dan/assets/scripts/manager/GlobalData.ts  
[warning][[Build.Script.Rollup]] Circular dependency: file:///D:/xuhang/guan_dan/assets/scripts/common/utils.ts -> file:///D:/xuhang/guan_dan/assets/scripts/manager/GlobalData.ts -> file:///D:/xuhang/guan_dan/assets/scripts/manager/UIConfig.ts -> file:///D:/xuhang/guan_dan/assets/scripts/component/gameEndScoreRank/GameEndScoreRankItem.ts -> file:///D:/xuhang/guan_dan/assets/scripts/component/rank/RankScore.ts -> file:///D:/xuhang/guan_dan/assets/scripts/component/rank/RankScorePerson.ts -> file:///D:/xuhang/guan_dan/assets/scripts/component/rank/RankScorePersonSelfLine.ts -> file:///D:/xuhang/guan_dan/assets/scripts/component/LobbyUserHeadItem.ts -> file:///D:/xuhang/guan_dan/assets/scripts/common/utils.ts  
[warning][[Build.Script.Rollup]] Circular dependency: file:///D:/xuhang/guan_dan/assets/scripts/manager/GlobalData.ts -> file:///D:/xuhang/guan_dan/assets/scripts/manager/UIConfig.ts -> file:///D:/xuhang/guan_dan/assets/scripts/component/gameEndScoreRank/GameEndScoreRankItem.ts -> file:///D:/xuhang/guan_dan/assets/scripts/component/rank/RankScore.ts -> file:///D:/xuhang/guan_dan/assets/scripts/component/rank/RankScorePerson.ts -> file:///D:/xuhang/guan_dan/assets/scripts/component/rank/RankScorePersonSelfLine.ts -> file:///D:/xuhang/guan_dan/assets/scripts/component/LobbyUserHeadItem.ts -> file:///D:/xuhang/guan_dan/assets/scripts/manager/GlobalData.ts  
[warning][[Build.Script.Rollup]] Circular dependency: file:///D:/xuhang/guan_dan/assets/scripts/manager/GlobalData.ts -> file:///D:/xuhang/guan_dan/assets/scripts/manager/UIConfig.ts -> file:///D:/xuhang/guan_dan/assets/scripts/component/gameEndScoreRank/GameEndScoreRankItem.ts -> file:///D:/xuhang/guan_dan/assets/scripts/component/rank/RankScore.ts -> file:///D:/xuhang/guan_dan/assets/scripts/component/rank/RankScoreTeam.ts -> file:///D:/xuhang/guan_dan/assets/scripts/manager/GlobalData.ts  
[warning][[Build.Script.Rollup]] Circular dependency: file:///D:/xuhang/guan_dan/assets/scripts/manager/SoundManager.ts -> file:///D:/xuhang/guan_dan/assets/scripts/AppGlobal.ts -> file:///D:/xuhang/guan_dan/assets/scripts/common/utils.ts -> file:///D:/xuhang/guan_dan/assets/scripts/manager/GlobalData.ts -> file:///D:/xuhang/guan_dan/assets/scripts/manager/UIConfig.ts -> file:///D:/xuhang/guan_dan/assets/scripts/component/gameEndScoreRank/GameEndScoreRankItem.ts -> file:///D:/xuhang/guan_dan/assets/scripts/manager/SoundManager.ts  
[warning][[Build.Script.Rollup]] Circular dependency: file:///D:/xuhang/guan_dan/assets/scripts/manager/GlobalData.ts -> file:///D:/xuhang/guan_dan/assets/scripts/manager/UIConfig.ts -> file:///D:/xuhang/guan_dan/assets/scripts/component/gameEndScoreRank/GameEndScoreRankItem.ts -> file:///D:/xuhang/guan_dan/assets/scripts/component/gameEndScoreRank/GameEndScoreRankPerson.ts -> file:///D:/xuhang/guan_dan/assets/scripts/manager/GlobalData.ts  
[warning][[Build.Script.Rollup]] Circular dependency: file:///D:/xuhang/guan_dan/assets/scripts/manager/GlobalData.ts -> file:///D:/xuhang/guan_dan/assets/scripts/manager/UIConfig.ts -> file:///D:/xuhang/guan_dan/assets/scripts/component/gameEndScoreRank/GameEndScoreRankItem.ts -> file:///D:/xuhang/guan_dan/assets/scripts/component/gameEndScoreRank/GameEndScoreRankTeam.ts -> file:///D:/xuhang/guan_dan/assets/scripts/manager/GlobalData.ts  
[warning][[Build.Script.Rollup]] Circular dependency: file:///D:/xuhang/guan_dan/assets/scripts/common/utils.ts -> file:///D:/xuhang/guan_dan/assets/scripts/manager/GlobalData.ts -> file:///D:/xuhang/guan_dan/assets/scripts/manager/UIConfig.ts -> file:///D:/xuhang/guan_dan/assets/scripts/component/gameEndScoreRank/GameEndScoreRankItem.ts -> file:///D:/xuhang/guan_dan/assets/scripts/common/utils.ts  
[warning][[Build.Script.Rollup]] Circular dependency: file:///D:/xuhang/guan_dan/assets/scripts/manager/GlobalData.ts -> file:///D:/xuhang/guan_dan/assets/scripts/manager/UIConfig.ts -> file:///D:/xuhang/guan_dan/assets/scripts/component/gameEndScoreRank/GameEndScoreRankItem.ts -> file:///D:/xuhang/guan_dan/assets/scripts/manager/GlobalData.ts  
[warning][[Build.Script.Rollup]] Circular dependency: file:///D:/xuhang/guan_dan/assets/scripts/manager/UIConfig.ts -> file:///D:/xuhang/guan_dan/assets/scripts/component/gameEndScoreRank/GameEndScoreRankItem.ts -> file:///D:/xuhang/guan_dan/assets/scripts/manager/UIConfig.ts  
[warning][[Build.Script.Rollup]] Circular dependency: file:///D:/xuhang/guan_dan/assets/scripts/manager/SoundManager.ts -> file:///D:/xuhang/guan_dan/assets/scripts/AppGlobal.ts -> file:///D:/xuhang/guan_dan/assets/scripts/common/utils.ts -> file:///D:/xuhang/guan_dan/assets/scripts/manager/GlobalData.ts -> file:///D:/xuhang/guan_dan/assets/scripts/manager/UIConfig.ts -> file:///D:/xuhang/guan_dan/assets/scripts/component/gameEndScore/GameEndScoreItem.ts -> file:///D:/xuhang/guan_dan/assets/scripts/manager/SoundManager.ts  
[warning][[Build.Script.Rollup]] Circular dependency: file:///D:/xuhang/guan_dan/assets/scripts/manager/GlobalData.ts -> file:///D:/xuhang/guan_dan/assets/scripts/manager/UIConfig.ts -> file:///D:/xuhang/guan_dan/assets/scripts/component/gameEndScore/GameEndScoreItem.ts -> file:///D:/xuhang/guan_dan/assets/scripts/manager/GlobalData.ts  
[warning][[Build.Script.Rollup]] Circular dependency: file:///D:/xuhang/guan_dan/assets/scripts/manager/SoundManager.ts -> file:///D:/xuhang/guan_dan/assets/scripts/AppGlobal.ts -> file:///D:/xuhang/guan_dan/assets/scripts/common/utils.ts -> file:///D:/xuhang/guan_dan/assets/scripts/manager/GlobalData.ts -> file:///D:/xuhang/guan_dan/assets/scripts/manager/UIConfig.ts -> file:///D:/xuhang/guan_dan/assets/scripts/component/gameEndKick/GameEndKickItem.ts -> file:///D:/xuhang/guan_dan/assets/scripts/manager/SoundManager.ts  
[warning][[Build.Script.Rollup]] Circular dependency: file:///D:/xuhang/guan_dan/assets/scripts/common/utils.ts -> file:///D:/xuhang/guan_dan/assets/scripts/manager/GlobalData.ts -> file:///D:/xuhang/guan_dan/assets/scripts/manager/UIConfig.ts -> file:///D:/xuhang/guan_dan/assets/scripts/component/gameEndKick/GameEndKickItem.ts -> file:///D:/xuhang/guan_dan/assets/scripts/component/gameEndKick/GameEndKickHeadItem.ts -> file:///D:/xuhang/guan_dan/assets/scripts/common/utils.ts  
[warning][[Build.Script.Rollup]] Circular dependency: file:///D:/xuhang/guan_dan/assets/scripts/manager/GlobalData.ts -> file:///D:/xuhang/guan_dan/assets/scripts/manager/UIConfig.ts -> file:///D:/xuhang/guan_dan/assets/scripts/component/gameEndKick/GameEndKickItem.ts -> file:///D:/xuhang/guan_dan/assets/scripts/manager/GlobalData.ts  
[warning][[Build.Script.Rollup]] Circular dependency: file:///D:/xuhang/guan_dan/assets/scripts/manager/UIConfig.ts -> file:///D:/xuhang/guan_dan/assets/scripts/component/gameEndKick/GameEndKickItem.ts -> file:///D:/xuhang/guan_dan/assets/scripts/manager/UIConfig.ts  
[warning][[Build.Script.Rollup]] Circular dependency: file:///D:/xuhang/guan_dan/assets/scripts/manager/SoundManager.ts -> file:///D:/xuhang/guan_dan/assets/scripts/AppGlobal.ts -> file:///D:/xuhang/guan_dan/assets/scripts/common/utils.ts -> file:///D:/xuhang/guan_dan/assets/scripts/manager/GlobalData.ts -> file:///D:/xuhang/guan_dan/assets/scripts/manager/UIConfig.ts -> file:///D:/xuhang/guan_dan/assets/scripts/component/gameEndKickUp/GameEndKickUpItem.ts -> file:///D:/xuhang/guan_dan/assets/scripts/manager/SoundManager.ts  
[warning][[Build.Script.Rollup]] Circular dependency: file:///D:/xuhang/guan_dan/assets/scripts/manager/GlobalData.ts -> file:///D:/xuhang/guan_dan/assets/scripts/manager/UIConfig.ts -> file:///D:/xuhang/guan_dan/assets/scripts/component/gameEndKickUp/GameEndKickUpItem.ts -> file:///D:/xuhang/guan_dan/assets/scripts/manager/GlobalData.ts  
[warning][[Build.Script.Rollup]] Circular dependency: file:///D:/xuhang/guan_dan/assets/scripts/manager/UIConfig.ts -> file:///D:/xuhang/guan_dan/assets/scripts/component/gameEndKickUp/GameEndKickUpItem.ts -> file:///D:/xuhang/guan_dan/assets/scripts/manager/UIConfig.ts  
[warning][[Build.Script.Rollup]] Circular dependency: file:///D:/xuhang/guan_dan/assets/scripts/common/utils.ts -> file:///D:/xuhang/guan_dan/assets/scripts/manager/GlobalData.ts -> file:///D:/xuhang/guan_dan/assets/scripts/manager/UIConfig.ts -> file:///D:/xuhang/guan_dan/assets/scripts/component/gameEndKickUp/GameEndKickUpItem.ts -> file:///D:/xuhang/guan_dan/assets/scripts/common/utils.ts  
[warning][[Build.Script.Rollup]] Circular dependency: file:///D:/xuhang/guan_dan/assets/scripts/manager/SoundManager.ts -> file:///D:/xuhang/guan_dan/assets/scripts/AppGlobal.ts -> file:///D:/xuhang/guan_dan/assets/scripts/common/utils.ts -> file:///D:/xuhang/guan_dan/assets/scripts/manager/GlobalData.ts -> file:///D:/xuhang/guan_dan/assets/scripts/manager/UIConfig.ts -> file:///D:/xuhang/guan_dan/assets/scripts/component/teamUp/TeamUpItem.ts -> file:///D:/xuhang/guan_dan/assets/scripts/manager/SoundManager.ts  
[warning][[Build.Script.Rollup]] Circular dependency: file:///D:/xuhang/guan_dan/assets/scripts/common/utils.ts -> file:///D:/xuhang/guan_dan/assets/scripts/manager/GlobalData.ts -> file:///D:/xuhang/guan_dan/assets/scripts/manager/UIConfig.ts -> file:///D:/xuhang/guan_dan/assets/scripts/component/teamUp/TeamUpItem.ts -> file:///D:/xuhang/guan_dan/assets/scripts/common/utils.ts  
[warning][[Build.Script.Rollup]] Circular dependency: file:///D:/xuhang/guan_dan/assets/scripts/manager/GlobalData.ts -> file:///D:/xuhang/guan_dan/assets/scripts/manager/UIConfig.ts -> file:///D:/xuhang/guan_dan/assets/scripts/component/teamUp/TeamUpItem.ts -> file:///D:/xuhang/guan_dan/assets/scripts/manager/GlobalData.ts  
[warning][[Build.Script.Rollup]] Circular dependency: file:///D:/xuhang/guan_dan/assets/scripts/AppGlobal.ts -> file:///D:/xuhang/guan_dan/assets/scripts/common/utils.ts -> file:///D:/xuhang/guan_dan/assets/scripts/manager/GlobalData.ts -> file:///D:/xuhang/guan_dan/assets/scripts/manager/UIConfig.ts -> file:///D:/xuhang/guan_dan/assets/scripts/component/teamUp/TeamUpItem.ts -> file:///D:/xuhang/guan_dan/assets/scripts/AppGlobal.ts  
[warning][[Build.Script.Rollup]] Circular dependency: file:///D:/xuhang/guan_dan/assets/scripts/manager/GlobalData.ts -> file:///D:/xuhang/guan_dan/assets/scripts/manager/UIConfig.ts -> file:///D:/xuhang/guan_dan/assets/scripts/component/raceScore/RaceScoreItem.ts -> file:///D:/xuhang/guan_dan/assets/scripts/manager/GlobalData.ts  
[warning][[Build.Script.Rollup]] Circular dependency: file:///D:/xuhang/guan_dan/assets/scripts/manager/SoundManager.ts -> file:///D:/xuhang/guan_dan/assets/scripts/AppGlobal.ts -> file:///D:/xuhang/guan_dan/assets/scripts/common/utils.ts -> file:///D:/xuhang/guan_dan/assets/scripts/manager/GlobalData.ts -> file:///D:/xuhang/guan_dan/assets/scripts/manager/UIConfig.ts -> file:///D:/xuhang/guan_dan/assets/scripts/component/raceScore/RaceScoreItem.ts -> file:///D:/xuhang/guan_dan/assets/scripts/manager/SoundManager.ts  
[warning][[Build.Script.Rollup]] Circular dependency: file:///D:/xuhang/guan_dan/assets/scripts/common/utils.ts -> file:///D:/xuhang/guan_dan/assets/scripts/manager/GlobalData.ts -> file:///D:/xuhang/guan_dan/assets/scripts/manager/UIConfig.ts -> file:///D:/xuhang/guan_dan/assets/scripts/component/raceScore/RaceScoreItem.ts -> file:///D:/xuhang/guan_dan/assets/scripts/common/utils.ts  
[warning][[Build.Script.Rollup]] Circular dependency: file:///D:/xuhang/guan_dan/assets/scripts/manager/UIConfig.ts -> file:///D:/xuhang/guan_dan/assets/scripts/component/raceScore/RaceScoreItem.ts -> file:///D:/xuhang/guan_dan/assets/scripts/manager/UIConfig.ts  
[warning][[Build.Script.Rollup]] Circular dependency: file:///D:/xuhang/guan_dan/assets/scripts/manager/GlobalData.ts -> file:///D:/xuhang/guan_dan/assets/scripts/manager/UIConfig.ts -> file:///D:/xuhang/guan_dan/assets/scripts/component/raceKick/RaceKickItem.ts -> file:///D:/xuhang/guan_dan/assets/scripts/manager/GlobalData.ts  
[warning][[Build.Script.Rollup]] Circular dependency: file:///D:/xuhang/guan_dan/assets/scripts/manager/SoundManager.ts -> file:///D:/xuhang/guan_dan/assets/scripts/AppGlobal.ts -> file:///D:/xuhang/guan_dan/assets/scripts/common/utils.ts -> file:///D:/xuhang/guan_dan/assets/scripts/manager/GlobalData.ts -> file:///D:/xuhang/guan_dan/assets/scripts/manager/UIConfig.ts -> file:///D:/xuhang/guan_dan/assets/scripts/component/raceKick/RaceKickItem.ts -> file:///D:/xuhang/guan_dan/assets/scripts/manager/SoundManager.ts  
[warning][[Build.Script.Rollup]] Circular dependency: file:///D:/xuhang/guan_dan/assets/scripts/common/utils.ts -> file:///D:/xuhang/guan_dan/assets/scripts/manager/GlobalData.ts -> file:///D:/xuhang/guan_dan/assets/scripts/manager/UIConfig.ts -> file:///D:/xuhang/guan_dan/assets/scripts/component/raceKick/RaceKickItem.ts -> file:///D:/xuhang/guan_dan/assets/scripts/common/utils.ts  
[warning][[Build.Script.Rollup]] Circular dependency: file:///D:/xuhang/guan_dan/assets/scripts/manager/GlobalData.ts -> file:///D:/xuhang/guan_dan/assets/scripts/manager/UIConfig.ts -> file:///D:/xuhang/guan_dan/assets/scripts/component/raceKick/RaceKickItem.ts -> file:///D:/xuhang/guan_dan/assets/scripts/component/raceKick/RaceKickLineItem.ts -> file:///D:/xuhang/guan_dan/assets/scripts/manager/GlobalData.ts  
[warning][[Build.Script.Rollup]] Circular dependency: file:///D:/xuhang/guan_dan/assets/scripts/manager/SoundManager.ts -> file:///D:/xuhang/guan_dan/assets/scripts/AppGlobal.ts -> file:///D:/xuhang/guan_dan/assets/scripts/common/utils.ts -> file:///D:/xuhang/guan_dan/assets/scripts/manager/GlobalData.ts -> file:///D:/xuhang/guan_dan/assets/scripts/manager/UIConfig.ts -> file:///D:/xuhang/guan_dan/assets/scripts/component/raceKick/RaceKickItem.ts -> file:///D:/xuhang/guan_dan/assets/scripts/component/raceKick/RaceKickLineItem.ts -> file:///D:/xuhang/guan_dan/assets/scripts/manager/SoundManager.ts  
[warning][[Build.Script.Rollup]] Circular dependency: file:///D:/xuhang/guan_dan/assets/scripts/common/utils.ts -> file:///D:/xuhang/guan_dan/assets/scripts/manager/GlobalData.ts -> file:///D:/xuhang/guan_dan/assets/scripts/manager/UIConfig.ts -> file:///D:/xuhang/guan_dan/assets/scripts/component/raceKick/RaceKickItem.ts -> file:///D:/xuhang/guan_dan/assets/scripts/component/raceKick/RaceKickLineItem.ts -> file:///D:/xuhang/guan_dan/assets/scripts/common/utils.ts  
[warning][[Build.Script.Rollup]] Circular dependency: file:///D:/xuhang/guan_dan/assets/scripts/manager/UIConfig.ts -> file:///D:/xuhang/guan_dan/assets/scripts/component/raceKick/RaceKickItem.ts -> file:///D:/xuhang/guan_dan/assets/scripts/manager/UIConfig.ts  
[warning][[Build.Script.Rollup]] Circular dependency: file:///D:/xuhang/guan_dan/assets/scripts/manager/SoundManager.ts -> file:///D:/xuhang/guan_dan/assets/scripts/AppGlobal.ts -> file:///D:/xuhang/guan_dan/assets/scripts/common/utils.ts -> file:///D:/xuhang/guan_dan/assets/scripts/manager/GlobalData.ts -> file:///D:/xuhang/guan_dan/assets/scripts/manager/UIConfig.ts -> file:///D:/xuhang/guan_dan/assets/scripts/component/MessageBoxCommonTest.ts -> file:///D:/xuhang/guan_dan/assets/scripts/manager/SoundManager.ts  
[warning][[Build.Script.Rollup]] Circular dependency: file:///D:/xuhang/guan_dan/assets/scripts/manager/SoundManager.ts -> file:///D:/xuhang/guan_dan/assets/scripts/AppGlobal.ts -> file:///D:/xuhang/guan_dan/assets/scripts/common/utils.ts -> file:///D:/xuhang/guan_dan/assets/scripts/manager/GlobalData.ts -> file:///D:/xuhang/guan_dan/assets/scripts/manager/UIConfig.ts -> file:///D:/xuhang/guan_dan/assets/scripts/component/CreateTeamItem.ts -> file:///D:/xuhang/guan_dan/assets/scripts/manager/SoundManager.ts  
[warning][[Build.Script.Rollup]] Circular dependency: file:///D:/xuhang/guan_dan/assets/scripts/manager/SoundManager.ts -> file:///D:/xuhang/guan_dan/assets/scripts/AppGlobal.ts -> file:///D:/xuhang/guan_dan/assets/scripts/common/utils.ts -> file:///D:/xuhang/guan_dan/assets/scripts/manager/GlobalData.ts -> file:///D:/xuhang/guan_dan/assets/scripts/manager/UIConfig.ts -> file:///D:/xuhang/guan_dan/assets/scripts/component/gameStartNotice/GameStartNotice.ts -> file:///D:/xuhang/guan_dan/assets/scripts/manager/SoundManager.ts  
[warning][[Build.Script.Rollup]] Circular dependency: file:///D:/xuhang/guan_dan/assets/scripts/common/utils.ts -> file:///D:/xuhang/guan_dan/assets/scripts/manager/GlobalData.ts -> file:///D:/xuhang/guan_dan/assets/scripts/manager/UIConfig.ts -> file:///D:/xuhang/guan_dan/assets/scripts/component/gameStartNotice/GameStartNotice.ts -> file:///D:/xuhang/guan_dan/assets/scripts/common/utils.ts  
[warning][[Build.Script.Rollup]] Circular dependency: file:///D:/xuhang/guan_dan/assets/scripts/manager/SoundManager.ts -> file:///D:/xuhang/guan_dan/assets/scripts/AppGlobal.ts -> file:///D:/xuhang/guan_dan/assets/scripts/common/utils.ts -> file:///D:/xuhang/guan_dan/assets/scripts/manager/GlobalData.ts -> file:///D:/xuhang/guan_dan/assets/scripts/manager/UIConfig.ts -> file:///D:/xuhang/guan_dan/assets/scripts/component/gameStartNotice/FreeUpItem.ts -> file:///D:/xuhang/guan_dan/assets/scripts/manager/SoundManager.ts  
[warning][[Build.Script.Rollup]] Circular dependency: file:///D:/xuhang/guan_dan/assets/scripts/manager/GlobalData.ts -> file:///D:/xuhang/guan_dan/assets/scripts/manager/UIConfig.ts -> file:///D:/xuhang/guan_dan/assets/scripts/component/gameStartNotice/FreeUpItem.ts -> file:///D:/xuhang/guan_dan/assets/scripts/manager/GlobalData.ts  
[warning][[Build.Script.Rollup]] Circular dependency: file:///D:/xuhang/guan_dan/assets/scripts/manager/SoundManager.ts -> file:///D:/xuhang/guan_dan/assets/scripts/AppGlobal.ts -> file:///D:/xuhang/guan_dan/assets/scripts/common/utils.ts -> file:///D:/xuhang/guan_dan/assets/scripts/manager/GlobalData.ts -> file:///D:/xuhang/guan_dan/assets/scripts/manager/UIConfig.ts -> file:///D:/xuhang/guan_dan/assets/scripts/component/rankRace/RankRaceItem.ts -> file:///D:/xuhang/guan_dan/assets/scripts/manager/SoundManager.ts  
[warning][[Build.Script.Rollup]] Circular dependency: file:///D:/xuhang/guan_dan/assets/scripts/manager/GlobalData.ts -> file:///D:/xuhang/guan_dan/assets/scripts/manager/UIConfig.ts -> file:///D:/xuhang/guan_dan/assets/scripts/component/rankRace/RankRaceItem.ts -> file:///D:/xuhang/guan_dan/assets/scripts/component/rankRace/RankRaceKickItem.ts -> file:///D:/xuhang/guan_dan/assets/scripts/manager/GlobalData.ts  
[warning][[Build.Script.Rollup]] Circular dependency: file:///D:/xuhang/guan_dan/assets/scripts/manager/GlobalData.ts -> file:///D:/xuhang/guan_dan/assets/scripts/manager/UIConfig.ts -> file:///D:/xuhang/guan_dan/assets/scripts/component/rankRace/RankRaceItem.ts -> file:///D:/xuhang/guan_dan/assets/scripts/component/rankRace/RankRaceScoreItem.ts -> file:///D:/xuhang/guan_dan/assets/scripts/manager/GlobalData.ts  
[warning][[Build.Script.Rollup]] Circular dependency: file:///D:/xuhang/guan_dan/assets/scripts/manager/GlobalData.ts -> file:///D:/xuhang/guan_dan/assets/scripts/manager/UIConfig.ts -> file:///D:/xuhang/guan_dan/assets/scripts/component/rankRace/RankRaceItem.ts -> file:///D:/xuhang/guan_dan/assets/scripts/component/rankRace/RankRaceAuditionItem.ts -> file:///D:/xuhang/guan_dan/assets/scripts/manager/GlobalData.ts  
[warning][[Build.Script.Rollup]] Circular dependency: file:///D:/xuhang/guan_dan/assets/scripts/manager/GlobalData.ts -> file:///D:/xuhang/guan_dan/assets/scripts/manager/UIConfig.ts -> file:///D:/xuhang/guan_dan/assets/scripts/component/rank/RankKick.ts -> file:///D:/xuhang/guan_dan/assets/scripts/manager/GlobalData.ts  
[warning][[Build.Script.Rollup]] Circular dependency: file:///D:/xuhang/guan_dan/assets/scripts/manager/SoundManager.ts -> file:///D:/xuhang/guan_dan/assets/scripts/AppGlobal.ts -> file:///D:/xuhang/guan_dan/assets/scripts/common/utils.ts -> file:///D:/xuhang/guan_dan/assets/scripts/manager/GlobalData.ts -> file:///D:/xuhang/guan_dan/assets/scripts/manager/UIConfig.ts -> file:///D:/xuhang/guan_dan/assets/scripts/component/rank/RankKick.ts -> file:///D:/xuhang/guan_dan/assets/scripts/manager/SoundManager.ts  
[warning][[Build.Script.Rollup]] Circular dependency: file:///D:/xuhang/guan_dan/assets/scripts/manager/GlobalData.ts -> file:///D:/xuhang/guan_dan/assets/scripts/manager/UIConfig.ts -> file:///D:/xuhang/guan_dan/assets/scripts/component/raceAudition/RaceAuditionItem.ts -> file:///D:/xuhang/guan_dan/assets/scripts/manager/GlobalData.ts  
[warning][[Build.Script.Rollup]] Circular dependency: file:///D:/xuhang/guan_dan/assets/scripts/manager/SoundManager.ts -> file:///D:/xuhang/guan_dan/assets/scripts/AppGlobal.ts -> file:///D:/xuhang/guan_dan/assets/scripts/common/utils.ts -> file:///D:/xuhang/guan_dan/assets/scripts/manager/GlobalData.ts -> file:///D:/xuhang/guan_dan/assets/scripts/manager/UIConfig.ts -> file:///D:/xuhang/guan_dan/assets/scripts/component/raceAudition/RaceAuditionItem.ts -> file:///D:/xuhang/guan_dan/assets/scripts/manager/SoundManager.ts  
[warning][[Build.Script.Rollup]] Circular dependency: file:///D:/xuhang/guan_dan/assets/scripts/common/utils.ts -> file:///D:/xuhang/guan_dan/assets/scripts/manager/GlobalData.ts -> file:///D:/xuhang/guan_dan/assets/scripts/manager/UIConfig.ts -> file:///D:/xuhang/guan_dan/assets/scripts/component/raceAudition/RaceAuditionItem.ts -> file:///D:/xuhang/guan_dan/assets/scripts/common/utils.ts  
[warning][[Build.Script.Rollup]] Circular dependency: file:///D:/xuhang/guan_dan/assets/scripts/manager/GlobalData.ts -> file:///D:/xuhang/guan_dan/assets/scripts/manager/UIConfig.ts -> file:///D:/xuhang/guan_dan/assets/scripts/component/rank/RankAuditionItem.ts -> file:///D:/xuhang/guan_dan/assets/scripts/manager/GlobalData.ts  
[warning][[Build.Script.Rollup]] Circular dependency: file:///D:/xuhang/guan_dan/assets/scripts/manager/SoundManager.ts -> file:///D:/xuhang/guan_dan/assets/scripts/AppGlobal.ts -> file:///D:/xuhang/guan_dan/assets/scripts/common/utils.ts -> file:///D:/xuhang/guan_dan/assets/scripts/manager/GlobalData.ts -> file:///D:/xuhang/guan_dan/assets/scripts/manager/UIConfig.ts -> file:///D:/xuhang/guan_dan/assets/scripts/component/rank/RankAuditionItem.ts -> file:///D:/xuhang/guan_dan/assets/scripts/manager/SoundManager.ts  
[warning][[Build.Script.Rollup]] Circular dependency: file:///D:/xuhang/guan_dan/assets/scripts/manager/SoundManager.ts -> file:///D:/xuhang/guan_dan/assets/scripts/AppGlobal.ts -> file:///D:/xuhang/guan_dan/assets/scripts/common/utils.ts -> file:///D:/xuhang/guan_dan/assets/scripts/manager/GlobalData.ts -> file:///D:/xuhang/guan_dan/assets/scripts/manager/UIConfig.ts -> file:///D:/xuhang/guan_dan/assets/scripts/component/gameEndAudition/GameEndAuditionItem.ts -> file:///D:/xuhang/guan_dan/assets/scripts/manager/SoundManager.ts  
[warning][[Build.Script.Rollup]] Circular dependency: file:///D:/xuhang/guan_dan/assets/scripts/common/utils.ts -> file:///D:/xuhang/guan_dan/assets/scripts/manager/GlobalData.ts -> file:///D:/xuhang/guan_dan/assets/scripts/manager/UIConfig.ts -> file:///D:/xuhang/guan_dan/assets/scripts/component/gameEndAudition/GameEndAuditionItem.ts -> file:///D:/xuhang/guan_dan/assets/scripts/common/utils.ts  
  
at Object.encode (C:\ProgramData\cocos\editors\Creator\3.6.0\resources\app.asar\node_modules\@base\electron-worker\node_modules\v-stacks\index.js:14:17)  
at Logger._logHandler (C:\ProgramData\cocos\editors\Creator\3.6.0\resources\app.asar\node_modules\@base\electron-worker\static\script.ccc:1:531)  
at Logger.record (C:\ProgramData\cocos\editors\Creator\3.6.0\resources\app.asar\node_modules\@base\electron-logger\lib\renderer.ccc:1:458)  
at Object.warn (C:\ProgramData\cocos\editors\Creator\3.6.0\resources\app.asar\node_modules\@base\electron-logger\lib\renderer.ccc:1:1260)  
at NewConsole.warn (C:\ProgramData\cocos\editors\Creator\3.6.0\resources\app.asar\builtin\builder\dist\worker\console.ccc:1:1306)  
at Socket.<anonymous> (C:\ProgramData\cocos\editors\Creator\3.6.0\resources\app.asar\builtin\builder\dist\worker\worker-pools\sub-process-manager.ccc:1:2640)  
at Socket.emit (events.js:315:20)  
at addChunk (internal/streams/readable.js:309:12)  
at readableAddChunk (internal/streams/readable.js:284:9)  
at Socket.Readable.push (internal/streams/readable.js:223:10)
2025-08-30T13:51:26.486Z - warn: [Build] [build-script][[Build.Script.Rollup]] Circular dependency: file:///D:/xuhang/guan_dan/assets/scripts/manager/UIConfig.ts -> file:///D:/xuhang/guan_dan/assets/scripts/component/gameEndAudition/GameEndAuditionItem.ts -> file:///D:/xuhang/guan_dan/assets/scripts/manager/UIConfig.ts
[warning][[Build.Script.Rollup]] Circular dependency: file:///D:/xuhang/guan_dan/assets/scripts/manager/GlobalData.ts -> file:///D:/xuhang/guan_dan/assets/scripts/manager/UIConfig.ts -> file:///D:/xuhang/guan_dan/assets/scripts/component/gameEndAudition/GameEndAuditionItem.ts -> file:///D:/xuhang/guan_dan/assets/scripts/manager/GlobalData.ts
[warning][[Build.Script.Rollup]] Circular dependency: file:///D:/xuhang/guan_dan/assets/scripts/common/utils.ts -> file:///D:/xuhang/guan_dan/assets/scripts/manager/GlobalData.ts -> file:///D:/xuhang/guan_dan/assets/scripts/manager/UIConfig.ts -> file:///D:/xuhang/guan_dan/assets/scripts/component/gameEndAudition/GameEndAuditionItem.ts -> file:///D:/xuhang/guan_dan/assets/scripts/component/gameEndAudition/GameEndAuditionHeadItem.ts -> file:///D:/xuhang/guan_dan/assets/scripts/common/utils.ts
[warning][[Build.Script.Rollup]] Circular dependency: file:///D:/xuhang/guan_dan/assets/scripts/manager/SoundManager.ts -> file:///D:/xuhang/guan_dan/assets/scripts/AppGlobal.ts -> file:///D:/xuhang/guan_dan/assets/scripts/common/utils.ts -> file:///D:/xuhang/guan_dan/assets/scripts/manager/GlobalData.ts -> file:///D:/xuhang/guan_dan/assets/scripts/manager/UIConfig.ts -> file:///D:/xuhang/guan_dan/assets/scripts/component/match/FreeMatchItem.ts -> file:///D:/xuhang/guan_dan/assets/scripts/manager/SoundManager.ts
[warning][[Build.Script.Rollup]] Circular dependency: file:///D:/xuhang/guan_dan/assets/scripts/manager/GlobalData.ts -> file:///D:/xuhang/guan_dan/assets/scripts/manager/UIConfig.ts -> file:///D:/xuhang/guan_dan/assets/scripts/component/match/FreeMatchItem.ts -> file:///D:/xuhang/guan_dan/assets/scripts/manager/GlobalData.ts
[warning][[Build.Script.Rollup]] Circular dependency: file:///D:/xuhang/guan_dan/assets/scripts/manager/SoundManager.ts -> file:///D:/xuhang/guan_dan/assets/scripts/AppGlobal.ts -> file:///D:/xuhang/guan_dan/assets/scripts/common/utils.ts -> file:///D:/xuhang/guan_dan/assets/scripts/manager/GlobalData.ts -> file:///D:/xuhang/guan_dan/assets/scripts/manager/UIConfig.ts -> file:///D:/xuhang/guan_dan/assets/scripts/component/match/AuditionMatchItem.ts -> file:///D:/xuhang/guan_dan/assets/scripts/manager/SoundManager.ts
[warning][[Build.Script.Rollup]] Circular dependency: file:///D:/xuhang/guan_dan/assets/scripts/manager/GlobalData.ts -> file:///D:/xuhang/guan_dan/assets/scripts/manager/UIConfig.ts -> file:///D:/xuhang/guan_dan/assets/scripts/component/match/AuditionMatchItem.ts -> file:///D:/xuhang/guan_dan/assets/scripts/manager/GlobalData.ts
[warning][[Build.Script.Rollup]] Circular dependency: file:///D:/xuhang/guan_dan/assets/scripts/manager/UIConfig.ts -> file:///D:/xuhang/guan_dan/assets/scripts/component/activity/signInViewItem.ts -> file:///D:/xuhang/guan_dan/assets/scripts/manager/UIConfig.ts
[warning][[Build.Script.Rollup]] Circular dependency: file:///D:/xuhang/guan_dan/assets/scripts/manager/GlobalData.ts -> file:///D:/xuhang/guan_dan/assets/scripts/manager/UIConfig.ts -> file:///D:/xuhang/guan_dan/assets/scripts/component/activity/shareViewItem.ts -> file:///D:/xuhang/guan_dan/assets/scripts/manager/GlobalData.ts
[warning][[Build.Script.Rollup]] Circular dependency: file:///D:/xuhang/guan_dan/assets/scripts/manager/UIConfig.ts -> file:///D:/xuhang/guan_dan/assets/scripts/component/activity/shareViewItem.ts -> file:///D:/xuhang/guan_dan/assets/scripts/manager/UIConfig.ts
[warning][[Build.Script.Rollup]] Circular dependency: file:///D:/xuhang/guan_dan/assets/scripts/manager/GlobalData.ts -> file:///D:/xuhang/guan_dan/assets/scripts/manager/UIConfig.ts -> file:///D:/xuhang/guan_dan/assets/scripts/component/GetItem.ts -> file:///D:/xuhang/guan_dan/assets/scripts/manager/GlobalData.ts
[warning][[Build.Script.Rollup]] Circular dependency: file:///D:/xuhang/guan_dan/assets/scripts/common/utils.ts -> file:///D:/xuhang/guan_dan/assets/scripts/manager/GlobalData.ts -> file:///D:/xuhang/guan_dan/assets/scripts/manager/UIConfig.ts -> file:///D:/xuhang/guan_dan/assets/scripts/component/GetItem.ts -> file:///D:/xuhang/guan_dan/assets/scripts/common/utils.ts
[warning][[Build.Script.Rollup]] Circular dependency: file:///D:/xuhang/guan_dan/assets/scripts/manager/UIConfig.ts -> file:///D:/xuhang/guan_dan/assets/scripts/component/activity/exchangeViewItem.ts -> file:///D:/xuhang/guan_dan/assets/scripts/manager/UIConfig.ts
[warning][[Build.Script.Rollup]] Circular dependency: file:///D:/xuhang/guan_dan/assets/scripts/manager/GlobalData.ts -> file:///D:/xuhang/guan_dan/assets/scripts/manager/UIConfig.ts -> file:///D:/xuhang/guan_dan/assets/scripts/component/activity/exchangeViewItem.ts -> file:///D:/xuhang/guan_dan/assets/scripts/manager/GlobalData.ts
[warning][[Build.Script.Rollup]] Circular dependency: file:///D:/xuhang/guan_dan/assets/scripts/common/utils.ts -> file:///D:/xuhang/guan_dan/assets/scripts/manager/GlobalData.ts -> file:///D:/xuhang/guan_dan/assets/scripts/manager/UIConfig.ts -> file:///D:/xuhang/guan_dan/assets/scripts/component/activity/exchangeViewItem.ts -> file:///D:/xuhang/guan_dan/assets/scripts/common/utils.ts
[warning][[Build.Script.Rollup]] Circular dependency: file:///D:/xuhang/guan_dan/assets/scripts/manager/GlobalData.ts -> file:///D:/xuhang/guan_dan/assets/scripts/manager/UIConfig.ts -> file:///D:/xuhang/guan_dan/assets/scripts/component/activity/exchangeRecordViewItem.ts -> file:///D:/xuhang/guan_dan/assets/scripts/manager/GlobalData.ts
[warning][[Build.Script.Rollup]] Circular dependency: file:///D:/xuhang/guan_dan/assets/scripts/manager/GlobalData.ts -> file:///D:/xuhang/guan_dan/assets/scripts/manager/UIConfig.ts -> file:///D:/xuhang/guan_dan/assets/scripts/component/activity/shareRecordViewItem.ts -> file:///D:/xuhang/guan_dan/assets/scripts/manager/GlobalData.ts
[warning][[Build.Script.Rollup]] Circular dependency: file:///D:/xuhang/guan_dan/assets/scripts/common/utils.ts -> file:///D:/xuhang/guan_dan/assets/scripts/manager/GlobalData.ts -> file:///D:/xuhang/guan_dan/assets/scripts/manager/UIConfig.ts -> file:///D:/xuhang/guan_dan/assets/scripts/component/activity/shareRecordViewItem.ts -> file:///D:/xuhang/guan_dan/assets/scripts/common/utils.ts
[warning][[Build.Script.Rollup]] Circular dependency: file:///D:/xuhang/guan_dan/assets/scripts/component/activity/activityViewItem.ts -> file:///D:/xuhang/guan_dan/assets/scripts/manager/SoundManager.ts -> file:///D:/xuhang/guan_dan/assets/scripts/AppGlobal.ts -> file:///D:/xuhang/guan_dan/assets/scripts/common/utils.ts -> file:///D:/xuhang/guan_dan/assets/scripts/manager/GlobalData.ts -> file:///D:/xuhang/guan_dan/assets/scripts/manager/UIConfig.ts -> file:///D:/xuhang/guan_dan/assets/scripts/component/activity/activityViewItem.ts
[warning][[Build.Script.Rollup]] Circular dependency: file:///D:/xuhang/guan_dan/assets/scripts/manager/SoundManager.ts -> file:///D:/xuhang/guan_dan/assets/scripts/AppGlobal.ts -> file:///D:/xuhang/guan_dan/assets/scripts/platform/platform.ts -> file:///D:/xuhang/guan_dan/assets/scripts/manager/SoundManager.ts
[Build] [build-script][[Build.Script.Rollup]] Circular dependency: file:///D:/xuhang/guan_dan/assets/scripts/manager/UIConfig.ts -> file:///D:/xuhang/guan_dan/assets/scripts/component/gameEndAudition/GameEndAuditionItem.ts -> file:///D:/xuhang/guan_dan/assets/scripts/manager/UIConfig.ts
[warning][[Build.Script.Rollup]] Circular dependency: file:///D:/xuhang/guan_dan/assets/scripts/manager/GlobalData.ts -> file:///D:/xuhang/guan_dan/assets/scripts/manager/UIConfig.ts -> file:///D:/xuhang/guan_dan/assets/scripts/component/gameEndAudition/GameEndAuditionItem.ts -> file:///D:/xuhang/guan_dan/assets/scripts/manager/GlobalData.ts
[warning][[Build.Script.Rollup]] Circular dependency: file:///D:/xuhang/guan_dan/assets/scripts/common/utils.ts -> file:///D:/xuhang/guan_dan/assets/scripts/manager/GlobalData.ts -> file:///D:/xuhang/guan_dan/assets/scripts/manager/UIConfig.ts -> file:///D:/xuhang/guan_dan/assets/scripts/component/gameEndAudition/GameEndAuditionItem.ts -> file:///D:/xuhang/guan_dan/assets/scripts/component/gameEndAudition/GameEndAuditionHeadItem.ts -> file:///D:/xuhang/guan_dan/assets/scripts/common/utils.ts
[warning][[Build.Script.Rollup]] Circular dependency: file:///D:/xuhang/guan_dan/assets/scripts/manager/SoundManager.ts -> file:///D:/xuhang/guan_dan/assets/scripts/AppGlobal.ts -> file:///D:/xuhang/guan_dan/assets/scripts/common/utils.ts -> file:///D:/xuhang/guan_dan/assets/scripts/manager/GlobalData.ts -> file:///D:/xuhang/guan_dan/assets/scripts/manager/UIConfig.ts -> file:///D:/xuhang/guan_dan/assets/scripts/component/match/FreeMatchItem.ts -> file:///D:/xuhang/guan_dan/assets/scripts/manager/SoundManager.ts
[warning][[Build.Script.Rollup]] Circular dependency: file:///D:/xuhang/guan_dan/assets/scripts/manager/GlobalData.ts -> file:///D:/xuhang/guan_dan/assets/scripts/manager/UIConfig.ts -> file:///D:/xuhang/guan_dan/assets/scripts/component/match/FreeMatchItem.ts -> file:///D:/xuhang/guan_dan/assets/scripts/manager/GlobalData.ts
[warning][[Build.Script.Rollup]] Circular dependency: file:///D:/xuhang/guan_dan/assets/scripts/manager/SoundManager.ts -> file:///D:/xuhang/guan_dan/assets/scripts/AppGlobal.ts -> file:///D:/xuhang/guan_dan/assets/scripts/common/utils.ts -> file:///D:/xuhang/guan_dan/assets/scripts/manager/GlobalData.ts -> file:///D:/xuhang/guan_dan/assets/scripts/manager/UIConfig.ts -> file:///D:/xuhang/guan_dan/assets/scripts/component/match/AuditionMatchItem.ts -> file:///D:/xuhang/guan_dan/assets/scripts/manager/SoundManager.ts
[warning][[Build.Script.Rollup]] Circular dependency: file:///D:/xuhang/guan_dan/assets/scripts/manager/GlobalData.ts -> file:///D:/xuhang/guan_dan/assets/scripts/manager/UIConfig.ts -> file:///D:/xuhang/guan_dan/assets/scripts/component/match/AuditionMatchItem.ts -> file:///D:/xuhang/guan_dan/assets/scripts/manager/GlobalData.ts
[warning][[Build.Script.Rollup]] Circular dependency: file:///D:/xuhang/guan_dan/assets/scripts/manager/UIConfig.ts -> file:///D:/xuhang/guan_dan/assets/scripts/component/activity/signInViewItem.ts -> file:///D:/xuhang/guan_dan/assets/scripts/manager/UIConfig.ts
[warning][[Build.Script.Rollup]] Circular dependency: file:///D:/xuhang/guan_dan/assets/scripts/manager/GlobalData.ts -> file:///D:/xuhang/guan_dan/assets/scripts/manager/UIConfig.ts -> file:///D:/xuhang/guan_dan/assets/scripts/component/activity/shareViewItem.ts -> file:///D:/xuhang/guan_dan/assets/scripts/manager/GlobalData.ts
[warning][[Build.Script.Rollup]] Circular dependency: file:///D:/xuhang/guan_dan/assets/scripts/manager/UIConfig.ts -> file:///D:/xuhang/guan_dan/assets/scripts/component/activity/shareViewItem.ts -> file:///D:/xuhang/guan_dan/assets/scripts/manager/UIConfig.ts
[warning][[Build.Script.Rollup]] Circular dependency: file:///D:/xuhang/guan_dan/assets/scripts/manager/GlobalData.ts -> file:///D:/xuhang/guan_dan/assets/scripts/manager/UIConfig.ts -> file:///D:/xuhang/guan_dan/assets/scripts/component/GetItem.ts -> file:///D:/xuhang/guan_dan/assets/scripts/manager/GlobalData.ts
[warning][[Build.Script.Rollup]] Circular dependency: file:///D:/xuhang/guan_dan/assets/scripts/common/utils.ts -> file:///D:/xuhang/guan_dan/assets/scripts/manager/GlobalData.ts -> file:///D:/xuhang/guan_dan/assets/scripts/manager/UIConfig.ts -> file:///D:/xuhang/guan_dan/assets/scripts/component/GetItem.ts -> file:///D:/xuhang/guan_dan/assets/scripts/common/utils.ts
[warning][[Build.Script.Rollup]] Circular dependency: file:///D:/xuhang/guan_dan/assets/scripts/manager/UIConfig.ts -> file:///D:/xuhang/guan_dan/assets/scripts/component/activity/exchangeViewItem.ts -> file:///D:/xuhang/guan_dan/assets/scripts/manager/UIConfig.ts
[warning][[Build.Script.Rollup]] Circular dependency: file:///D:/xuhang/guan_dan/assets/scripts/manager/GlobalData.ts -> file:///D:/xuhang/guan_dan/assets/scripts/manager/UIConfig.ts -> file:///D:/xuhang/guan_dan/assets/scripts/component/activity/exchangeViewItem.ts -> file:///D:/xuhang/guan_dan/assets/scripts/manager/GlobalData.ts
[warning][[Build.Script.Rollup]] Circular dependency: file:///D:/xuhang/guan_dan/assets/scripts/common/utils.ts -> file:///D:/xuhang/guan_dan/assets/scripts/manager/GlobalData.ts -> file:///D:/xuhang/guan_dan/assets/scripts/manager/UIConfig.ts -> file:///D:/xuhang/guan_dan/assets/scripts/component/activity/exchangeViewItem.ts -> file:///D:/xuhang/guan_dan/assets/scripts/common/utils.ts
[warning][[Build.Script.Rollup]] Circular dependency: file:///D:/xuhang/guan_dan/assets/scripts/manager/GlobalData.ts -> file:///D:/xuhang/guan_dan/assets/scripts/manager/UIConfig.ts -> file:///D:/xuhang/guan_dan/assets/scripts/component/activity/exchangeRecordViewItem.ts -> file:///D:/xuhang/guan_dan/assets/scripts/manager/GlobalData.ts
[warning][[Build.Script.Rollup]] Circular dependency: file:///D:/xuhang/guan_dan/assets/scripts/manager/GlobalData.ts -> file:///D:/xuhang/guan_dan/assets/scripts/manager/UIConfig.ts -> file:///D:/xuhang/guan_dan/assets/scripts/component/activity/shareRecordViewItem.ts -> file:///D:/xuhang/guan_dan/assets/scripts/manager/GlobalData.ts
[warning][[Build.Script.Rollup]] Circular dependency: file:///D:/xuhang/guan_dan/assets/scripts/common/utils.ts -> file:///D:/xuhang/guan_dan/assets/scripts/manager/GlobalData.ts -> file:///D:/xuhang/guan_dan/assets/scripts/manager/UIConfig.ts -> file:///D:/xuhang/guan_dan/assets/scripts/component/activity/shareRecordViewItem.ts -> file:///D:/xuhang/guan_dan/assets/scripts/common/utils.ts
[warning][[Build.Script.Rollup]] Circular dependency: file:///D:/xuhang/guan_dan/assets/scripts/component/activity/activityViewItem.ts -> file:///D:/xuhang/guan_dan/assets/scripts/manager/SoundManager.ts -> file:///D:/xuhang/guan_dan/assets/scripts/AppGlobal.ts -> file:///D:/xuhang/guan_dan/assets/scripts/common/utils.ts -> file:///D:/xuhang/guan_dan/assets/scripts/manager/GlobalData.ts -> file:///D:/xuhang/guan_dan/assets/scripts/manager/UIConfig.ts -> file:///D:/xuhang/guan_dan/assets/scripts/component/activity/activityViewItem.ts
[warning][[Build.Script.Rollup]] Circular dependency: file:///D:/xuhang/guan_dan/assets/scripts/manager/SoundManager.ts -> file:///D:/xuhang/guan_dan/assets/scripts/AppGlobal.ts -> file:///D:/xuhang/guan_dan/assets/scripts/platform/platform.ts -> file:///D:/xuhang/guan_dan/assets/scripts/manager/SoundManager.ts
  
[warning][[Build.Script.Rollup]] Circular dependency: file:///D:/xuhang/guan_dan/assets/scripts/manager/SoundManager.ts -> file:///D:/xuhang/guan_dan/assets/scripts/AppGlobal.ts -> file:///D:/xuhang/guan_dan/assets/scripts/common/utils.ts -> file:///D:/xuhang/guan_dan/assets/scripts/manager/GlobalData.ts -> file:///D:/xuhang/guan_dan/assets/scripts/manager/UIConfig.ts -> file:///D:/xuhang/guan_dan/assets/scripts/component/match/AuditionMatchItem.ts -> file:///D:/xuhang/guan_dan/assets/scripts/manager/SoundManager.ts  
[warning][[Build.Script.Rollup]] Circular dependency: file:///D:/xuhang/guan_dan/assets/scripts/manager/GlobalData.ts -> file:///D:/xuhang/guan_dan/assets/scripts/manager/UIConfig.ts -> file:///D:/xuhang/guan_dan/assets/scripts/component/match/AuditionMatchItem.ts -> file:///D:/xuhang/guan_dan/assets/scripts/manager/GlobalData.ts  
[warning][[Build.Script.Rollup]] Circular dependency: file:///D:/xuhang/guan_dan/assets/scripts/manager/UIConfig.ts -> file:///D:/xuhang/guan_dan/assets/scripts/component/activity/signInViewItem.ts -> file:///D:/xuhang/guan_dan/assets/scripts/manager/UIConfig.ts  
[warning][[Build.Script.Rollup]] Circular dependency: file:///D:/xuhang/guan_dan/assets/scripts/manager/GlobalData.ts -> file:///D:/xuhang/guan_dan/assets/scripts/manager/UIConfig.ts -> file:///D:/xuhang/guan_dan/assets/scripts/component/activity/shareViewItem.ts -> file:///D:/xuhang/guan_dan/assets/scripts/manager/GlobalData.ts  
[warning][[Build.Script.Rollup]] Circular dependency: file:///D:/xuhang/guan_dan/assets/scripts/manager/UIConfig.ts -> file:///D:/xuhang/guan_dan/assets/scripts/component/activity/shareViewItem.ts -> file:///D:/xuhang/guan_dan/assets/scripts/manager/UIConfig.ts  
[warning][[Build.Script.Rollup]] Circular dependency: file:///D:/xuhang/guan_dan/assets/scripts/manager/GlobalData.ts -> file:///D:/xuhang/guan_dan/assets/scripts/manager/UIConfig.ts -> file:///D:/xuhang/guan_dan/assets/scripts/component/GetItem.ts -> file:///D:/xuhang/guan_dan/assets/scripts/manager/GlobalData.ts  
[warning][[Build.Script.Rollup]] Circular dependency: file:///D:/xuhang/guan_dan/assets/scripts/common/utils.ts -> file:///D:/xuhang/guan_dan/assets/scripts/manager/GlobalData.ts -> file:///D:/xuhang/guan_dan/assets/scripts/manager/UIConfig.ts -> file:///D:/xuhang/guan_dan/assets/scripts/component/GetItem.ts -> file:///D:/xuhang/guan_dan/assets/scripts/common/utils.ts  
[warning][[Build.Script.Rollup]] Circular dependency: file:///D:/xuhang/guan_dan/assets/scripts/manager/UIConfig.ts -> file:///D:/xuhang/guan_dan/assets/scripts/component/activity/exchangeViewItem.ts -> file:///D:/xuhang/guan_dan/assets/scripts/manager/UIConfig.ts  
[warning][[Build.Script.Rollup]] Circular dependency: file:///D:/xuhang/guan_dan/assets/scripts/manager/GlobalData.ts -> file:///D:/xuhang/guan_dan/assets/scripts/manager/UIConfig.ts -> file:///D:/xuhang/guan_dan/assets/scripts/component/activity/exchangeViewItem.ts -> file:///D:/xuhang/guan_dan/assets/scripts/manager/GlobalData.ts  
[warning][[Build.Script.Rollup]] Circular dependency: file:///D:/xuhang/guan_dan/assets/scripts/common/utils.ts -> file:///D:/xuhang/guan_dan/assets/scripts/manager/GlobalData.ts -> file:///D:/xuhang/guan_dan/assets/scripts/manager/UIConfig.ts -> file:///D:/xuhang/guan_dan/assets/scripts/component/activity/exchangeViewItem.ts -> file:///D:/xuhang/guan_dan/assets/scripts/common/utils.ts  
[warning][[Build.Script.Rollup]] Circular dependency: file:///D:/xuhang/guan_dan/assets/scripts/manager/GlobalData.ts -> file:///D:/xuhang/guan_dan/assets/scripts/manager/UIConfig.ts -> file:///D:/xuhang/guan_dan/assets/scripts/component/activity/exchangeRecordViewItem.ts -> file:///D:/xuhang/guan_dan/assets/scripts/manager/GlobalData.ts  
[warning][[Build.Script.Rollup]] Circular dependency: file:///D:/xuhang/guan_dan/assets/scripts/manager/GlobalData.ts -> file:///D:/xuhang/guan_dan/assets/scripts/manager/UIConfig.ts -> file:///D:/xuhang/guan_dan/assets/scripts/component/activity/shareRecordViewItem.ts -> file:///D:/xuhang/guan_dan/assets/scripts/manager/GlobalData.ts  
[warning][[Build.Script.Rollup]] Circular dependency: file:///D:/xuhang/guan_dan/assets/scripts/common/utils.ts -> file:///D:/xuhang/guan_dan/assets/scripts/manager/GlobalData.ts -> file:///D:/xuhang/guan_dan/assets/scripts/manager/UIConfig.ts -> file:///D:/xuhang/guan_dan/assets/scripts/component/activity/shareRecordViewItem.ts -> file:///D:/xuhang/guan_dan/assets/scripts/common/utils.ts  
[warning][[Build.Script.Rollup]] Circular dependency: file:///D:/xuhang/guan_dan/assets/scripts/component/activity/activityViewItem.ts -> file:///D:/xuhang/guan_dan/assets/scripts/manager/SoundManager.ts -> file:///D:/xuhang/guan_dan/assets/scripts/AppGlobal.ts -> file:///D:/xuhang/guan_dan/assets/scripts/common/utils.ts -> file:///D:/xuhang/guan_dan/assets/scripts/manager/GlobalData.ts -> file:///D:/xuhang/guan_dan/assets/scripts/manager/UIConfig.ts -> file:///D:/xuhang/guan_dan/assets/scripts/component/activity/activityViewItem.ts  
[warning][[Build.Script.Rollup]] Circular dependency: file:///D:/xuhang/guan_dan/assets/scripts/manager/SoundManager.ts -> file:///D:/xuhang/guan_dan/assets/scripts/AppGlobal.ts -> file:///D:/xuhang/guan_dan/assets/scripts/platform/platform.ts -> file:///D:/xuhang/guan_dan/assets/scripts/manager/SoundManager.ts  
  
at Object.encode (C:\ProgramData\cocos\editors\Creator\3.6.0\resources\app.asar\node_modules\@base\electron-worker\node_modules\v-stacks\index.js:14:17)  
at Logger._logHandler (C:\ProgramData\cocos\editors\Creator\3.6.0\resources\app.asar\node_modules\@base\electron-worker\static\script.ccc:1:531)  
at Logger.record (C:\ProgramData\cocos\editors\Creator\3.6.0\resources\app.asar\node_modules\@base\electron-logger\lib\renderer.ccc:1:458)  
at Object.warn (C:\ProgramData\cocos\editors\Creator\3.6.0\resources\app.asar\node_modules\@base\electron-logger\lib\renderer.ccc:1:1260)  
at NewConsole.warn (C:\ProgramData\cocos\editors\Creator\3.6.0\resources\app.asar\builtin\builder\dist\worker\console.ccc:1:1306)  
at Socket.<anonymous> (C:\ProgramData\cocos\editors\Creator\3.6.0\resources\app.asar\builtin\builder\dist\worker\worker-pools\sub-process-manager.ccc:1:2640)  
at Socket.emit (events.js:315:20)  
at addChunk (internal/streams/readable.js:309:12)  
at readableAddChunk (internal/streams/readable.js:284:9)  
at Socket.Readable.push (internal/streams/readable.js:223:10)
2025-08-30T13:51:31.486Z - warn: [Build] [build-script]Unexpected: entry chunk name gameMsg.mjs_cjs=&original= is not in list.
[warning]Unexpected: entry chunk name long.mjs_cjs=&original= is not in list.
[Build] [build-script]Unexpected: entry chunk name gameMsg.mjs_cjs=&original= is not in list.
[warning]Unexpected: entry chunk name long.mjs_cjs=&original= is not in list.
  
at Logger.record (C:\ProgramData\cocos\editors\Creator\3.6.0\resources\app.asar\node_modules\@base\electron-logger\lib\renderer.ccc:1:458)  
at Object.warn (C:\ProgramData\cocos\editors\Creator\3.6.0\resources\app.asar\node_modules\@base\electron-logger\lib\renderer.ccc:1:1260)  
at NewConsole.warn (C:\ProgramData\cocos\editors\Creator\3.6.0\resources\app.asar\builtin\builder\dist\worker\console.ccc:1:1306)  
at Socket.<anonymous> (C:\ProgramData\cocos\editors\Creator\3.6.0\resources\app.asar\builtin\builder\dist\worker\worker-pools\sub-process-manager.ccc:1:2640)  
at Socket.emit (events.js:315:20)  
at addChunk (internal/streams/readable.js:309:12)  
at readableAddChunk (internal/streams/readable.js:284:9)  
at Socket.Readable.push (internal/streams/readable.js:223:10)
2025-08-30T13:51:31.632Z - warn: [Build] 资源 {asset(db://assets/resources/texture/big/bg.jpg)} 与资源 {asset(db://assets/resources/texture/big/bg.png)} 的动态加载 URL 相同(texture/big/bg)，请调整目录结构来避免动态加载资源时出现异常。[Build] 资源 {asset(db://assets/resources/texture/big/bg.jpg)} 与资源 {asset(db://assets/resources/texture/big/bg.png)} 的动态加载 URL 相同(texture/big/bg)，请调整目录结构来避免动态加载资源时出现异常。  
at NewConsole.warn (C:\ProgramData\cocos\editors\Creator\3.6.0\resources\app.asar\builtin\builder\dist\worker\console.ccc:1:1306)  
at o (C:\ProgramData\cocos\editors\Creator\3.6.0\resources\app.asar\builtin\builder\dist\worker\builder\setting-task\group.ccc:1:497)  
at C:\ProgramData\cocos\editors\Creator\3.6.0\resources\app.asar\builtin\builder\dist\worker\builder\setting-task\group.ccc:1:735  
at Array.forEach (<anonymous>)  
at BuildTask.handle (C:\ProgramData\cocos\editors\Creator\3.6.0\resources\app.asar\builtin\builder\dist\worker\builder\setting-task\group.ccc:1:618)  
at BuildTask.runBuildTask (C:\ProgramData\cocos\editors\Creator\3.6.0\resources\app.asar\builtin\builder\dist\worker\builder\index.ccc:1:7308)
2025-08-30T13:51:31.633Z - warn: [Build] 资源 {asset(db://assets/resources/texture/big/bg.jpg/texture)} 与资源 {asset(db://assets/resources/texture/big/bg.png/texture)} 的动态加载 URL 相同(texture/big/bg/texture)，请调整目录结构来避免动态加载资源时出现异常。[Build] 资源 {asset(db://assets/resources/texture/big/bg.jpg/texture)} 与资源 {asset(db://assets/resources/texture/big/bg.png/texture)} 的动态加载 URL 相同(texture/big/bg/texture)，请调整目录结构来避免动态加载资源时出现异常。  
at NewConsole.warn (C:\ProgramData\cocos\editors\Creator\3.6.0\resources\app.asar\builtin\builder\dist\worker\console.ccc:1:1306)  
at o (C:\ProgramData\cocos\editors\Creator\3.6.0\resources\app.asar\builtin\builder\dist\worker\builder\setting-task\group.ccc:1:497)  
at C:\ProgramData\cocos\editors\Creator\3.6.0\resources\app.asar\builtin\builder\dist\worker\builder\setting-task\group.ccc:1:735  
at Array.forEach (<anonymous>)  
at BuildTask.handle (C:\ProgramData\cocos\editors\Creator\3.6.0\resources\app.asar\builtin\builder\dist\worker\builder\setting-task\group.ccc:1:618)  
at BuildTask.runBuildTask (C:\ProgramData\cocos\editors\Creator\3.6.0\resources\app.asar\builtin\builder\dist\worker\builder\index.ccc:1:7308)
2025-08-30T13:51:31.633Z - warn: [Build] 资源 {asset(db://assets/resources/texture/big/bg.jpg/spriteFrame)} 与资源 {asset(db://assets/resources/texture/big/bg.png/spriteFrame)} 的动态加载 URL 相同(texture/big/bg/spriteFrame)，请调整目录结构来避免动态加载资源时出现异常。[Build] 资源 {asset(db://assets/resources/texture/big/bg.jpg/spriteFrame)} 与资源 {asset(db://assets/resources/texture/big/bg.png/spriteFrame)} 的动态加载 URL 相同(texture/big/bg/spriteFrame)，请调整目录结构来避免动态加载资源时出现异常。  
at NewConsole.warn (C:\ProgramData\cocos\editors\Creator\3.6.0\resources\app.asar\builtin\builder\dist\worker\console.ccc:1:1306)  
at o (C:\ProgramData\cocos\editors\Creator\3.6.0\resources\app.asar\builtin\builder\dist\worker\builder\setting-task\group.ccc:1:497)  
at C:\ProgramData\cocos\editors\Creator\3.6.0\resources\app.asar\builtin\builder\dist\worker\builder\setting-task\group.ccc:1:735  
at Array.forEach (<anonymous>)  
at BuildTask.handle (C:\ProgramData\cocos\editors\Creator\3.6.0\resources\app.asar\builtin\builder\dist\worker\builder\setting-task\group.ccc:1:618)  
at BuildTask.runBuildTask (C:\ProgramData\cocos\editors\Creator\3.6.0\resources\app.asar\builtin\builder\dist\worker\builder\index.ccc:1:7308)
