2025-7-27 07:41-debug: =================================== Build Task (web-mobile) Start ================================
2025-7-27 07:41-debug: Build with Cocos Creator 3.6.0
2025-7-27 07:41-debug: cocos-service:(onBeforeBuild) start...0%
2025-7-27 07:41-debug: // ---- cocos-service:(onBeforeBuild) ----
2025-7-27 07:41-debug: Process: heapTotal 207.64MB heapUsed 188.75MB rss 163.93MB
2025-7-27 07:41-debug: Start build task, options:{"name":"掼蛋","platform":"web-mobile","buildPath":"project://build","debug":false,"md5Cache":true,"skipCompressTexture":false,"sourceMaps":false,"polyfills":{"asyncFunctions":true,"coreJs":true},"experimentalEraseModules":false,"useBuiltinServer":false,"mainBundleIsRemote":false,"mainBundleCompressionType":"merge_dep","replaceSplashScreen":false,"compressTexture":true,"packAutoAtlas":true,"startScene":"61eb39d8-7561-40f3-a268-06dabc8d192a","outputName":"web-mobile","scenes":[{"url":"db://assets/scenes/Game.scene","uuid":"8cd0fb05-2535-4c33-abbf-584bac560df0","inBundle":false},{"url":"db://assets/scenes/Lobby.scene","uuid":"61eb39d8-7561-40f3-a268-06dabc8d192a","inBundle":false}],"web-mobile":[],"packages":{"web-mobile":{"orientation":"landscape","embedWebDebugger":true,"__version__":"1.0.1"},"cocos-service":{"configID":"944002","services":[],"__version__":"3.0.4"}},"__version__":"1.3.3"}
2025-7-27 07:41-debug: // ---- cocos-service:(onBeforeBuild) success ----
2025-7-27 07:41-debug: cocos-service:(onBeforeBuild)2%
2025-7-27 07:41-debug: Query all assets info in project
2025-7-27 07:41-debug: init custom config: keepNodeUuid: false, useCache: true
2025-7-27 07:41-debug: BuildAssetLibrary query-assets with assets 722
2025-7-27 07:41-debug: BuildAssetLibrary initialized with asset 1986!
2025-7-27 07:41-debug:   Number of all scenes: 2
2025-7-27 07:41-debug:   Number of all scripts: 94
2025-7-27 07:41-debug:   Number of other assets: 3042
2025-7-27 07:41-debug: web-mobile:(onAfterInit) start...2%
2025-7-27 07:41-debug: // ---- web-mobile:(onAfterInit) ----
2025-7-27 07:41-debug: Process: heapTotal 207.90MB heapUsed 187.71MB rss 168.27MB
2025-7-27 07:41-debug: // ---- web-mobile:(onAfterInit) success ----
2025-7-27 07:41-debug: web-mobile:(onAfterInit)4%
2025-7-27 07:41-debug: cocos-service:(onAfterInit) start...4%
2025-7-27 07:41-debug: // ---- cocos-service:(onAfterInit) ----
2025-7-27 07:41-debug: Process: heapTotal 207.90MB heapUsed 187.74MB rss 168.35MB
2025-7-27 07:41-debug: // ---- cocos-service:(onAfterInit) success ----
2025-7-27 07:41-debug: cocos-service:(onAfterInit)7%
2025-7-27 07:41-debug: // ---- localization-editor:(onAfterInit) ----
2025-7-27 07:41-debug: localization-editor:(onAfterInit) start...7%
2025-7-27 07:41-debug: Process: heapTotal 207.90MB heapUsed 187.81MB rss 166.21MB
2025-7-27 07:41-debug: // ---- localization-editor:(onAfterInit) success ----
2025-7-27 07:41-debug: localization-editor:(onAfterInit)9%
2025-7-27 07:41-debug: Reload project scripts start9%
2025-7-27 07:41-log: // ---- Reload project scripts ----
2025-7-27 07:41-debug: reload all scripts.
2025-7-27 07:41-debug: Process: heapTotal 207.90MB heapUsed 187.85MB rss 166.25MB
2025-7-27 07:41-debug: Incremental keys: 
2025-7-27 07:41-debug: Set detail map pack:///resolution-detail-map.json: {}
2025-7-27 07:41-debug: C:\xuhang\guandan\guandan\temp\programming\packer-driver\targets\editor\chunks\ca\ca4374a3008ca85000d465787e739a302e4e4ac6.js resolved to C:\xuhang\guandan\guandan\temp\programming\packer-driver\targets\editor\chunks\ca\ca4374a3008ca85000d465787e739a302e4e4ac6.js is not in module cache!
2025-7-27 07:41-debug: [[Executor]] Module "cce:/internal/x/cc-fu/base" loaded.
2025-7-27 07:41-debug: [[Executor]] Module "cce:/internal/x/cc-fu/gfx-webgl" loaded.
2025-7-27 07:41-debug: [[Executor]] Module "cce:/internal/x/cc-fu/gfx-webgl2" loaded.
2025-7-27 07:41-debug: [[Executor]] Module "cce:/internal/x/cc-fu/3d" loaded.
2025-7-27 07:41-debug: [[Executor]] Module "cce:/internal/x/cc-fu/animation" loaded.
2025-7-27 07:41-debug: [[Executor]] Module "cce:/internal/x/cc-fu/skeletal-animation" loaded.
2025-7-27 07:41-debug: [[Executor]] Module "cce:/internal/x/cc-fu/2d" loaded.
2025-7-27 07:41-debug: [[Executor]] Module "cce:/internal/x/cc-fu/particle" loaded.
2025-7-27 07:41-debug: [[Executor]] Module "cce:/internal/x/cc-fu/ui" loaded.
2025-7-27 07:41-debug: [[Executor]] Module "cce:/internal/x/cc-fu/particle-2d" loaded.
2025-7-27 07:41-debug: [[Executor]] Module "cce:/internal/x/cc-fu/physics-framework" loaded.
2025-7-27 07:41-debug: [[Executor]] Module "cce:/internal/x/cc-fu/physics-2d-framework" loaded.
2025-7-27 07:41-debug: [[Executor]] Module "cce:/internal/x/cc-fu/intersection-2d" loaded.
2025-7-27 07:41-debug: [[Executor]] Module "cce:/internal/x/cc-fu/primitive" loaded.
2025-7-27 07:41-debug: [[Executor]] Module "cce:/internal/x/cc-fu/profiler" loaded.
2025-7-27 07:41-debug: [[Executor]] Module "cce:/internal/x/cc-fu/geometry-renderer" loaded.
2025-7-27 07:41-debug: [[Executor]] Module "cce:/internal/x/cc-fu/audio" loaded.
2025-7-27 07:41-debug: [[Executor]] Module "cce:/internal/x/cc-fu/video" loaded.
2025-7-27 07:41-debug: [[Executor]] Module "cce:/internal/x/cc-fu/terrain" loaded.
2025-7-27 07:41-debug: [[Executor]] Module "cce:/internal/x/cc-fu/webview" loaded.
2025-7-27 07:41-debug: [[Executor]] Module "cce:/internal/x/cc-fu/tween" loaded.
2025-7-27 07:41-debug: [[Executor]] Module "cce:/internal/x/cc-fu/tiled-map" loaded.
2025-7-27 07:41-debug: [[Executor]] Module "cce:/internal/x/cc-fu/spine" loaded.
2025-7-27 07:41-debug: [[Executor]] Module "cce:/internal/x/cc-fu/dragon-bones" loaded.
2025-7-27 07:41-debug: [[Executor]] Module "cce:/internal/x/cc-fu/custom-pipeline" loaded.
2025-7-27 07:41-debug: [[Executor]] Module "cce:/internal/x/cc-fu/base" loaded.
2025-7-27 07:41-debug: [[Executor]] Module "cce:/internal/x/cc-fu/gfx-webgl" loaded.
2025-7-27 07:41-debug: [[Executor]] Module "cce:/internal/x/cc-fu/gfx-webgl2" loaded.
2025-7-27 07:41-debug: [[Executor]] Module "cce:/internal/x/cc-fu/3d" loaded.
2025-7-27 07:41-debug: [[Executor]] Module "cce:/internal/x/cc-fu/animation" loaded.
2025-7-27 07:41-debug: [[Executor]] Module "cce:/internal/x/cc-fu/skeletal-animation" loaded.
2025-7-27 07:41-debug: [[Executor]] Module "cce:/internal/x/cc-fu/2d" loaded.
2025-7-27 07:41-debug: [[Executor]] Module "cce:/internal/x/cc-fu/ui" loaded.
2025-7-27 07:41-debug: [[Executor]] Module "cce:/internal/x/cc-fu/particle" loaded.
2025-7-27 07:41-debug: [[Executor]] Module "cce:/internal/x/cc-fu/particle-2d" loaded.
2025-7-27 07:41-debug: [[Executor]] Module "cce:/internal/x/cc-fu/physics-framework" loaded.
2025-7-27 07:41-debug: [[Executor]] Module "cce:/internal/x/cc-fu/physics-2d-framework" loaded.
2025-7-27 07:41-debug: [[Executor]] Module "cce:/internal/x/cc-fu/intersection-2d" loaded.
2025-7-27 07:41-debug: [[Executor]] Module "cce:/internal/x/cc-fu/primitive" loaded.
2025-7-27 07:41-debug: [[Executor]] Module "cce:/internal/x/cc-fu/profiler" loaded.
2025-7-27 07:41-debug: [[Executor]] Module "cce:/internal/x/cc-fu/video" loaded.
2025-7-27 07:41-debug: [[Executor]] Module "cce:/internal/x/cc-fu/audio" loaded.
2025-7-27 07:41-debug: [[Executor]] Module "cce:/internal/x/cc-fu/terrain" loaded.
2025-7-27 07:41-debug: [[Executor]] Module "cce:/internal/x/cc-fu/webview" loaded.
2025-7-27 07:41-debug: [[Executor]] Module "cce:/internal/x/cc-fu/tween" loaded.
2025-7-27 07:41-debug: [[Executor]] Module "cce:/internal/x/cc-fu/geometry-renderer" loaded.
2025-7-27 07:41-debug: [[Executor]] Module "cce:/internal/x/cc-fu/tiled-map" loaded.
2025-7-27 07:41-debug: [[Executor]] Module "cce:/internal/x/cc-fu/spine" loaded.
2025-7-27 07:41-debug: [[Executor]] Module "cce:/internal/x/cc-fu/dragon-bones" loaded.
2025-7-27 07:41-debug: [[Executor]] Module "cce:/internal/x/cc-fu/custom-pipeline" loaded.
2025-7-27 07:41-debug: [[Executor]] Module "pack:///chunks/ca/ca4374a3008ca85000d465787e739a302e4e4ac6.js" loaded.
2025-7-27 07:41-debug: Invalidating 'pack:///chunks/ca/ca4374a3008ca85000d465787e739a302e4e4ac6.js'
2025-7-27 07:41-debug: [[Executor]] Module "pack:///chunks/ca/ca4374a3008ca85000d465787e739a302e4e4ac6.js" loaded.
2025-7-27 07:41-debug: C:\xuhang\guandan\guandan\temp\programming\packer-driver\targets\editor\chunks\97\978b22243191fdd96aabdcebbba296d0810bc72d.js resolved to C:\xuhang\guandan\guandan\temp\programming\packer-driver\targets\editor\chunks\97\978b22243191fdd96aabdcebbba296d0810bc72d.js is not in module cache!
2025-7-27 07:41-debug: [[Executor]] Module "pack:///chunks/97/978b22243191fdd96aabdcebbba296d0810bc72d.js" loaded.
2025-7-27 07:41-debug: C:\xuhang\guandan\guandan\temp\programming\packer-driver\targets\editor\chunks\2e\2ef8c349aa11cb5bd4b9340435deb93421ff2444.js resolved to C:\xuhang\guandan\guandan\temp\programming\packer-driver\targets\editor\chunks\2e\2ef8c349aa11cb5bd4b9340435deb93421ff2444.js is not in module cache!
2025-7-27 07:41-debug: C:\xuhang\guandan\guandan\temp\programming\packer-driver\targets\editor\chunks\84\84741ad843cea9a440c5d8c2d379669b6551400d.js resolved to C:\xuhang\guandan\guandan\temp\programming\packer-driver\targets\editor\chunks\84\84741ad843cea9a440c5d8c2d379669b6551400d.js is not in module cache!
2025-7-27 07:41-debug: C:\xuhang\guandan\guandan\temp\programming\packer-driver\targets\editor\chunks\45\4547fef147ae4ed4bf6851555a08e53f5596fb81.js resolved to C:\xuhang\guandan\guandan\temp\programming\packer-driver\targets\editor\chunks\45\4547fef147ae4ed4bf6851555a08e53f5596fb81.js is not in module cache!
2025-7-27 07:41-debug: C:\xuhang\guandan\guandan\temp\programming\packer-driver\targets\editor\chunks\ae\ae1ccc372ea857a6232c7e8ed95795e618ea2203.js resolved to C:\xuhang\guandan\guandan\temp\programming\packer-driver\targets\editor\chunks\ae\ae1ccc372ea857a6232c7e8ed95795e618ea2203.js is not in module cache!
2025-7-27 07:41-debug: C:\xuhang\guandan\guandan\temp\programming\packer-driver\targets\editor\chunks\e8\e8fd119c78651136bb38557b7e68addf311c6a3c.js resolved to C:\xuhang\guandan\guandan\temp\programming\packer-driver\targets\editor\chunks\e8\e8fd119c78651136bb38557b7e68addf311c6a3c.js is not in module cache!
2025-7-27 07:41-debug: C:\xuhang\guandan\guandan\temp\programming\packer-driver\targets\editor\chunks\13\13b60e814a5011399fc646920546575aa6196310.js resolved to C:\xuhang\guandan\guandan\temp\programming\packer-driver\targets\editor\chunks\13\13b60e814a5011399fc646920546575aa6196310.js is not in module cache!
2025-7-27 07:41-debug: C:\xuhang\guandan\guandan\temp\programming\packer-driver\targets\editor\chunks\d6\d69e1e5a837d092f8682c976541a1d5bb65e8f2e.js resolved to C:\xuhang\guandan\guandan\temp\programming\packer-driver\targets\editor\chunks\d6\d69e1e5a837d092f8682c976541a1d5bb65e8f2e.js is not in module cache!
2025-7-27 07:41-debug: C:\xuhang\guandan\guandan\temp\programming\packer-driver\targets\editor\chunks\3d\3ddf15c6d716025fcef1a9200bae96feea648abc.js resolved to C:\xuhang\guandan\guandan\temp\programming\packer-driver\targets\editor\chunks\3d\3ddf15c6d716025fcef1a9200bae96feea648abc.js is not in module cache!
2025-7-27 07:41-debug: C:\xuhang\guandan\guandan\temp\programming\packer-driver\targets\editor\chunks\03\03806d15172018a2309f0bb162360a4d30f7ba5e.js resolved to C:\xuhang\guandan\guandan\temp\programming\packer-driver\targets\editor\chunks\03\03806d15172018a2309f0bb162360a4d30f7ba5e.js is not in module cache!
2025-7-27 07:41-debug: C:\xuhang\guandan\guandan\temp\programming\packer-driver\targets\editor\chunks\ee\eeb649224630e083aa1f4ef989fbd03344fd6fbb.js resolved to C:\xuhang\guandan\guandan\temp\programming\packer-driver\targets\editor\chunks\ee\eeb649224630e083aa1f4ef989fbd03344fd6fbb.js is not in module cache!
2025-7-27 07:41-debug: C:\xuhang\guandan\guandan\temp\programming\packer-driver\targets\editor\chunks\fb\fb5ce9549f0723f79b74566f9ef7c2388ab00bad.js resolved to C:\xuhang\guandan\guandan\temp\programming\packer-driver\targets\editor\chunks\fb\fb5ce9549f0723f79b74566f9ef7c2388ab00bad.js is not in module cache!
2025-7-27 07:41-debug: C:\xuhang\guandan\guandan\temp\programming\packer-driver\targets\editor\chunks\58\581876d810858dfffb725bbbf8d45b4d5724a6e8.js resolved to C:\xuhang\guandan\guandan\temp\programming\packer-driver\targets\editor\chunks\58\581876d810858dfffb725bbbf8d45b4d5724a6e8.js is not in module cache!
2025-7-27 07:41-debug: C:\xuhang\guandan\guandan\temp\programming\packer-driver\targets\editor\chunks\bb\bba56aedb29353ef49467aa555cce65e7633eb6a.js resolved to C:\xuhang\guandan\guandan\temp\programming\packer-driver\targets\editor\chunks\bb\bba56aedb29353ef49467aa555cce65e7633eb6a.js is not in module cache!
2025-7-27 07:41-debug: C:\xuhang\guandan\guandan\temp\programming\packer-driver\targets\editor\chunks\ba\bac6806c02933fbdc7c2b2ef4754b8ea0cfd3264.js resolved to C:\xuhang\guandan\guandan\temp\programming\packer-driver\targets\editor\chunks\ba\bac6806c02933fbdc7c2b2ef4754b8ea0cfd3264.js is not in module cache!
2025-7-27 07:41-debug: C:\xuhang\guandan\guandan\temp\programming\packer-driver\targets\editor\chunks\f9\f98e70a04c2251e8c8784c283825ab7fb276ac5c.js resolved to C:\xuhang\guandan\guandan\temp\programming\packer-driver\targets\editor\chunks\f9\f98e70a04c2251e8c8784c283825ab7fb276ac5c.js is not in module cache!
2025-7-27 07:41-debug: C:\xuhang\guandan\guandan\temp\programming\packer-driver\targets\editor\chunks\66\66f09e7e0f1e06d45b2ec024291c03f3f07493d8.js resolved to C:\xuhang\guandan\guandan\temp\programming\packer-driver\targets\editor\chunks\66\66f09e7e0f1e06d45b2ec024291c03f3f07493d8.js is not in module cache!
2025-7-27 07:41-debug: C:\xuhang\guandan\guandan\temp\programming\packer-driver\targets\editor\chunks\5e\5eda2a724b7c2d60e4aa01e713219b4254d25bca.js resolved to C:\xuhang\guandan\guandan\temp\programming\packer-driver\targets\editor\chunks\5e\5eda2a724b7c2d60e4aa01e713219b4254d25bca.js is not in module cache!
2025-7-27 07:41-debug: C:\xuhang\guandan\guandan\temp\programming\packer-driver\targets\editor\chunks\c1\c188129bc0d18211c00412dd369cbd01d3ed79b6.js resolved to C:\xuhang\guandan\guandan\temp\programming\packer-driver\targets\editor\chunks\c1\c188129bc0d18211c00412dd369cbd01d3ed79b6.js is not in module cache!
2025-7-27 07:41-debug: C:\xuhang\guandan\guandan\temp\programming\packer-driver\targets\editor\chunks\0d\0d45e7ac41a140996cad6c32e02610084bdfb500.js resolved to C:\xuhang\guandan\guandan\temp\programming\packer-driver\targets\editor\chunks\0d\0d45e7ac41a140996cad6c32e02610084bdfb500.js is not in module cache!
2025-7-27 07:41-debug: C:\xuhang\guandan\guandan\temp\programming\packer-driver\targets\editor\chunks\72\7204bf9a162cb48e60973cacfe2af27037992dbe.js resolved to C:\xuhang\guandan\guandan\temp\programming\packer-driver\targets\editor\chunks\72\7204bf9a162cb48e60973cacfe2af27037992dbe.js is not in module cache!
2025-7-27 07:41-debug: C:\xuhang\guandan\guandan\temp\programming\packer-driver\targets\editor\chunks\75\75603359fb0baa53102483afe6f89db08723871e.js resolved to C:\xuhang\guandan\guandan\temp\programming\packer-driver\targets\editor\chunks\75\75603359fb0baa53102483afe6f89db08723871e.js is not in module cache!
2025-7-27 07:41-debug: C:\xuhang\guandan\guandan\temp\programming\packer-driver\targets\editor\chunks\72\72d9ec7e731643ee6fc6ff1b4a81be1fd8e3b295.js resolved to C:\xuhang\guandan\guandan\temp\programming\packer-driver\targets\editor\chunks\72\72d9ec7e731643ee6fc6ff1b4a81be1fd8e3b295.js is not in module cache!
2025-7-27 07:41-debug: C:\xuhang\guandan\guandan\temp\programming\packer-driver\targets\editor\chunks\ba\ba6baba8c8cc8924f1e1435b14919b6c9c4e1623.js resolved to C:\xuhang\guandan\guandan\temp\programming\packer-driver\targets\editor\chunks\ba\ba6baba8c8cc8924f1e1435b14919b6c9c4e1623.js is not in module cache!
2025-7-27 07:41-debug: C:\xuhang\guandan\guandan\temp\programming\packer-driver\targets\editor\chunks\55\55cdaab102d9fe18e4ebf1ca33142209306acbb0.js resolved to C:\xuhang\guandan\guandan\temp\programming\packer-driver\targets\editor\chunks\55\55cdaab102d9fe18e4ebf1ca33142209306acbb0.js is not in module cache!
2025-7-27 07:41-debug: C:\xuhang\guandan\guandan\temp\programming\packer-driver\targets\editor\chunks\7b\7b1ebcceecb027e75601a27ad9cce7de0a9ab416.js resolved to C:\xuhang\guandan\guandan\temp\programming\packer-driver\targets\editor\chunks\7b\7b1ebcceecb027e75601a27ad9cce7de0a9ab416.js is not in module cache!
2025-7-27 07:41-debug: C:\xuhang\guandan\guandan\temp\programming\packer-driver\targets\editor\chunks\16\161325e7598afbe89f247e29e333ac258cbf7433.js resolved to C:\xuhang\guandan\guandan\temp\programming\packer-driver\targets\editor\chunks\16\161325e7598afbe89f247e29e333ac258cbf7433.js is not in module cache!
2025-7-27 07:41-debug: C:\xuhang\guandan\guandan\temp\programming\packer-driver\targets\editor\chunks\95\95d0c1a51d056e534b77910f7b2b85a2ee8b6343.js resolved to C:\xuhang\guandan\guandan\temp\programming\packer-driver\targets\editor\chunks\95\95d0c1a51d056e534b77910f7b2b85a2ee8b6343.js is not in module cache!
2025-7-27 07:41-debug: C:\xuhang\guandan\guandan\temp\programming\packer-driver\targets\editor\chunks\20\2072953f9e3d4231b0fe44527f829b24e4488cc8.js resolved to C:\xuhang\guandan\guandan\temp\programming\packer-driver\targets\editor\chunks\20\2072953f9e3d4231b0fe44527f829b24e4488cc8.js is not in module cache!
2025-7-27 07:41-debug: C:\xuhang\guandan\guandan\temp\programming\packer-driver\targets\editor\chunks\53\53aeaec2ec85b3fd487ceae1111576823ec0dbaa.js resolved to C:\xuhang\guandan\guandan\temp\programming\packer-driver\targets\editor\chunks\53\53aeaec2ec85b3fd487ceae1111576823ec0dbaa.js is not in module cache!
2025-7-27 07:41-debug: C:\xuhang\guandan\guandan\temp\programming\packer-driver\targets\editor\chunks\1c\1c52f3aea75b9cd29779929af7ed31c11d7d5458.js resolved to C:\xuhang\guandan\guandan\temp\programming\packer-driver\targets\editor\chunks\1c\1c52f3aea75b9cd29779929af7ed31c11d7d5458.js is not in module cache!
2025-7-27 07:41-debug: C:\xuhang\guandan\guandan\temp\programming\packer-driver\targets\editor\chunks\9f\9f46495e799929b5b15ec2c343ec62a637b17e80.js resolved to C:\xuhang\guandan\guandan\temp\programming\packer-driver\targets\editor\chunks\9f\9f46495e799929b5b15ec2c343ec62a637b17e80.js is not in module cache!
2025-7-27 07:41-debug: C:\xuhang\guandan\guandan\temp\programming\packer-driver\targets\editor\chunks\6c\6c2cf89aa9cc52e3303dcf059815f33db49b49d4.js resolved to C:\xuhang\guandan\guandan\temp\programming\packer-driver\targets\editor\chunks\6c\6c2cf89aa9cc52e3303dcf059815f33db49b49d4.js is not in module cache!
2025-7-27 07:41-debug: C:\xuhang\guandan\guandan\temp\programming\packer-driver\targets\editor\chunks\e5\e59b79483a60df6522a0ad102f1a5219cc414682.js resolved to C:\xuhang\guandan\guandan\temp\programming\packer-driver\targets\editor\chunks\e5\e59b79483a60df6522a0ad102f1a5219cc414682.js is not in module cache!
2025-7-27 07:41-debug: C:\xuhang\guandan\guandan\temp\programming\packer-driver\targets\editor\chunks\82\829ec00f85154a45bd3df7c39e21d7eebae95ca0.js resolved to C:\xuhang\guandan\guandan\temp\programming\packer-driver\targets\editor\chunks\82\829ec00f85154a45bd3df7c39e21d7eebae95ca0.js is not in module cache!
2025-7-27 07:41-debug: C:\xuhang\guandan\guandan\temp\programming\packer-driver\targets\editor\chunks\ac\ac4e4256792c7d96439f6fb7121a82878feef763.js resolved to C:\xuhang\guandan\guandan\temp\programming\packer-driver\targets\editor\chunks\ac\ac4e4256792c7d96439f6fb7121a82878feef763.js is not in module cache!
2025-7-27 07:41-debug: C:\xuhang\guandan\guandan\temp\programming\packer-driver\targets\editor\chunks\53\53913d3576c465967c4d08fc3bba9abe3fa0e751.js resolved to C:\xuhang\guandan\guandan\temp\programming\packer-driver\targets\editor\chunks\53\53913d3576c465967c4d08fc3bba9abe3fa0e751.js is not in module cache!
2025-7-27 07:41-debug: C:\xuhang\guandan\guandan\temp\programming\packer-driver\targets\editor\chunks\21\21a1754254f6e4a50d45e6e062ff2c1ce4a6a95d.js resolved to C:\xuhang\guandan\guandan\temp\programming\packer-driver\targets\editor\chunks\21\21a1754254f6e4a50d45e6e062ff2c1ce4a6a95d.js is not in module cache!
2025-7-27 07:41-debug: C:\xuhang\guandan\guandan\temp\programming\packer-driver\targets\editor\chunks\bf\bff5b75247b30b58f6954b6b09e5d1930274d6fa.js resolved to C:\xuhang\guandan\guandan\temp\programming\packer-driver\targets\editor\chunks\bf\bff5b75247b30b58f6954b6b09e5d1930274d6fa.js is not in module cache!
2025-7-27 07:41-debug: C:\xuhang\guandan\guandan\temp\programming\packer-driver\targets\editor\chunks\cd\cd131484ce44d36c6343ddbb0941665c2691cef8.js resolved to C:\xuhang\guandan\guandan\temp\programming\packer-driver\targets\editor\chunks\cd\cd131484ce44d36c6343ddbb0941665c2691cef8.js is not in module cache!
2025-7-27 07:41-debug: C:\xuhang\guandan\guandan\temp\programming\packer-driver\targets\editor\chunks\55\55a9a8cca4323b5f6bed991c5ebe06a5aea8328a.js resolved to C:\xuhang\guandan\guandan\temp\programming\packer-driver\targets\editor\chunks\55\55a9a8cca4323b5f6bed991c5ebe06a5aea8328a.js is not in module cache!
2025-7-27 07:41-debug: C:\xuhang\guandan\guandan\temp\programming\packer-driver\targets\editor\chunks\78\780fdc21b368a9ca1b8d4ed968df70eec9c24523.js resolved to C:\xuhang\guandan\guandan\temp\programming\packer-driver\targets\editor\chunks\78\780fdc21b368a9ca1b8d4ed968df70eec9c24523.js is not in module cache!
2025-7-27 07:41-debug: C:\xuhang\guandan\guandan\temp\programming\packer-driver\targets\editor\chunks\d7\d7cbb72e6cbb06120831cb05333e5b0fc2076100.js resolved to C:\xuhang\guandan\guandan\temp\programming\packer-driver\targets\editor\chunks\d7\d7cbb72e6cbb06120831cb05333e5b0fc2076100.js is not in module cache!
2025-7-27 07:41-debug: C:\xuhang\guandan\guandan\temp\programming\packer-driver\targets\editor\chunks\d8\d87f2ffafad21525534f47b43e3b3027894c4483.js resolved to C:\xuhang\guandan\guandan\temp\programming\packer-driver\targets\editor\chunks\d8\d87f2ffafad21525534f47b43e3b3027894c4483.js is not in module cache!
2025-7-27 07:41-debug: C:\xuhang\guandan\guandan\temp\programming\packer-driver\targets\editor\chunks\67\679128e790bb9a804eea2e30bd0f90073f9d61c1.js resolved to C:\xuhang\guandan\guandan\temp\programming\packer-driver\targets\editor\chunks\67\679128e790bb9a804eea2e30bd0f90073f9d61c1.js is not in module cache!
2025-7-27 07:41-debug: C:\xuhang\guandan\guandan\temp\programming\packer-driver\targets\editor\chunks\ad\ad349f4220bb38171bc8c93228ac31a29f7cd8fb.js resolved to C:\xuhang\guandan\guandan\temp\programming\packer-driver\targets\editor\chunks\ad\ad349f4220bb38171bc8c93228ac31a29f7cd8fb.js is not in module cache!
2025-7-27 07:41-debug: C:\xuhang\guandan\guandan\temp\programming\packer-driver\targets\editor\chunks\a6\a64c5915437b63fb045f6104b5263b02a9e92d79.js resolved to C:\xuhang\guandan\guandan\temp\programming\packer-driver\targets\editor\chunks\a6\a64c5915437b63fb045f6104b5263b02a9e92d79.js is not in module cache!
2025-7-27 07:41-debug: C:\xuhang\guandan\guandan\temp\programming\packer-driver\targets\editor\chunks\2e\2e6df969278ff716b2286d8c8e484199173d403d.js resolved to C:\xuhang\guandan\guandan\temp\programming\packer-driver\targets\editor\chunks\2e\2e6df969278ff716b2286d8c8e484199173d403d.js is not in module cache!
2025-7-27 07:41-debug: C:\xuhang\guandan\guandan\temp\programming\packer-driver\targets\editor\chunks\69\693b7a034fb3ff45ab0aec965dcf01b2f152dfa0.js resolved to C:\xuhang\guandan\guandan\temp\programming\packer-driver\targets\editor\chunks\69\693b7a034fb3ff45ab0aec965dcf01b2f152dfa0.js is not in module cache!
2025-7-27 07:41-debug: C:\xuhang\guandan\guandan\temp\programming\packer-driver\targets\editor\chunks\c9\c979866cee919b829e49d830eb8b5deb45c7dd50.js resolved to C:\xuhang\guandan\guandan\temp\programming\packer-driver\targets\editor\chunks\c9\c979866cee919b829e49d830eb8b5deb45c7dd50.js is not in module cache!
2025-7-27 07:41-debug: C:\xuhang\guandan\guandan\temp\programming\packer-driver\targets\editor\chunks\79\79fa8e44e1293d1d07ccf2501342944f3031c684.js resolved to C:\xuhang\guandan\guandan\temp\programming\packer-driver\targets\editor\chunks\79\79fa8e44e1293d1d07ccf2501342944f3031c684.js is not in module cache!
2025-7-27 07:41-debug: C:\xuhang\guandan\guandan\temp\programming\packer-driver\targets\editor\chunks\28\28945ed48170394810b93f1be852bb29f492bcfe.js resolved to C:\xuhang\guandan\guandan\temp\programming\packer-driver\targets\editor\chunks\28\28945ed48170394810b93f1be852bb29f492bcfe.js is not in module cache!
2025-7-27 07:41-debug: C:\xuhang\guandan\guandan\temp\programming\packer-driver\targets\editor\chunks\fe\fe5ed25d4aec6c345df98d3a9ea98d2bfc01b589.js resolved to C:\xuhang\guandan\guandan\temp\programming\packer-driver\targets\editor\chunks\fe\fe5ed25d4aec6c345df98d3a9ea98d2bfc01b589.js is not in module cache!
2025-7-27 07:41-debug: C:\xuhang\guandan\guandan\temp\programming\packer-driver\targets\editor\chunks\2a\2a1ba42938fd12fc790079e0b559f2632a6862d1.js resolved to C:\xuhang\guandan\guandan\temp\programming\packer-driver\targets\editor\chunks\2a\2a1ba42938fd12fc790079e0b559f2632a6862d1.js is not in module cache!
2025-7-27 07:41-debug: C:\xuhang\guandan\guandan\temp\programming\packer-driver\targets\editor\chunks\9d\9dc3ad65c00e77da13fd971af4051c862880d7d0.js resolved to C:\xuhang\guandan\guandan\temp\programming\packer-driver\targets\editor\chunks\9d\9dc3ad65c00e77da13fd971af4051c862880d7d0.js is not in module cache!
2025-7-27 07:41-debug: C:\xuhang\guandan\guandan\temp\programming\packer-driver\targets\editor\chunks\3e\3e1d939acbd9530b481be921115c33e5a49cb3a7.js resolved to C:\xuhang\guandan\guandan\temp\programming\packer-driver\targets\editor\chunks\3e\3e1d939acbd9530b481be921115c33e5a49cb3a7.js is not in module cache!
2025-7-27 07:41-debug: C:\xuhang\guandan\guandan\temp\programming\packer-driver\targets\editor\chunks\d0\d09636775aaa6d3da4391fb75dc24d30c7fde788.js resolved to C:\xuhang\guandan\guandan\temp\programming\packer-driver\targets\editor\chunks\d0\d09636775aaa6d3da4391fb75dc24d30c7fde788.js is not in module cache!
2025-7-27 07:41-debug: C:\xuhang\guandan\guandan\temp\programming\packer-driver\targets\editor\chunks\79\791ffbc32e406101a2db6da38686a66cdc6a7a50.js resolved to C:\xuhang\guandan\guandan\temp\programming\packer-driver\targets\editor\chunks\79\791ffbc32e406101a2db6da38686a66cdc6a7a50.js is not in module cache!
2025-7-27 07:41-debug: C:\xuhang\guandan\guandan\temp\programming\packer-driver\targets\editor\chunks\95\9578cf18e6ba45e8a27902496e990588f9727a70.js resolved to C:\xuhang\guandan\guandan\temp\programming\packer-driver\targets\editor\chunks\95\9578cf18e6ba45e8a27902496e990588f9727a70.js is not in module cache!
2025-7-27 07:41-debug: C:\xuhang\guandan\guandan\temp\programming\packer-driver\targets\editor\chunks\fd\fd645bea8c5ee73c474aa455b5b0ae1970203dff.js resolved to C:\xuhang\guandan\guandan\temp\programming\packer-driver\targets\editor\chunks\fd\fd645bea8c5ee73c474aa455b5b0ae1970203dff.js is not in module cache!
2025-7-27 07:41-debug: C:\xuhang\guandan\guandan\temp\programming\packer-driver\targets\editor\chunks\ad\add7027b2164c3e7ba4c7fcd162fc4e6ccadd6c4.js resolved to C:\xuhang\guandan\guandan\temp\programming\packer-driver\targets\editor\chunks\ad\add7027b2164c3e7ba4c7fcd162fc4e6ccadd6c4.js is not in module cache!
2025-7-27 07:41-debug: C:\xuhang\guandan\guandan\temp\programming\packer-driver\targets\editor\chunks\8d\8d66797946a4e85d6b9e26f5cd2303563ac77e9f.js resolved to C:\xuhang\guandan\guandan\temp\programming\packer-driver\targets\editor\chunks\8d\8d66797946a4e85d6b9e26f5cd2303563ac77e9f.js is not in module cache!
2025-7-27 07:41-debug: C:\xuhang\guandan\guandan\temp\programming\packer-driver\targets\editor\chunks\3f\3ff98748fa5e383060a7b8b86fce80e24dc20f19.js resolved to C:\xuhang\guandan\guandan\temp\programming\packer-driver\targets\editor\chunks\3f\3ff98748fa5e383060a7b8b86fce80e24dc20f19.js is not in module cache!
2025-7-27 07:41-debug: C:\xuhang\guandan\guandan\temp\programming\packer-driver\targets\editor\chunks\f8\f8596badc60b9d2e3a31ef7fa3113bd7ae9643fa.js resolved to C:\xuhang\guandan\guandan\temp\programming\packer-driver\targets\editor\chunks\f8\f8596badc60b9d2e3a31ef7fa3113bd7ae9643fa.js is not in module cache!
2025-7-27 07:41-debug: C:\xuhang\guandan\guandan\temp\programming\packer-driver\targets\editor\chunks\d1\d163b4157c508e8a4ee6d49131daff73a273b42f.js resolved to C:\xuhang\guandan\guandan\temp\programming\packer-driver\targets\editor\chunks\d1\d163b4157c508e8a4ee6d49131daff73a273b42f.js is not in module cache!
2025-7-27 07:41-debug: C:\xuhang\guandan\guandan\temp\programming\packer-driver\targets\editor\chunks\a8\a8185e6df4e88d24026d0cfdedc75e520507033a.js resolved to C:\xuhang\guandan\guandan\temp\programming\packer-driver\targets\editor\chunks\a8\a8185e6df4e88d24026d0cfdedc75e520507033a.js is not in module cache!
2025-7-27 07:41-debug: C:\xuhang\guandan\guandan\temp\programming\packer-driver\targets\editor\chunks\e5\e57f24b5d7105749e1b9c7f0f9db591894faf87c.js resolved to C:\xuhang\guandan\guandan\temp\programming\packer-driver\targets\editor\chunks\e5\e57f24b5d7105749e1b9c7f0f9db591894faf87c.js is not in module cache!
2025-7-27 07:41-debug: [[Executor]] Module "pack:///chunks/84/84741ad843cea9a440c5d8c2d379669b6551400d.js" loaded.
2025-7-27 07:41-debug: [[Executor]] Module "pack:///chunks/58/581876d810858dfffb725bbbf8d45b4d5724a6e8.js" loaded.
2025-7-27 07:41-debug: [[Executor]] Module "pack:///chunks/fb/fb5ce9549f0723f79b74566f9ef7c2388ab00bad.js" loaded.
2025-7-27 07:41-debug: [[Executor]] Module "pack:///chunks/bb/bba56aedb29353ef49467aa555cce65e7633eb6a.js" loaded.
2025-7-27 07:41-debug: [[Executor]] Module "pack:///chunks/66/66f09e7e0f1e06d45b2ec024291c03f3f07493d8.js" loaded.
2025-7-27 07:41-debug: [[Executor]] Module "pack:///chunks/45/4547fef147ae4ed4bf6851555a08e53f5596fb81.js" loaded.
2025-7-27 07:41-debug: [[Executor]] Register AItemRenderer
2025-7-27 07:41-debug: [[Executor]] Module "pack:///chunks/69/693b7a034fb3ff45ab0aec965dcf01b2f152dfa0.js" loaded.
2025-7-27 07:41-debug: [[Executor]] Register RaceAuditionLineItem
2025-7-27 07:41-debug: [[Executor]] Module "pack:///chunks/f9/f98e70a04c2251e8c8784c283825ab7fb276ac5c.js" loaded.
2025-7-27 07:41-debug: [[Executor]] Register RaceScoreLineItem
2025-7-27 07:41-debug: [[Executor]] Module "pack:///chunks/c1/c188129bc0d18211c00412dd369cbd01d3ed79b6.js" loaded.
2025-7-27 07:41-debug: [[Executor]] Module "pack:///chunks/ba/bac6806c02933fbdc7c2b2ef4754b8ea0cfd3264.js" loaded.
2025-7-27 07:41-debug: [[Executor]] Module "pack:///chunks/ae/ae1ccc372ea857a6232c7e8ed95795e618ea2203.js" loaded.
2025-7-27 07:41-debug: [[Executor]] Register PopWindow
2025-7-27 07:41-debug: [[Executor]] Module "pack:///chunks/c9/c979866cee919b829e49d830eb8b5deb45c7dd50.js" loaded.
2025-7-27 07:41-debug: [[Executor]] Register MessageBoxCommon
2025-7-27 07:41-debug: [[Executor]] Module "pack:///chunks/5e/5eda2a724b7c2d60e4aa01e713219b4254d25bca.js" loaded.
2025-7-27 07:41-debug: [[Executor]] Register SetingItem
2025-7-27 07:41-debug: [[Executor]] Module "pack:///chunks/0d/0d45e7ac41a140996cad6c32e02610084bdfb500.js" loaded.
2025-7-27 07:41-debug: [[Executor]] Register MessageHint
2025-7-27 07:41-debug: [[Executor]] Module "pack:///chunks/72/7204bf9a162cb48e60973cacfe2af27037992dbe.js" loaded.
2025-7-27 07:41-debug: [[Executor]] Register LoadItem
2025-7-27 07:41-debug: [[Executor]] Module "pack:///chunks/75/75603359fb0baa53102483afe6f89db08723871e.js" loaded.
2025-7-27 07:41-debug: [[Executor]] Register WaitItem
2025-7-27 07:41-debug: [[Executor]] Module "pack:///chunks/72/72d9ec7e731643ee6fc6ff1b4a81be1fd8e3b295.js" loaded.
2025-7-27 07:41-debug: [[Executor]] Register RuleItem
2025-7-27 07:41-debug: [[Executor]] Module "pack:///chunks/ba/ba6baba8c8cc8924f1e1435b14919b6c9c4e1623.js" loaded.
2025-7-27 07:41-debug: [[Executor]] Register AVirtualScrollView
2025-7-27 07:41-debug: [[Executor]] Module "pack:///chunks/79/79fa8e44e1293d1d07ccf2501342944f3031c684.js" loaded.
2025-7-27 07:41-debug: [[Executor]] Module "pack:///chunks/55/55cdaab102d9fe18e4ebf1ca33142209306acbb0.js" loaded.
2025-7-27 07:41-debug: [[Executor]] Register TeamItem
2025-7-27 07:41-debug: [[Executor]] Module "pack:///chunks/d6/d69e1e5a837d092f8682c976541a1d5bb65e8f2e.js" loaded.
2025-7-27 07:41-debug: [[Executor]] Register UIManager
2025-7-27 07:41-debug: [[Executor]] Register KeyBoardItem
2025-7-27 07:41-debug: [[Executor]] Module "pack:///chunks/16/161325e7598afbe89f247e29e333ac258cbf7433.js" loaded.
2025-7-27 07:41-debug: [[Executor]] Register CreateRoomItem
2025-7-27 07:41-debug: [[Executor]] Module "pack:///chunks/7b/7b1ebcceecb027e75601a27ad9cce7de0a9ab416.js" loaded.
2025-7-27 07:41-debug: [[Executor]] Register GameEndFreeHeadItem
2025-7-27 07:41-debug: [[Executor]] Module "pack:///chunks/d1/d163b4157c508e8a4ee6d49131daff73a273b42f.js" loaded.
2025-7-27 07:41-debug: [[Executor]] Module "pack:///chunks/9d/9dc3ad65c00e77da13fd971af4051c862880d7d0.js" loaded.
2025-7-27 07:41-debug: [[Executor]] Register PbManager
2025-7-27 07:41-debug: [[Executor]] Module "pack:///chunks/03/03806d15172018a2309f0bb162360a4d30f7ba5e.js" loaded.
2025-7-27 07:41-debug: [[Executor]] Module "pack:///chunks/2e/2e6df969278ff716b2286d8c8e484199173d403d.js" loaded.
2025-7-27 07:41-debug: [[Executor]] Module "pack:///chunks/28/28945ed48170394810b93f1be852bb29f492bcfe.js" loaded.
2025-7-27 07:41-debug: [[Executor]] Module "pack:///chunks/ee/eeb649224630e083aa1f4ef989fbd03344fd6fbb.js" loaded.
2025-7-27 07:41-debug: [[Executor]] Register GameEndFreeItem
2025-7-27 07:41-debug: [[Executor]] Module "pack:///chunks/95/95d0c1a51d056e534b77910f7b2b85a2ee8b6343.js" loaded.
2025-7-27 07:41-debug: [[Executor]] Register LobbyUserHeadItem
2025-7-27 07:41-debug: [[Executor]] Module "pack:///chunks/3f/3ff98748fa5e383060a7b8b86fce80e24dc20f19.js" loaded.
2025-7-27 07:41-debug: [[Executor]] Register RankScorePersonSelfLine
2025-7-27 07:41-debug: [[Executor]] Module "pack:///chunks/e5/e57f24b5d7105749e1b9c7f0f9db591894faf87c.js" loaded.
2025-7-27 07:41-debug: [[Executor]] Register RankScorePerson
2025-7-27 07:41-debug: [[Executor]] Module "pack:///chunks/8d/8d66797946a4e85d6b9e26f5cd2303563ac77e9f.js" loaded.
2025-7-27 07:41-debug: [[Executor]] Register RankScoreTeamSelfLine
2025-7-27 07:41-debug: [[Executor]] Module "pack:///chunks/a8/a8185e6df4e88d24026d0cfdedc75e520507033a.js" loaded.
2025-7-27 07:41-debug: [[Executor]] Register RankScoreTeam
2025-7-27 07:41-debug: [[Executor]] Module "pack:///chunks/95/9578cf18e6ba45e8a27902496e990588f9727a70.js" loaded.
2025-7-27 07:41-debug: [[Executor]] Register RankScore
2025-7-27 07:41-debug: [[Executor]] Module "pack:///chunks/cd/cd131484ce44d36c6343ddbb0941665c2691cef8.js" loaded.
2025-7-27 07:41-debug: [[Executor]] Register GameEndScoreRankPerson
2025-7-27 07:41-debug: [[Executor]] Module "pack:///chunks/fe/fe5ed25d4aec6c345df98d3a9ea98d2bfc01b589.js" loaded.
2025-7-27 07:41-debug: [[Executor]] Register GameEndScoreRankTeam
2025-7-27 07:41-debug: [[Executor]] Module "pack:///chunks/2a/2a1ba42938fd12fc790079e0b559f2632a6862d1.js" loaded.
2025-7-27 07:41-debug: [[Executor]] Register GameEndScoreRankItem
2025-7-27 07:41-debug: [[Executor]] Module "pack:///chunks/20/2072953f9e3d4231b0fe44527f829b24e4488cc8.js" loaded.
2025-7-27 07:41-debug: [[Executor]] Register GameEndScoreItem
2025-7-27 07:41-debug: [[Executor]] Module "pack:///chunks/53/53aeaec2ec85b3fd487ceae1111576823ec0dbaa.js" loaded.
2025-7-27 07:41-debug: [[Executor]] Register GameEndKickHeadItem
2025-7-27 07:41-debug: [[Executor]] Module "pack:///chunks/3e/3e1d939acbd9530b481be921115c33e5a49cb3a7.js" loaded.
2025-7-27 07:41-debug: [[Executor]] Register GameEndKickItem
2025-7-27 07:41-debug: [[Executor]] Module "pack:///chunks/1c/1c52f3aea75b9cd29779929af7ed31c11d7d5458.js" loaded.
2025-7-27 07:41-debug: [[Executor]] Module "pack:///chunks/9f/9f46495e799929b5b15ec2c343ec62a637b17e80.js" loaded.
2025-7-27 07:41-debug: [[Executor]] Register TeamUpItem
2025-7-27 07:41-debug: [[Executor]] Module "pack:///chunks/6c/6c2cf89aa9cc52e3303dcf059815f33db49b49d4.js" loaded.
2025-7-27 07:41-debug: [[Executor]] Register RaceKickLineItem
2025-7-27 07:41-debug: [[Executor]] Module "pack:///chunks/d0/d09636775aaa6d3da4391fb75dc24d30c7fde788.js" loaded.
2025-7-27 07:41-debug: [[Executor]] Register RaceKickItem
2025-7-27 07:41-debug: [[Executor]] Module "pack:///chunks/82/829ec00f85154a45bd3df7c39e21d7eebae95ca0.js" loaded.
2025-7-27 07:41-debug: [[Executor]] Register MessageBoxCommonTest
2025-7-27 07:41-debug: [[Executor]] Module "pack:///chunks/ac/ac4e4256792c7d96439f6fb7121a82878feef763.js" loaded.
2025-7-27 07:41-debug: [[Executor]] Register CreateTeamItem
2025-7-27 07:41-debug: [[Executor]] Module "pack:///chunks/21/21a1754254f6e4a50d45e6e062ff2c1ce4a6a95d.js" loaded.
2025-7-27 07:41-debug: [[Executor]] Register GameStartNotice
2025-7-27 07:41-debug: [[Executor]] Module "pack:///chunks/53/53913d3576c465967c4d08fc3bba9abe3fa0e751.js" loaded.
2025-7-27 07:41-debug: [[Executor]] Register FreeUpItem
2025-7-27 07:41-debug: [[Executor]] Module "pack:///chunks/bf/bff5b75247b30b58f6954b6b09e5d1930274d6fa.js" loaded.
2025-7-27 07:41-debug: [[Executor]] Register RankRaceKickItem
2025-7-27 07:41-debug: [[Executor]] Module "pack:///chunks/f8/f8596badc60b9d2e3a31ef7fa3113bd7ae9643fa.js" loaded.
2025-7-27 07:41-debug: [[Executor]] Register RankRaceScoreItem
2025-7-27 07:41-debug: [[Executor]] Register RaceScoreItem
2025-7-27 07:41-debug: [[Executor]] Module "pack:///chunks/e5/e59b79483a60df6522a0ad102f1a5219cc414682.js" loaded.
2025-7-27 07:41-debug: [[Executor]] Module "pack:///chunks/ad/add7027b2164c3e7ba4c7fcd162fc4e6ccadd6c4.js" loaded.
2025-7-27 07:41-debug: [[Executor]] Register RankRaceAuditionItem
2025-7-27 07:41-debug: [[Executor]] Module "pack:///chunks/79/791ffbc32e406101a2db6da38686a66cdc6a7a50.js" loaded.
2025-7-27 07:41-debug: [[Executor]] Register RankRaceItem
2025-7-27 07:41-debug: [[Executor]] Module "pack:///chunks/55/55a9a8cca4323b5f6bed991c5ebe06a5aea8328a.js" loaded.
2025-7-27 07:41-debug: [[Executor]] Register RankKick
2025-7-27 07:41-debug: [[Executor]] Module "pack:///chunks/67/679128e790bb9a804eea2e30bd0f90073f9d61c1.js" loaded.
2025-7-27 07:41-debug: [[Executor]] Register RaceAuditionItem
2025-7-27 07:41-debug: [[Executor]] Module "pack:///chunks/d7/d7cbb72e6cbb06120831cb05333e5b0fc2076100.js" loaded.
2025-7-27 07:41-debug: [[Executor]] Register RankAuditionItem
2025-7-27 07:41-debug: [[Executor]] Module "pack:///chunks/d8/d87f2ffafad21525534f47b43e3b3027894c4483.js" loaded.
2025-7-27 07:41-debug: [[Executor]] Register GameEndAuditionHeadItem
2025-7-27 07:41-debug: [[Executor]] Module "pack:///chunks/fd/fd645bea8c5ee73c474aa455b5b0ae1970203dff.js" loaded.
2025-7-27 07:41-debug: [[Executor]] Register GameEndAuditionItem
2025-7-27 07:41-debug: [[Executor]] Module "pack:///chunks/78/780fdc21b368a9ca1b8d4ed968df70eec9c24523.js" loaded.
2025-7-27 07:41-debug: [[Executor]] Register FreeMatchItem
2025-7-27 07:41-debug: [[Executor]] Module "pack:///chunks/ad/ad349f4220bb38171bc8c93228ac31a29f7cd8fb.js" loaded.
2025-7-27 07:41-debug: [[Executor]] Register AuditionMatchItem
2025-7-27 07:41-debug: [[Executor]] Module "pack:///chunks/a6/a64c5915437b63fb045f6104b5263b02a9e92d79.js" loaded.
2025-7-27 07:41-debug: [[Executor]] Module "pack:///chunks/3d/3ddf15c6d716025fcef1a9200bae96feea648abc.js" loaded.
2025-7-27 07:41-debug: [[Executor]] Module "pack:///chunks/e8/e8fd119c78651136bb38557b7e68addf311c6a3c.js" loaded.
2025-7-27 07:41-debug: [[Executor]] Module "pack:///chunks/13/13b60e814a5011399fc646920546575aa6196310.js" loaded.
2025-7-27 07:41-debug: [[Executor]] Register AppGlobal
2025-7-27 07:41-debug: [[Executor]] Module "pack:///chunks/2e/2ef8c349aa11cb5bd4b9340435deb93421ff2444.js" loaded.
2025-7-27 07:41-debug: [[Executor]] Register GameEndKickUpItem
2025-7-27 07:41-debug: C:\xuhang\guandan\guandan\temp\programming\packer-driver\targets\editor\chunks\11\11ae5cc56e590d81a6cd01b48b3986b4c51b3213.js resolved to C:\xuhang\guandan\guandan\temp\programming\packer-driver\targets\editor\chunks\11\11ae5cc56e590d81a6cd01b48b3986b4c51b3213.js is not in module cache!
2025-7-27 07:41-debug: [[Executor]] Module "pack:///chunks/11/11ae5cc56e590d81a6cd01b48b3986b4c51b3213.js" loaded.
2025-7-27 07:41-debug: C:\xuhang\guandan\guandan\temp\programming\packer-driver\targets\editor\chunks\60\60fbb0f174330da825ee927691af9b9113a56708.js resolved to C:\xuhang\guandan\guandan\temp\programming\packer-driver\targets\editor\chunks\60\60fbb0f174330da825ee927691af9b9113a56708.js is not in module cache!
2025-7-27 07:41-debug: [[Executor]] Register GraphicsMask
2025-7-27 07:41-debug: [[Executor]] Module "pack:///chunks/60/60fbb0f174330da825ee927691af9b9113a56708.js" loaded.
2025-7-27 07:41-debug: C:\xuhang\guandan\guandan\temp\programming\packer-driver\targets\editor\chunks\40\40d10caeb6372c22367e86f9510c235f59eebfd8.js resolved to C:\xuhang\guandan\guandan\temp\programming\packer-driver\targets\editor\chunks\40\40d10caeb6372c22367e86f9510c235f59eebfd8.js is not in module cache!
2025-7-27 07:41-debug: [[Executor]] Register CardAction
2025-7-27 07:41-debug: [[Executor]] Module "pack:///chunks/40/40d10caeb6372c22367e86f9510c235f59eebfd8.js" loaded.
2025-7-27 07:41-debug: [[Executor]] Register Test
2025-7-27 07:41-debug: C:\xuhang\guandan\guandan\temp\programming\packer-driver\targets\editor\chunks\ff\ff71117ab66fc0f8d00affc6b6b480c19dd34265.js resolved to C:\xuhang\guandan\guandan\temp\programming\packer-driver\targets\editor\chunks\ff\ff71117ab66fc0f8d00affc6b6b480c19dd34265.js is not in module cache!
2025-7-27 07:41-debug: [[Executor]] Register CardItem
2025-7-27 07:41-debug: [[Executor]] Module "pack:///chunks/ff/ff71117ab66fc0f8d00affc6b6b480c19dd34265.js" loaded.
2025-7-27 07:41-debug: C:\xuhang\guandan\guandan\temp\programming\packer-driver\targets\editor\chunks\90\90abbcbe0a4a16342c5dbaebb30f8cb262400999.js resolved to C:\xuhang\guandan\guandan\temp\programming\packer-driver\targets\editor\chunks\90\90abbcbe0a4a16342c5dbaebb30f8cb262400999.js is not in module cache!
2025-7-27 07:41-debug: C:\xuhang\guandan\guandan\temp\programming\packer-driver\targets\editor\chunks\ab\abba0afd37da033d2be71e66dba047e35fbe10da.js resolved to C:\xuhang\guandan\guandan\temp\programming\packer-driver\targets\editor\chunks\ab\abba0afd37da033d2be71e66dba047e35fbe10da.js is not in module cache!
2025-7-27 07:41-debug: [[Executor]] Register GameTimer
2025-7-27 07:41-debug: [[Executor]] Module "pack:///chunks/ab/abba0afd37da033d2be71e66dba047e35fbe10da.js" loaded.
2025-7-27 07:41-debug: [[Executor]] Register CardLayer
2025-7-27 07:41-debug: [[Executor]] Module "pack:///chunks/90/90abbcbe0a4a16342c5dbaebb30f8cb262400999.js" loaded.
2025-7-27 07:41-debug: C:\xuhang\guandan\guandan\temp\programming\packer-driver\targets\editor\chunks\12\1244dc28410897fa5fda9b11ef97e3dec9692176.js resolved to C:\xuhang\guandan\guandan\temp\programming\packer-driver\targets\editor\chunks\12\1244dc28410897fa5fda9b11ef97e3dec9692176.js is not in module cache!
2025-7-27 07:41-debug: [[Executor]] Register UserHead
2025-7-27 07:41-debug: [[Executor]] Module "pack:///chunks/12/1244dc28410897fa5fda9b11ef97e3dec9692176.js" loaded.
2025-7-27 07:41-debug: C:\xuhang\guandan\guandan\temp\programming\packer-driver\targets\editor\chunks\89\892e2eabe0d0fbb566ee0cc26dc5a4f3d8d82622.js resolved to C:\xuhang\guandan\guandan\temp\programming\packer-driver\targets\editor\chunks\89\892e2eabe0d0fbb566ee0cc26dc5a4f3d8d82622.js is not in module cache!
2025-7-27 07:41-debug: [[Executor]] Register GameEndKickUpLineItem
2025-7-27 07:41-debug: [[Executor]] Module "pack:///chunks/89/892e2eabe0d0fbb566ee0cc26dc5a4f3d8d82622.js" loaded.
2025-7-27 07:41-debug: C:\xuhang\guandan\guandan\temp\programming\packer-driver\targets\editor\chunks\c9\c93ae7c1637347340acb6d277dee0e753db08268.js resolved to C:\xuhang\guandan\guandan\temp\programming\packer-driver\targets\editor\chunks\c9\c93ae7c1637347340acb6d277dee0e753db08268.js is not in module cache!
2025-7-27 07:41-debug: [[Executor]] Module "pack:///chunks/c9/c93ae7c1637347340acb6d277dee0e753db08268.js" loaded.
2025-7-27 07:41-debug: [[Executor]] Register GameEndScoreRankLineItem
2025-7-27 07:41-debug: [[Executor]] Register RankAuditionLineItem
2025-7-27 07:41-debug: [[Executor]] Module "pack:///chunks/0f/0fc78c054c7d843f3a7113bf328e133981bf54fd.js" loaded.
2025-7-27 07:41-debug: C:\xuhang\guandan\guandan\temp\programming\packer-driver\targets\editor\chunks\0f\0fc78c054c7d843f3a7113bf328e133981bf54fd.js resolved to C:\xuhang\guandan\guandan\temp\programming\packer-driver\targets\editor\chunks\0f\0fc78c054c7d843f3a7113bf328e133981bf54fd.js is not in module cache!
2025-7-27 07:41-debug: C:\xuhang\guandan\guandan\temp\programming\packer-driver\targets\editor\chunks\48\4867e57b6c7b14203c78e2fa27444f3e3f63a6d2.js resolved to C:\xuhang\guandan\guandan\temp\programming\packer-driver\targets\editor\chunks\48\4867e57b6c7b14203c78e2fa27444f3e3f63a6d2.js is not in module cache!
2025-7-27 07:41-debug: [[Executor]] Module "pack:///chunks/48/4867e57b6c7b14203c78e2fa27444f3e3f63a6d2.js" loaded.
2025-7-27 07:41-debug: [[Executor]] Register RankKickLineItem
2025-7-27 07:41-debug: C:\xuhang\guandan\guandan\temp\programming\packer-driver\targets\editor\chunks\04\047df9e41e447975403fcc368cbe059a5ea79261.js resolved to C:\xuhang\guandan\guandan\temp\programming\packer-driver\targets\editor\chunks\04\047df9e41e447975403fcc368cbe059a5ea79261.js is not in module cache!
2025-7-27 07:41-debug: [[Executor]] Register RankScoreAudition
2025-7-27 07:41-debug: [[Executor]] Module "pack:///chunks/04/047df9e41e447975403fcc368cbe059a5ea79261.js" loaded.
2025-7-27 07:41-debug: C:\xuhang\guandan\guandan\temp\programming\packer-driver\targets\editor\chunks\cd\cd54b7595c3545803eafd03aa24a57d45eb9cdea.js resolved to C:\xuhang\guandan\guandan\temp\programming\packer-driver\targets\editor\chunks\cd\cd54b7595c3545803eafd03aa24a57d45eb9cdea.js is not in module cache!
2025-7-27 07:41-debug: [[Executor]] Module "pack:///chunks/cd/cd54b7595c3545803eafd03aa24a57d45eb9cdea.js" loaded.
2025-7-27 07:41-debug: [[Executor]] Register RankScorePersonLine
2025-7-27 07:41-debug: [[Executor]] Register RankScorePersonLine
2025-7-27 07:41-debug: C:\xuhang\guandan\guandan\temp\programming\packer-driver\targets\editor\chunks\42\42d267c257d66c8d3a92b50fdf065ca14fdad7c9.js resolved to C:\xuhang\guandan\guandan\temp\programming\packer-driver\targets\editor\chunks\42\42d267c257d66c8d3a92b50fdf065ca14fdad7c9.js is not in module cache!
2025-7-27 07:41-debug: [[Executor]] Module "pack:///chunks/42/42d267c257d66c8d3a92b50fdf065ca14fdad7c9.js" loaded.
2025-7-27 07:41-debug: C:\xuhang\guandan\guandan\temp\programming\packer-driver\targets\editor\chunks\53\53ec0ceae5ed31ed6a2352201b9db2f2f46f9828.js resolved to C:\xuhang\guandan\guandan\temp\programming\packer-driver\targets\editor\chunks\53\53ec0ceae5ed31ed6a2352201b9db2f2f46f9828.js is not in module cache!
2025-7-27 07:41-debug: [[Executor]] Register RankScoreTeamLine
2025-7-27 07:41-debug: [[Executor]] Module "pack:///chunks/53/53ec0ceae5ed31ed6a2352201b9db2f2f46f9828.js" loaded.
2025-7-27 07:41-debug: C:\xuhang\guandan\guandan\temp\programming\packer-driver\targets\editor\chunks\ee\ee0f6ad3e158df687590d956669e84d110fe23bf.js resolved to C:\xuhang\guandan\guandan\temp\programming\packer-driver\targets\editor\chunks\ee\ee0f6ad3e158df687590d956669e84d110fe23bf.js is not in module cache!
2025-7-27 07:41-debug: [[Executor]] Register RankRaceAuditionLineItem
2025-7-27 07:41-debug: [[Executor]] Module "pack:///chunks/ee/ee0f6ad3e158df687590d956669e84d110fe23bf.js" loaded.
2025-7-27 07:41-debug: C:\xuhang\guandan\guandan\temp\programming\packer-driver\targets\editor\chunks\36\36f3181ae3f577994e9a582f6849e29b03d10a25.js resolved to C:\xuhang\guandan\guandan\temp\programming\packer-driver\targets\editor\chunks\36\36f3181ae3f577994e9a582f6849e29b03d10a25.js is not in module cache!
2025-7-27 07:41-debug: [[Executor]] Register RankRaceKickLineItem
2025-7-27 07:41-debug: [[Executor]] Module "pack:///chunks/36/36f3181ae3f577994e9a582f6849e29b03d10a25.js" loaded.
2025-7-27 07:41-debug: C:\xuhang\guandan\guandan\temp\programming\packer-driver\targets\editor\chunks\1a\1a8c21dd11eefeca34634c7904024e12bdffa7f8.js resolved to C:\xuhang\guandan\guandan\temp\programming\packer-driver\targets\editor\chunks\1a\1a8c21dd11eefeca34634c7904024e12bdffa7f8.js is not in module cache!
2025-7-27 07:41-debug: [[Executor]] Register RankRaceScoreLineItem
2025-7-27 07:41-debug: [[Executor]] Module "pack:///chunks/1a/1a8c21dd11eefeca34634c7904024e12bdffa7f8.js" loaded.
2025-7-27 07:41-debug: C:\xuhang\guandan\guandan\temp\programming\packer-driver\targets\editor\chunks\27\27a4a8b88f676c780b63fe86d17c97e58fbbe5c9.js resolved to C:\xuhang\guandan\guandan\temp\programming\packer-driver\targets\editor\chunks\27\27a4a8b88f676c780b63fe86d17c97e58fbbe5c9.js is not in module cache!
2025-7-27 07:41-debug: [[Executor]] Register TeamLineItem
2025-7-27 07:41-debug: [[Executor]] Module "pack:///chunks/27/27a4a8b88f676c780b63fe86d17c97e58fbbe5c9.js" loaded.
2025-7-27 07:41-debug: C:\xuhang\guandan\guandan\temp\programming\packer-driver\targets\editor\chunks\02\020d34ff5f0b5de71d9de262ee8f3956275916e5.js resolved to C:\xuhang\guandan\guandan\temp\programming\packer-driver\targets\editor\chunks\02\020d34ff5f0b5de71d9de262ee8f3956275916e5.js is not in module cache!
2025-7-27 07:41-debug: C:\xuhang\guandan\guandan\temp\programming\packer-driver\targets\editor\chunks\88\88c1806ec0c96f92d56bfd67ab673707953736c2.js resolved to C:\xuhang\guandan\guandan\temp\programming\packer-driver\targets\editor\chunks\88\88c1806ec0c96f92d56bfd67ab673707953736c2.js is not in module cache!
2025-7-27 07:41-debug: [[Executor]] Module "pack:///chunks/88/88c1806ec0c96f92d56bfd67ab673707953736c2.js" loaded.
2025-7-27 07:41-debug: [[Executor]] Module "pack:///chunks/02/020d34ff5f0b5de71d9de262ee8f3956275916e5.js" loaded.
2025-7-27 07:41-debug: C:\xuhang\guandan\guandan\temp\programming\packer-driver\targets\editor\chunks\3b\3bfa46056a03f772c39cacdf8e63900148752667.js resolved to C:\xuhang\guandan\guandan\temp\programming\packer-driver\targets\editor\chunks\3b\3bfa46056a03f772c39cacdf8e63900148752667.js is not in module cache!
2025-7-27 07:41-debug: [[Executor]] Register PostMessage
2025-7-27 07:41-debug: [[Executor]] Module "pack:///chunks/3b/3bfa46056a03f772c39cacdf8e63900148752667.js" loaded.
2025-7-27 07:41-debug: C:\xuhang\guandan\guandan\temp\programming\packer-driver\targets\editor\chunks\76\7665b28602499012a300771fc936d1bd12902f36.js resolved to C:\xuhang\guandan\guandan\temp\programming\packer-driver\targets\editor\chunks\76\7665b28602499012a300771fc936d1bd12902f36.js is not in module cache!
2025-7-27 07:41-debug: C:\xuhang\guandan\guandan\temp\programming\packer-driver\targets\editor\chunks\e2\e22b6f02adf5d686a7ebd142d6b23614b189f373.js resolved to C:\xuhang\guandan\guandan\temp\programming\packer-driver\targets\editor\chunks\e2\e22b6f02adf5d686a7ebd142d6b23614b189f373.js is not in module cache!
2025-7-27 07:41-debug: C:\xuhang\guandan\guandan\temp\programming\packer-driver\targets\editor\chunks\cf\cfb07861cf572b7f20b4d362a5244031e34e1969.js resolved to C:\xuhang\guandan\guandan\temp\programming\packer-driver\targets\editor\chunks\cf\cfb07861cf572b7f20b4d362a5244031e34e1969.js is not in module cache!
2025-7-27 07:41-warn: ReferenceError: protobuf is not defined    at factory (file:///C:/xuhang/guandan/guandan/temp/programming/packer-driver/targets/editor/chunks/cf/file:/C:/xuhang/guandan/guandan/assets/scripts/proto/gameMsg.js:5335:5)    at CjsLoader._load (file:///C:/xuhang/guandan/guandan/temp/programming/packer-driver/targets/editor/chunks/e2/cce:/internal/ml/cjs-loader.mjs:78:9)    at CjsLoader._tryModuleLoad (file:///C:/xuhang/guandan/guandan/temp/programming/packer-driver/targets/editor/chunks/e2/cce:/internal/ml/cjs-loader.mjs:63:18)    at CjsLoader._require (file:///C:/xuhang/guandan/guandan/temp/programming/packer-driver/targets/editor/chunks/e2/cce:/internal/ml/cjs-loader.mjs:42:14)    at CjsLoader.require (file:///C:/xuhang/guandan/guandan/temp/programming/packer-driver/targets/editor/chunks/e2/cce:/internal/ml/cjs-loader.mjs:27:21)    at Object.execute (file:///C:/xuhang/guandan/guandan/temp/programming/packer-driver/targets/editor/chunks/76/file:/C:/xuhang/guandan/guandan/assets/scripts/proto/gameMsg.mjs?cjs=&original=.js:7:8)    at doExec (C:\ProgramData\cocos\editors\Creator\3.6.0\resources\app.asar\node_modules\@editor\lib-programming\static\executor\systemjs-bridge\out\index.js:517:30)    at postOrderExec (C:\ProgramData\cocos\editors\Creator\3.6.0\resources\app.asar\node_modules\@editor\lib-programming\static\executor\systemjs-bridge\out\index.js:508:21)    at C:\ProgramData\cocos\editors\Creator\3.6.0\resources\app.asar\node_modules\@editor\lib-programming\static\executor\systemjs-bridge\out\index.js:440:12    at file:///C:/xuhang/guandan/guandan/temp/programming/packer-driver/targets/editor/chunks/97/cce:/internal/x/prerequisite-imports:8:13
2025-7-27 07:41-log: pack:///chunks/76/7665b28602499012a300771fc936d1bd12902f36.jsReferenceError: protobuf is not defined    at factory (file:///C:/xuhang/guandan/guandan/temp/programming/packer-driver/targets/editor/chunks/cf/file:/C:/xuhang/guandan/guandan/assets/scripts/proto/gameMsg.js:5335:5)    at CjsLoader._load (file:///C:/xuhang/guandan/guandan/temp/programming/packer-driver/targets/editor/chunks/e2/cce:/internal/ml/cjs-loader.mjs:78:9)    at CjsLoader._tryModuleLoad (file:///C:/xuhang/guandan/guandan/temp/programming/packer-driver/targets/editor/chunks/e2/cce:/internal/ml/cjs-loader.mjs:63:18)    at CjsLoader._require (file:///C:/xuhang/guandan/guandan/temp/programming/packer-driver/targets/editor/chunks/e2/cce:/internal/ml/cjs-loader.mjs:42:14)    at CjsLoader.require (file:///C:/xuhang/guandan/guandan/temp/programming/packer-driver/targets/editor/chunks/e2/cce:/internal/ml/cjs-loader.mjs:27:21)    at Object.execute (file:///C:/xuhang/guandan/guandan/temp/programming/packer-driver/targets/editor/chunks/76/file:/C:/xuhang/guandan/guandan/assets/scripts/proto/gameMsg.mjs?cjs=&original=.js:7:8)    at doExec (C:\ProgramData\cocos\editors\Creator\3.6.0\resources\app.asar\node_modules\@editor\lib-programming\static\executor\systemjs-bridge\out\index.js:517:30)    at postOrderExec (C:\ProgramData\cocos\editors\Creator\3.6.0\resources\app.asar\node_modules\@editor\lib-programming\static\executor\systemjs-bridge\out\index.js:508:21)    at C:\ProgramData\cocos\editors\Creator\3.6.0\resources\app.asar\node_modules\@editor\lib-programming\static\executor\systemjs-bridge\out\index.js:440:12    at file:///C:/xuhang/guandan/guandan/temp/programming/packer-driver/targets/editor/chunks/97/cce:/internal/x/prerequisite-imports:8:13false
2025-7-27 07:41-debug: [[Executor]] Module "pack:///chunks/e2/e22b6f02adf5d686a7ebd142d6b23614b189f373.js" loaded.
2025-7-27 07:41-debug: [[Executor]] Module "pack:///chunks/cf/cfb07861cf572b7f20b4d362a5244031e34e1969.js" loaded.
2025-7-27 07:41-debug: C:\xuhang\guandan\guandan\temp\programming\packer-driver\targets\editor\chunks\d5\d5810d02e5541f953dfb304437da6cc352b2c034.js resolved to C:\xuhang\guandan\guandan\temp\programming\packer-driver\targets\editor\chunks\d5\d5810d02e5541f953dfb304437da6cc352b2c034.js is not in module cache!
2025-7-27 07:41-debug: [[Executor]] Register Game
2025-7-27 07:41-debug: [[Executor]] Module "pack:///chunks/d5/d5810d02e5541f953dfb304437da6cc352b2c034.js" loaded.
2025-7-27 07:41-debug: C:\xuhang\guandan\guandan\temp\programming\packer-driver\targets\editor\chunks\77\776735051ad7d6a6588e4bd87bf94ca6af847a0f.js resolved to C:\xuhang\guandan\guandan\temp\programming\packer-driver\targets\editor\chunks\77\776735051ad7d6a6588e4bd87bf94ca6af847a0f.js is not in module cache!
2025-7-27 07:41-debug: [[Executor]] Register Lobby
2025-7-27 07:41-debug: [[Executor]] Module "pack:///chunks/77/776735051ad7d6a6588e4bd87bf94ca6af847a0f.js" loaded.
2025-7-27 07:41-debug: C:\xuhang\guandan\guandan\temp\programming\packer-driver\targets\editor\chunks\71\71fa8ee7cd5bae0808b7d2c3d546732806480347.js resolved to C:\xuhang\guandan\guandan\temp\programming\packer-driver\targets\editor\chunks\71\71fa8ee7cd5bae0808b7d2c3d546732806480347.js is not in module cache!
2025-7-27 07:41-debug: [[Executor]] Register Start
2025-7-27 07:41-debug: [[Executor]] Module "pack:///chunks/71/71fa8ee7cd5bae0808b7d2c3d546732806480347.js" loaded.
2025-7-27 07:41-debug: C:\xuhang\guandan\guandan\temp\programming\packer-driver\targets\editor\chunks\90\90c8ac7ee1ac16904f1c7b57f131f4430ac1e8e9.js resolved to C:\xuhang\guandan\guandan\temp\programming\packer-driver\targets\editor\chunks\90\90c8ac7ee1ac16904f1c7b57f131f4430ac1e8e9.js is not in module cache!
2025-7-27 07:41-debug: [[Executor]] Module "pack:///chunks/90/90c8ac7ee1ac16904f1c7b57f131f4430ac1e8e9.js" loaded.
2025-7-27 07:41-debug: [[Executor]] Register TestProto
2025-7-27 07:41-debug: C:\xuhang\guandan\guandan\temp\programming\packer-driver\targets\editor\chunks\6f\6ffdfe97e8167ef461eaaa842ddbb38c6e44bcf9.js resolved to C:\xuhang\guandan\guandan\temp\programming\packer-driver\targets\editor\chunks\6f\6ffdfe97e8167ef461eaaa842ddbb38c6e44bcf9.js is not in module cache!
2025-7-27 07:41-debug: [[Executor]] Module "pack:///chunks/6f/6ffdfe97e8167ef461eaaa842ddbb38c6e44bcf9.js" loaded.
2025-7-27 07:41-debug: Reload project scripts √10%
2025-7-27 07:41-debug: Query asset bundle start10%
2025-7-27 07:41-log: // ---- Query asset bundle ----
2025-7-27 07:41-debug: Process: heapTotal 208.80MB heapUsed 190.43MB rss 172.54MB
2025-7-27 07:41-debug: C:\xuhang\guandan\guandan\temp\programming\packer-driver\targets\editor\chunks\17\1718d2cbc034265c14d9e7a011e6594cb0a675fc.js resolved to C:\xuhang\guandan\guandan\temp\programming\packer-driver\targets\editor\chunks\17\1718d2cbc034265c14d9e7a011e6594cb0a675fc.js is not in module cache!
2025-7-27 07:41-debug: [[Executor]] Module "pack:///chunks/97/978b22243191fdd96aabdcebbba296d0810bc72d.js" loaded.
2025-7-27 07:41-debug: [[Executor]] Module "pack:///chunks/17/1718d2cbc034265c14d9e7a011e6594cb0a675fc.js" loaded.
2025-7-27 07:41-debug: Query and organize assets start11%
2025-7-27 07:41-debug: Query asset bundle √11%
2025-7-27 07:41-debug: Process: heapTotal 208.80MB heapUsed 190.49MB rss 172.58MB
2025-7-27 07:41-log: // ---- Query and organize assets ----
2025-7-27 07:41-debug: Query preload assets from cc.config.json: 60f7195c-ec2a-45eb-ba94-8955f60e81d0,1c02ae6f-4492-4915-b8f8-7492a3b1e4cd,810e96e4-e456-4468-9b59-f4e8f39732c0,efe8e2a3-eace-427b-b4f1-cb8a937ec77d,e9aa9a3e-5b2b-4ac7-a2c7-073de2b2b24f,8bbdbcdd-5cd4-4100-b6d5-b7c9625b6107,50f4348b-c883-4e2f-8f11-ce233b859fa1,fda095cb-831d-4601-ad94-846013963de8,f92806d7-1768-443f-afe8-12bcde84d0f0,dd3a144d-ab7f-41f0-82b8-2e43a090d496,f0416e68-0200-4b77-a926-4f9d16e494da,1baf0fc9-befa-459c-8bdd-af1a450a0319,511d2633-09a7-4bdd-ac42-f778032124b3,5d45aa00-e064-4938-b314-4265f0c2258c,28d6d6b8-3f66-4a73-9795-17a0852ba2d4,ec8106fe-05bf-4e94-943c-e0d3b7bb5e45,620b6bf3-0369-4560-837f-2a2c00b73c26,ff9be190-20a4-4e48-b68c-76e3c7cff085,970b0598-bcb0-4714-91fb-2e81440dccd8,bcd64cc6-2dd9-43f6-abbe-66318d332032,d930590d-bb92-4cc8-8bd1-23cd027f9edf,a3cd009f-0ab0-420d-9278-b9fdab939bbc,9361fd90-ba52-4f84-aa93-6e878fd576ca,871c3b6c-7379-419d-bda3-794b239ab90d,c27215d8-6835-4b68-bfbb-bdeac6100c04,b5d6115f-0370-4d7c-aad3-c194cc71cf98
2025-7-27 07:41-debug: Number of scenes: 2
2025-7-27 07:42-warn: The SpriteFrame used by component "cc.Sprite" is missing. Detailed information:Node path: "Canvas/微信图片_2025-07-23_231309_479"Missing uuid: "ff8d3bde-dbb6-4bfd-94d7-2498d2fe4817@f9941"
2025-7-27 07:42-debug: Number of assets: 1541
2025-7-27 07:42-debug: Number of asset bundle: 3
2025-7-27 07:42-debug: Query and organize assets √13%
2025-7-27 07:42-debug: Organize scripts start13%
2025-7-27 07:42-log: // ---- Organize scripts ----
2025-7-27 07:42-debug: Process: heapTotal 225.30MB heapUsed 205.29MB rss 198.20MB
2025-7-27 07:42-debug: sort script group...
2025-7-27 07:42-debug: Organize scripts √14%
2025-7-27 07:42-debug: Organize texture compression tasks start14%
2025-7-27 07:42-log: // ---- Organize texture compression tasks ----
2025-7-27 07:42-debug: Process: heapTotal 225.30MB heapUsed 205.43MB rss 198.21MB
2025-7-27 07:42-debug: Number of image-compress task: 0
2025-7-27 07:42-debug: Organize texture compression tasks √15%
2025-7-27 07:42-debug: Group json start15%
2025-7-27 07:42-log: // ---- Group json ----
2025-7-27 07:42-debug: Process: heapTotal 225.30MB heapUsed 206.80MB rss 199.43MB
2025-7-27 07:42-debug: Number of json group: 210
2025-7-27 07:42-debug: Group json √16%
2025-7-27 07:42-debug: Merging Texture2D json start16%
2025-7-27 07:42-log: // ---- Merging Texture2D json ----
2025-7-27 07:42-debug: Process: heapTotal 225.30MB heapUsed 210.24MB rss 200.71MB
2025-7-27 07:42-debug: Merging Texture2D json √18%
2025-7-27 07:42-debug: Sort import-map.json start18%
2025-7-27 07:42-log: // ---- Sort import-map.json ----
2025-7-27 07:42-debug: Process: heapTotal 225.36MB heapUsed 203.53MB rss 200.55MB
2025-7-27 07:42-debug: Sort import-map.json √19%
2025-7-27 07:42-debug: // ---- web-mobile:(onBeforeBuildAssets) ----
2025-7-27 07:42-debug: Process: heapTotal 225.36MB heapUsed 203.55MB rss 200.55MB
2025-7-27 07:42-debug: web-mobile:(onBeforeBuildAssets)21%
2025-7-27 07:42-debug: // ---- localization-editor:(onBeforeBuildAssets) ----
2025-7-27 07:42-debug: Process: heapTotal 225.36MB heapUsed 203.63MB rss 200.55MB
2025-7-27 07:42-debug: // ---- web-mobile:(onBeforeBuildAssets) success ----
2025-7-27 07:42-debug: web-mobile:(onBeforeBuildAssets) start...19%
2025-7-27 07:42-debug: localization-editor:(onBeforeBuildAssets) start...21%
2025-7-27 07:42-debug: // ---- localization-editor:(onBeforeBuildAssets) success ----
2025-7-27 07:42-debug: Build auto-atlas start23%
2025-7-27 07:42-debug: localization-editor:(onBeforeBuildAssets)23%
2025-7-27 07:42-debug: Process: heapTotal 225.36MB heapUsed 203.72MB rss 199.92MB
2025-7-27 07:42-log: // ---- Build auto-atlas ----
2025-7-27 07:42-debug: Build auto-atlas √30%
2025-7-27 07:42-debug: Compress Image start30%
2025-7-27 07:42-log: // ---- Compress Image ----
2025-7-27 07:42-debug: Process: heapTotal 225.36MB heapUsed 203.80MB rss 199.93MB
2025-7-27 07:42-debug: Compress Image √37%
2025-7-27 07:42-debug: Copy the resource start37%
2025-7-27 07:42-log: // ---- Copy the resource ----
2025-7-27 07:42-debug: Process: heapTotal 225.36MB heapUsed 203.82MB rss 199.93MB
2025-7-27 07:42-debug: Asset Bundle(internal) handle assets: 26
2025-7-27 07:42-debug: Asset Bundle(resources) handle assets: 1498
2025-7-27 07:42-debug: Asset Bundle(main) handle assets: 97
2025-7-27 07:42-debug: Copy the resource √43%
2025-7-27 07:42-debug: Build the grouped json and scatter files to the specified location start43%
2025-7-27 07:42-log: // ---- Build the grouped json and scatter files to the specified location ----
2025-7-27 07:42-debug: Process: heapTotal 225.86MB heapUsed 205.11MB rss 200.87MB
2025-7-27 07:42-debug: Json group(0cac1a735) compile success，json number: 6
2025-7-27 07:42-debug: getSerializedJSON: Use cache serialized JSON of asset ({asset(db://assets/resources/texture/race/line.png)})
2025-7-27 07:42-debug: getSerializedJSON: Use cache serialized JSON of asset ({asset(db://assets/resources/texture/game/btn_hint.png)})
2025-7-27 07:42-debug: getSerializedJSON: Use cache serialized JSON of asset ({asset(db://assets/resources/spine/card/sanbudai.png)})
2025-7-27 07:42-debug: getSerializedJSON: Use cache serialized JSON of asset ({asset(db://assets/resources/texture/game/dir_zong.png)})
2025-7-27 07:42-debug: getSerializedJSON: Use cache serialized JSON of asset ({asset(db://assets/resources/texture/race/center.png)})
2025-7-27 07:42-debug: getSerializedJSON: Use cache serialized JSON of asset ({asset(db://assets/resources/texture/game/star.png)})
2025-7-27 07:42-debug: getSerializedJSON: Use cache serialized JSON of asset ({asset(db://assets/resources/texture/rank/score_1_0.png)})
2025-7-27 07:42-debug: getSerializedJSON: Use cache serialized JSON of asset ({asset(db://assets/resources/texture/game/btn_no_out.png)})
2025-7-27 07:42-debug: getSerializedJSON: Use cache serialized JSON of asset ({asset(db://assets/resources/texture/gamEnds/level_up.png)})
2025-7-27 07:42-debug: getSerializedJSON: Use cache serialized JSON of asset ({asset(db://assets/resources/texture/common/Web_bg.png)})
2025-7-27 07:42-debug: getSerializedJSON: Use cache serialized JSON of asset ({asset(db://assets/resources/texture/gamEndScore/1_1.png)})
2025-7-27 07:42-debug: getSerializedJSON: Use cache serialized JSON of asset ({asset(db://assets/resources/texture/game/clock.png)})
2025-7-27 07:42-debug: getSerializedJSON: Use cache serialized JSON of asset ({asset(db://assets/resources/texture/game/downCard.png)})
2025-7-27 07:42-debug: getSerializedJSON: Use cache serialized JSON of asset ({asset(db://assets/resources/texture/game/btn_out.png)})
2025-7-27 07:42-debug: getSerializedJSON: Use cache serialized JSON of asset ({asset(db://assets/resources/spine/card/shunzi.png)})
2025-7-27 07:42-debug: getSerializedJSON: Use cache serialized JSON of asset ({asset(db://assets/resources/texture/common/create.png)})
2025-7-27 07:42-debug: getSerializedJSON: Use cache serialized JSON of asset ({asset(db://assets/resources/texture/gamEnds/title_lose.png)})
2025-7-27 07:42-debug: getSerializedJSON: Use cache serialized JSON of asset ({asset(db://assets/resources/texture/big/bg_meng.jpg)})
2025-7-27 07:42-debug: getSerializedJSON: Use cache serialized JSON of asset ({asset(db://assets/resources/texture/game/team_other.png)})
2025-7-27 07:42-debug: getSerializedJSON: Use cache serialized JSON of asset ({asset(db://assets/resources/texture/big/rank_top_bg.png)})
2025-7-27 07:42-debug: getSerializedJSON: Use cache serialized JSON of asset ({asset(db://assets/resources/texture/gamEnds/light_lose.png)})
2025-7-27 07:42-debug: getSerializedJSON: Use cache serialized JSON of asset ({asset(db://assets/resources/texture/game/button.png)})
2025-7-27 07:42-debug: getSerializedJSON: Use cache serialized JSON of asset ({asset(db://assets/resources/spine/match/serch.png)})
2025-7-27 07:42-debug: getSerializedJSON: Use cache serialized JSON of asset ({asset(db://assets/resources/texture/rank/score_1_1.png)})
2025-7-27 07:42-debug: getSerializedJSON: Use cache serialized JSON of asset ({asset(db://assets/resources/texture/game/current_num.png)})
2025-7-27 07:42-debug: getSerializedJSON: Use cache serialized JSON of asset ({asset(db://assets/resources/texture/rank/rank.png)})
2025-7-27 07:42-debug: getSerializedJSON: Use cache serialized JSON of asset ({asset(db://assets/resources/texture/card/tonghuashun.png)})
2025-7-27 07:42-debug: getSerializedJSON: Use cache serialized JSON of asset ({asset(db://assets/resources/texture/common/creategame.png)})
2025-7-27 07:42-debug: getSerializedJSON: Use cache serialized JSON of asset ({asset(db://assets/resources/texture/card/liandui.png)})
2025-7-27 07:42-debug: getSerializedJSON: Use cache serialized JSON of asset ({asset(db://assets/resources/texture/gamEnds/1-2.png)})
2025-7-27 07:42-debug: getSerializedJSON: Use cache serialized JSON of asset ({asset(db://assets/resources/texture/game/yjlp.png)})
2025-7-27 07:42-debug: getSerializedJSON: Use cache serialized JSON of asset ({asset(db://assets/resources/texture/common/share.png)})
2025-7-27 07:42-debug: getSerializedJSON: Use cache serialized JSON of asset ({asset(db://assets/resources/texture/common/share_s.png)})
2025-7-27 07:42-debug: getSerializedJSON: Use cache serialized JSON of asset ({asset(db://assets/resources/texture/gamEnds/1-1.png)})
2025-7-27 07:42-debug: getSerializedJSON: Use cache serialized JSON of asset ({asset(db://assets/resources/texture/game/raceUp.png)})
2025-7-27 07:42-debug: getSerializedJSON: Use cache serialized JSON of asset ({asset(db://assets/resources/texture/teamUp/teamUp_1.png)})
2025-7-27 07:42-debug: getSerializedJSON: Use cache serialized JSON of asset ({asset(db://assets/resources/texture/gamEnds/end_1.png)})
2025-7-27 07:42-debug: getSerializedJSON: Use cache serialized JSON of asset ({asset(db://assets/resources/texture/big/race_free.png)})
2025-7-27 07:42-debug: getSerializedJSON: Use cache serialized JSON of asset ({asset(db://assets/resources/texture/common/join.png)})
2025-7-27 07:42-debug: getSerializedJSON: Use cache serialized JSON of asset ({asset(db://assets/resources/texture/gamEnds/time_bg.png)})
2025-7-27 07:42-debug: getSerializedJSON: Use cache serialized JSON of asset ({asset(db://assets/resources/texture/rank/score_0_1.png)})
2025-7-27 07:42-debug: getSerializedJSON: Use cache serialized JSON of asset ({asset(db://assets/resources/texture/loading/loading.png)})
2025-7-27 07:42-debug: getSerializedJSON: Use cache serialized JSON of asset ({asset(db://assets/resources/texture/card/wuzha.png)})
2025-7-27 07:42-debug: getSerializedJSON: Use cache serialized JSON of asset ({asset(db://assets/resources/texture/card/sandaier.png)})
2025-7-27 07:42-debug: getSerializedJSON: Use cache serialized JSON of asset ({asset(db://assets/resources/texture/big/mask_top.png)})
2025-7-27 07:42-debug: getSerializedJSON: Use cache serialized JSON of asset ({asset(db://assets/resources/texture/gamEnds/end_3.png)})
2025-7-27 07:42-debug: getSerializedJSON: Use cache serialized JSON of asset ({asset(db://assets/resources/texture/gamEnds/1-4.png)})
2025-7-27 07:42-debug: getSerializedJSON: Use cache serialized JSON of asset ({asset(db://assets/resources/texture/game/gameStartNotice.png)})
2025-7-27 07:42-debug: getSerializedJSON: Use cache serialized JSON of asset ({asset(db://assets/resources/texture/game/tip_no_out.png)})
2025-7-27 07:42-debug: getSerializedJSON: Use cache serialized JSON of asset ({asset(db://assets/resources/spine/freeMatch/renwunv.png)})
2025-7-27 07:42-debug: getSerializedJSON: Use cache serialized JSON of asset ({asset(db://assets/resources/texture/common/Check_1.png)})
2025-7-27 07:42-debug: getSerializedJSON: Use cache serialized JSON of asset ({asset(db://assets/resources/texture/game/tip_1.png)})
2025-7-27 07:42-debug: getSerializedJSON: Use cache serialized JSON of asset ({asset(db://assets/resources/texture/game/team_self.png)})
2025-7-27 07:42-debug: getSerializedJSON: Use cache serialized JSON of asset ({asset(db://assets/resources/texture/game/game_bg.png)})
2025-7-27 07:42-debug: getSerializedJSON: Use cache serialized JSON of asset ({asset(db://assets/resources/texture/rank/tab_2_0.png)})
2025-7-27 07:42-debug: getSerializedJSON: Use cache serialized JSON of asset ({asset(db://assets/resources/texture/common/close.png)})
2025-7-27 07:42-debug: getSerializedJSON: Use cache serialized JSON of asset ({asset(db://assets/resources/texture/game/tip_bg.png)})
2025-7-27 07:42-debug: getSerializedJSON: Use cache serialized JSON of asset ({asset(db://assets/resources/texture/gamEnds/level_down.png)})
2025-7-27 07:42-debug: getSerializedJSON: Use cache serialized JSON of asset ({asset(db://assets/resources/texture/race/big_score.png)})
2025-7-27 07:42-debug: getSerializedJSON: Use cache serialized JSON of asset ({asset(db://assets/resources/texture/game/btn_set.png)})
2025-7-27 07:42-debug: getSerializedJSON: Use cache serialized JSON of asset ({asset(db://assets/resources/texture/gamEnds/vs.png)})
2025-7-27 07:42-debug: getSerializedJSON: Use cache serialized JSON of asset ({asset(db://assets/resources/texture/rank/tab_2_1.png)})
2025-7-27 07:42-debug: getSerializedJSON: Use cache serialized JSON of asset ({asset(db://assets/resources/texture/game/tip_no_out_2.png)})
2025-7-27 07:42-debug: getSerializedJSON: Use cache serialized JSON of asset ({asset(db://assets/resources/spine/card/jiefeng.png)})
2025-7-27 07:42-debug: getSerializedJSON: Use cache serialized JSON of asset ({asset(db://assets/resources/texture/game/setDown.png)})
2025-7-27 07:42-debug: getSerializedJSON: Use cache serialized JSON of asset ({asset(db://assets/resources/texture/gamEndScore/2_1.png)})
2025-7-27 07:42-debug: getSerializedJSON: Use cache serialized JSON of asset ({asset(db://assets/resources/texture/gamEnds/end_2.png)})
2025-7-27 07:42-debug: getSerializedJSON: Use cache serialized JSON of asset ({asset(db://assets/resources/spine/freeMatch/pipei.png)})
2025-7-27 07:42-debug: getSerializedJSON: Use cache serialized JSON of asset ({asset(db://assets/resources/texture/game/dir_heng.png)})
2025-7-27 07:42-debug: getSerializedJSON: Use cache serialized JSON of asset ({asset(db://assets/resources/texture/gamEnds/light_win.png)})
2025-7-27 07:42-debug: getSerializedJSON: Use cache serialized JSON of asset ({asset(db://assets/resources/texture/big/race_audition.png)})
2025-7-27 07:42-debug: getSerializedJSON: Use cache serialized JSON of asset ({asset(db://assets/resources/texture/card/sizha.png)})
2025-7-27 07:42-debug: getSerializedJSON: Use cache serialized JSON of asset ({asset(db://assets/resources/texture/big/race_score.png)})
2025-7-27 07:42-debug: getSerializedJSON: Use cache serialized JSON of asset ({asset(db://assets/resources/spine/card/dzz_cj_wl.png)})
2025-7-27 07:42-debug: getSerializedJSON: Use cache serialized JSON of asset ({asset(db://assets/resources/texture/common/inputback.png)})
2025-7-27 07:42-debug: getSerializedJSON: Use cache serialized JSON of asset ({asset(db://assets/resources/texture/rank/scorelienBack.png)})
2025-7-27 07:42-debug: getSerializedJSON: Use cache serialized JSON of asset ({asset(db://assets/resources/texture/gamEnds/end_6.png)})
2025-7-27 07:42-debug: getSerializedJSON: Use cache serialized JSON of asset ({asset(db://assets/resources/texture/race/head.png)})
2025-7-27 07:42-debug: getSerializedJSON: Use cache serialized JSON of asset ({asset(db://assets/resources/texture/game/teamCreate.png)})
2025-7-27 07:42-debug: getSerializedJSON: Use cache serialized JSON of asset ({asset(db://assets/resources/spine/card/muban.png)})
2025-7-27 07:42-debug: getSerializedJSON: Use cache serialized JSON of asset ({asset(db://assets/resources/texture/gamEnds/title_down.png)})
2025-7-27 07:42-debug: getSerializedJSON: Use cache serialized JSON of asset ({asset(db://assets/resources/texture/race/left.png)})
2025-7-27 07:42-debug: getSerializedJSON: Use cache serialized JSON of asset ({asset(db://assets/resources/texture/gamEndScore/1_0.png)})
2025-7-27 07:42-debug: getSerializedJSON: Use cache serialized JSON of asset ({asset(db://assets/resources/texture/game/bottom.png)})
2025-7-27 07:42-debug: getSerializedJSON: Use cache serialized JSON of asset ({asset(db://assets/resources/texture/card/wangzha.png)})
2025-7-27 07:42-debug: getSerializedJSON: Use cache serialized JSON of asset ({asset(db://assets/resources/texture/game/current_time.png)})
2025-7-27 07:42-debug: getSerializedJSON: Use cache serialized JSON of asset ({asset(db://assets/resources/texture/gamEnds/1-3.png)})
2025-7-27 07:42-debug: getSerializedJSON: Use cache serialized JSON of asset ({asset(db://assets/resources/texture/gamEndScore/2_0.png)})
2025-7-27 07:42-debug: getSerializedJSON: Use cache serialized JSON of asset ({asset(db://assets/resources/texture/logo/logo.png)})
2025-7-27 07:42-debug: getSerializedJSON: Use cache serialized JSON of asset ({asset(db://assets/resources/texture/gamEnds/title_up.png)})
2025-7-27 07:42-debug: getSerializedJSON: Use cache serialized JSON of asset ({asset(db://assets/resources/texture/card/liuzha.png)})
2025-7-27 07:42-debug: getSerializedJSON: Use cache serialized JSON of asset ({asset(db://assets/resources/texture/game/rule.png)})
2025-7-27 07:42-debug: getSerializedJSON: Use cache serialized JSON of asset ({asset(db://assets/resources/texture/game/team_leader.png)})
2025-7-27 07:42-debug: getSerializedJSON: Use cache serialized JSON of asset ({asset(db://assets/resources/texture/gamEnds/title_win.png)})
2025-7-27 07:42-debug: getSerializedJSON: Use cache serialized JSON of asset ({asset(db://assets/resources/spine/card/sandaiyidui.png)})
2025-7-27 07:42-debug: getSerializedJSON: Use cache serialized JSON of asset ({asset(db://assets/resources/texture/game/teamJoin.png)})
2025-7-27 07:42-debug: getSerializedJSON: Use cache serialized JSON of asset ({asset(db://assets/resources/texture/big/bg.png)})
2025-7-27 07:42-debug: getSerializedJSON: Use cache serialized JSON of asset ({asset(db://assets/resources/texture/race/color_box.png)})
2025-7-27 07:42-debug: getSerializedJSON: Use cache serialized JSON of asset ({asset(db://assets/resources/texture/race/right.png)})
2025-7-27 07:42-debug: getSerializedJSON: Use cache serialized JSON of asset ({asset(db://assets/resources/texture/game/public_res.png)})
2025-7-27 07:42-debug: getSerializedJSON: Use cache serialized JSON of asset ({asset(db://assets/resources/texture/rank/score_0_0.png)})
2025-7-27 07:42-debug: getSerializedJSON: Use cache serialized JSON of asset ({asset(db://assets/resources/texture/game/score_bg.png)})
2025-7-27 07:42-debug: getSerializedJSON: Use cache serialized JSON of asset ({asset(db://assets/resources/texture/game/cardtab.png)})
2025-7-27 07:42-debug: getSerializedJSON: Use cache serialized JSON of asset ({asset(db://assets/resources/texture/rank/scoreRankBg.png)})
2025-7-27 07:42-debug: getSerializedJSON: Use cache serialized JSON of asset ({asset(db://assets/resources/texture/big/mask_bottom.png)})
2025-7-27 07:42-debug: getSerializedJSON: Use cache serialized JSON of asset ({asset(db://assets/resources/texture/common/Check_0.png)})
2025-7-27 07:42-debug: getSerializedJSON: Use cache serialized JSON of asset ({asset(db://assets/resources/texture/game/btn_back.png)})
2025-7-27 07:42-debug: getSerializedJSON: Use cache serialized JSON of asset ({asset(db://assets/resources/texture/gamEnds/end_7.png)})
2025-7-27 07:42-debug: getSerializedJSON: Use cache serialized JSON of asset ({asset(db://assets/resources/texture/card/a_cards.png)})
2025-7-27 07:42-debug: getSerializedJSON: Use cache serialized JSON of asset ({asset(db://assets/resources/texture/common/Web_back.png)})
2025-7-27 07:42-debug: getSerializedJSON: Use cache serialized JSON of asset ({asset(db://assets/resources/texture/teamUp/teamUp_2.png)})
2025-7-27 07:42-debug: getSerializedJSON: Use cache serialized JSON of asset ({asset(db://assets/resources/texture/big/rank_bg.png)})
2025-7-27 07:42-debug: getSerializedJSON: Use cache serialized JSON of asset ({asset(db://assets/resources/texture/gamEnds/bg_win.png)})
2025-7-27 07:42-debug: getSerializedJSON: Use cache serialized JSON of asset ({asset(db://assets/resources/spine/card/xiaozhadan.png)})
2025-7-27 07:42-debug: getSerializedJSON: Use cache serialized JSON of asset ({asset(db://assets/resources/texture/common/common.png)})
2025-7-27 07:42-debug: getSerializedJSON: Use cache serialized JSON of asset ({asset(db://assets/resources/texture/gamEndScore/score_title.png)})
2025-7-27 07:42-debug: getSerializedJSON: Use cache serialized JSON of asset ({asset(db://assets/resources/texture/game/tip_2.png)})
2025-7-27 07:42-debug: getSerializedJSON: Use cache serialized JSON of asset ({asset(db://assets/resources/spine/card/tonghuashun.png)})
2025-7-27 07:42-debug: getSerializedJSON: Use cache serialized JSON of asset ({asset(db://assets/resources/spine/card/dazhadan.png)})
2025-7-27 07:42-debug: getSerializedJSON: Use cache serialized JSON of asset ({asset(db://assets/resources/texture/gamEndScore/score_tip.png)})
2025-7-27 07:42-debug: getSerializedJSON: Use cache serialized JSON of asset ({asset(db://assets/resources/texture/card/shunzi.png)})
2025-7-27 07:42-debug: getSerializedJSON: Use cache serialized JSON of asset ({asset(db://assets/resources/texture/big/rank_left.png)})
2025-7-27 07:42-debug: getSerializedJSON: Use cache serialized JSON of asset ({asset(db://assets/resources/texture/gamEnds/end_5.png)})
2025-7-27 07:42-debug: getSerializedJSON: Use cache serialized JSON of asset ({asset(db://assets/resources/texture/game/owner.png)})
2025-7-27 07:42-debug: getSerializedJSON: Use cache serialized JSON of asset ({asset(db://assets/resources/texture/gamEnds/land_game.png)})
2025-7-27 07:42-debug: getSerializedJSON: Use cache serialized JSON of asset ({asset(db://assets/resources/texture/big/color.png)})
2025-7-27 07:42-debug: getSerializedJSON: Use cache serialized JSON of asset ({asset(db://assets/resources/spine/card/wangzha.png)})
2025-7-27 07:42-debug: getSerializedJSON: Use cache serialized JSON of asset ({asset(db://assets/resources/texture/big/race_cleanout.png)})
2025-7-27 07:42-debug: getSerializedJSON: Use cache serialized JSON of asset ({asset(db://assets/resources/texture/gamEnds/bg_lose.png)})
2025-7-27 07:42-debug: getSerializedJSON: Use cache serialized JSON of asset ({asset(db://assets/resources/texture/game/game.png)})
2025-7-27 07:42-debug: getSerializedJSON: Use cache serialized JSON of asset ({asset(db://assets/resources/texture/big/teamLine.png)})
2025-7-27 07:42-debug: getSerializedJSON: Use cache serialized JSON of asset ({asset(db://assets/resources/texture/common/btnAdd.png)})
2025-7-27 07:42-debug: getSerializedJSON: Use cache serialized JSON of asset ({asset(db://assets/resources/spine/card/gangban.png)})
2025-7-27 07:42-debug: getSerializedJSON: Use cache serialized JSON of asset ({asset(db://assets/resources/prefab/AppGlobal.prefab)})
2025-7-27 07:42-debug: getSerializedJSON: Use cache serialized JSON of asset ({asset(db://assets/resources/audio/sound/click.wav)})
2025-7-27 07:42-debug: Json group(090c05a0e) compile success，json number: 6
2025-7-27 07:42-debug: getSerializedJSON: Use cache serialized JSON of asset ({asset(db://assets/resources/prefab/CreateTeamItem.prefab)})
2025-7-27 07:42-debug: Json group(0cab45bea) compile success，json number: 6
2025-7-27 07:42-debug: Json group(0bc6354a3) compile success，json number: 6
2025-7-27 07:42-debug: getSerializedJSON: Use cache serialized JSON of asset ({asset(db://assets/resources/prefab/MessageBoxCommon.prefab)})
2025-7-27 07:42-debug: Json group(07fb411d6) compile success，json number: 6
2025-7-27 07:42-debug: getSerializedJSON: Use cache serialized JSON of asset ({asset(db://assets/resources/prefab/MessageBoxCommonTest.prefab)})
2025-7-27 07:42-debug: Json group(0b9b221d8) compile success，json number: 6
2025-7-27 07:42-debug: Json group(0a9be437f) compile success，json number: 6
2025-7-27 07:42-debug: getSerializedJSON: Use cache serialized JSON of asset ({asset(db://assets/resources/prefab/SettingItem.prefab)})
2025-7-27 07:42-debug: Json group(05d12060e) compile success，json number: 6
2025-7-27 07:42-debug: getSerializedJSON: Use cache serialized JSON of asset ({asset(db://assets/resources/prefab/WaitItem.prefab)})
2025-7-27 07:42-debug: Json group(0f2494487) compile success，json number: 6
2025-7-27 07:42-debug: Json group(04a418b0c) compile success，json number: 6
2025-7-27 07:42-debug: getSerializedJSON: Use cache serialized JSON of asset ({asset(db://assets/resources/prefab/game/UserHead.prefab)})
2025-7-27 07:42-debug: Json group(0bdd062a4) compile success，json number: 6
2025-7-27 07:42-debug: getSerializedJSON: Use cache serialized JSON of asset ({asset(db://assets/resources/prefab/gameEndAudition/GameEndAuditionHeadItem.prefab)})
2025-7-27 07:42-debug: Json group(0992b45f1) compile success，json number: 6
2025-7-27 07:42-debug: getSerializedJSON: Use cache serialized JSON of asset ({asset(db://assets/resources/prefab/gameEndAudition/GameEndAuditionItem.prefab)})
2025-7-27 07:42-debug: Json group(06cc9b147) compile success，json number: 6
2025-7-27 07:42-debug: getSerializedJSON: Use cache serialized JSON of asset ({asset(db://assets/resources/prefab/gameEndFree/GameEndFreeItem.prefab)})
2025-7-27 07:42-debug: Json group(04f6f0a5a) compile success，json number: 6
2025-7-27 07:42-debug: getSerializedJSON: Use cache serialized JSON of asset ({asset(db://assets/resources/prefab/gameEndKick/GameEndKickHeadItem.prefab)})
2025-7-27 07:42-debug: Json group(05f3df92a) compile success，json number: 6
2025-7-27 07:42-debug: getSerializedJSON: Use cache serialized JSON of asset ({asset(db://assets/resources/prefab/gameEndKick/GameEndKickItem.prefab)})
2025-7-27 07:42-debug: Json group(057958a53) compile success，json number: 6
2025-7-27 07:42-debug: getSerializedJSON: Use cache serialized JSON of asset ({asset(db://assets/resources/prefab/gameEndKickUp/GameEndKickUpLineItem.prefab)})
2025-7-27 07:42-debug: getSerializedJSON: Use cache serialized JSON of asset ({asset(db://assets/resources/prefab/gameEndKickUp/GameEndKickUpItem.prefab)})
2025-7-27 07:42-debug: Json group(0ce26a28e) compile success，json number: 6
2025-7-27 07:42-debug: getSerializedJSON: Use cache serialized JSON of asset ({asset(db://assets/resources/prefab/gameEndScoreRank/GameEndScoreRankLineItem.prefab)})
2025-7-27 07:42-debug: getSerializedJSON: Use cache serialized JSON of asset ({asset(db://assets/resources/prefab/gameEndScoreRank/GameEndScoreRankItem.prefab)})
2025-7-27 07:42-debug: Json group(0fce55781) compile success，json number: 6
2025-7-27 07:42-debug: getSerializedJSON: Use cache serialized JSON of asset ({asset(db://assets/resources/prefab/gameStartNotice/FreeUpItem.prefab)})
2025-7-27 07:42-debug: Json group(0e8194be7) compile success，json number: 6
2025-7-27 07:42-debug: getSerializedJSON: Use cache serialized JSON of asset ({asset(db://assets/resources/prefab/gameStartNotice/GameStartNotice.prefab)})
2025-7-27 07:42-debug: Json group(081e790f3) compile success，json number: 6
2025-7-27 07:42-debug: getSerializedJSON: Use cache serialized JSON of asset ({asset(db://assets/resources/spine/freeMatch/pipei.json)})
2025-7-27 07:42-debug: getSerializedJSON: Use cache serialized JSON of asset ({asset(db://assets/resources/prefab/match/AuditionMatchItem.prefab)})
2025-7-27 07:42-debug: Json group(0c356f83c) compile success，json number: 6
2025-7-27 07:42-debug: getSerializedJSON: Use cache serialized JSON of asset ({asset(db://assets/resources/prefab/raceAudition/RaceAuditionItem.prefab)})
2025-7-27 07:42-debug: getSerializedJSON: Use cache serialized JSON of asset ({asset(db://assets/resources/prefab/raceAudition/RaceAuditionLineItem.prefab)})
2025-7-27 07:42-debug: Json group(0ee71569d) compile success，json number: 6
2025-7-27 07:42-debug: getSerializedJSON: Use cache serialized JSON of asset ({asset(db://assets/resources/prefab/raceKick/RaceKickItem.prefab)})
2025-7-27 07:42-debug: getSerializedJSON: Use cache serialized JSON of asset ({asset(db://assets/resources/prefab/raceKick/RaceKickLineItem.prefab)})
2025-7-27 07:42-debug: Json group(050f7616a) compile success，json number: 6
2025-7-27 07:42-debug: getSerializedJSON: Use cache serialized JSON of asset ({asset(db://assets/resources/prefab/raceScore/RaceScoreItem.prefab)})
2025-7-27 07:42-debug: getSerializedJSON: Use cache serialized JSON of asset ({asset(db://assets/resources/prefab/raceScore/RaceScoreLineItem.prefab)})
2025-7-27 07:42-debug: Json group(05c2faeee) compile success，json number: 6
2025-7-27 07:42-debug: getSerializedJSON: Use cache serialized JSON of asset ({asset(db://assets/resources/prefab/rank/RankAuditionPersonLine.prefab)})
2025-7-27 07:42-debug: getSerializedJSON: Use cache serialized JSON of asset ({asset(db://assets/resources/prefab/rank/RankAuditionItem.prefab)})
2025-7-27 07:42-debug: Json group(086632640) compile success，json number: 6
2025-7-27 07:42-debug: getSerializedJSON: Use cache serialized JSON of asset ({asset(db://assets/resources/prefab/rank/RankClearOutPersonLine.prefab)})
2025-7-27 07:42-debug: getSerializedJSON: Use cache serialized JSON of asset ({asset(db://assets/resources/prefab/rank/RankKickItem.prefab)})
2025-7-27 07:42-debug: Json group(0ed71845c) compile success，json number: 6
2025-7-27 07:42-debug: getSerializedJSON: Use cache serialized JSON of asset ({asset(db://assets/resources/prefab/rank/RankScorePersonLine.prefab)})
2025-7-27 07:42-debug: getSerializedJSON: Use cache serialized JSON of asset ({asset(db://assets/resources/prefab/rank/RankScoreTeamLine.prefab)})
2025-7-27 07:42-debug: getSerializedJSON: Use cache serialized JSON of asset ({asset(db://assets/resources/prefab/rank/RankScoreItem.prefab)})
2025-7-27 07:42-debug: Json group(01faf5c00) compile success，json number: 6
2025-7-27 07:42-debug: getSerializedJSON: Use cache serialized JSON of asset ({asset(db://assets/resources/prefab/rankRace/RankRaceAuditionLineItem.prefab)})
2025-7-27 07:42-debug: Json group(03e29bf63) compile success，json number: 6
2025-7-27 07:42-debug: getSerializedJSON: Use cache serialized JSON of asset ({asset(db://assets/resources/prefab/rankRace/RankRaceScoreLineItem.prefab)})
2025-7-27 07:42-debug: getSerializedJSON: Use cache serialized JSON of asset ({asset(db://assets/resources/prefab/rankRace/RankRaceItem.prefab)})
2025-7-27 07:42-debug: getSerializedJSON: Use cache serialized JSON of asset ({asset(db://assets/resources/prefab/rankRace/RankRaceKickLineItem.prefab)})
2025-7-27 07:42-debug: Json group(0371476bd) compile success，json number: 6
2025-7-27 07:42-debug: getSerializedJSON: Use cache serialized JSON of asset ({asset(db://assets/resources/prefab/room/CreateRoomItem.prefab)})
2025-7-27 07:42-debug: Json group(048665882) compile success，json number: 6
2025-7-27 07:42-debug: getSerializedJSON: Use cache serialized JSON of asset ({asset(db://assets/resources/prefab/room/KeyBoardItem.prefab)})
2025-7-27 07:42-debug: Json group(05d9c3ad0) compile success，json number: 6
2025-7-27 07:42-debug: getSerializedJSON: Use cache serialized JSON of asset ({asset(db://assets/resources/prefab/team/TeamItem.prefab)})
2025-7-27 07:42-debug: getSerializedJSON: Use cache serialized JSON of asset ({asset(db://assets/resources/prefab/team/TeamLineItem.prefab)})
2025-7-27 07:42-debug: Json group(0251d5304) compile success，json number: 6
2025-7-27 07:42-debug: getSerializedJSON: Use cache serialized JSON of asset ({asset(db://assets/resources/prefab/teamUp/TeamUpItem.prefab)})
2025-7-27 07:42-debug: Json group(057603dca) compile success，json number: 6
2025-7-27 07:42-debug: getSerializedJSON: Use cache serialized JSON of asset ({asset(db://assets/resources/texture/card/a_cards.plist)})
2025-7-27 07:42-debug: Json group(02ed3f3b0) compile success，json number: 6
2025-7-27 07:42-debug: getSerializedJSON: Use cache serialized JSON of asset ({asset(db://assets/resources/texture/common/common.plist)})
2025-7-27 07:42-debug: Json group(089a78088) compile success，json number: 6
2025-7-27 07:42-debug: Json group(08049f702) compile success，json number: 6
2025-7-27 07:42-debug: getSerializedJSON: Use cache serialized JSON of asset ({asset(db://assets/resources/texture/game/game.plist)})
2025-7-27 07:42-debug: Json group(09b5379f8) compile success，json number: 6
2025-7-27 07:42-debug: getSerializedJSON: Use cache serialized JSON of asset ({asset(db://assets/resources/texture/game/public_res.plist)})
2025-7-27 07:42-debug: Json group(092a2a123) compile success，json number: 6
2025-7-27 07:42-debug: getSerializedJSON: Use cache serialized JSON of asset ({asset(db://assets/resources/texture/gamEnds/land_game.plist)})
2025-7-27 07:42-debug: Json group(07a98404f) compile success，json number: 6
2025-7-27 07:42-debug: Json group(0aafdba89) compile success，json number: 6
2025-7-27 07:42-debug: Json group(0944722dd) compile success，json number: 6
2025-7-27 07:42-debug: Json group(0e93ecd17) compile success，json number: 6
2025-7-27 07:42-debug: Json group(0eeba131a) compile success，json number: 6
2025-7-27 07:42-debug: getSerializedJSON: Use cache serialized JSON of asset ({asset(db://assets/resources/texture/loading/loading.plist)})
2025-7-27 07:42-debug: Json group(024f574d5) compile success，json number: 6
2025-7-27 07:42-debug: getSerializedJSON: Use cache serialized JSON of asset ({asset(db://assets/resources/texture/rank/rank.plist)})
2025-7-27 07:42-debug: Json group(01a549373) compile success，json number: 6
2025-7-27 07:42-debug: Json group(0aefb6e39) compile success，json number: 6
2025-7-27 07:42-debug: Json group(0be586d40) compile success，json number: 6
2025-7-27 07:43-debug: Json group(07c600df0) compile success，json number: 6
2025-7-27 07:43-debug: Json group(08e1a460b) compile success，json number: 6
2025-7-27 07:43-debug: Json group(0461ef996) compile success，json number: 6
2025-7-27 07:43-debug: Json group(0473b3a87) compile success，json number: 6
2025-7-27 07:43-debug: getSerializedJSON: Use cache serialized JSON of asset ({asset(db://assets/resources/audio/card/2/2_5.mp3)})
2025-7-27 07:43-debug: getSerializedJSON: Use cache serialized JSON of asset ({asset(db://assets/resources/prefab/gameEndFree/GameEndFreeHeadItem.prefab)})
2025-7-27 07:43-debug: getSerializedJSON: Use cache serialized JSON of asset ({asset(db://assets/resources/audio/card/2/2_6.mp3)})
2025-7-27 07:43-debug: getSerializedJSON: Use cache serialized JSON of asset ({asset(db://assets/resources/prefab/lobbyHead/LobbyUserHeadItem.prefab)})
2025-7-27 07:43-debug: getSerializedJSON: Use cache serialized JSON of asset ({asset(db://assets/resources/audio/card/1/1_10.mp3)})
2025-7-27 07:43-debug: getSerializedJSON: Use cache serialized JSON of asset ({asset(db://assets/resources/audio/card/2/2_15.mp3)})
2025-7-27 07:43-debug: getSerializedJSON: Use cache serialized JSON of asset ({asset(db://assets/resources/audio/card/1/1_11.mp3)})
2025-7-27 07:43-debug: getSerializedJSON: Use cache serialized JSON of asset ({asset(db://assets/resources/audio/card/1/1_15.mp3)})
2025-7-27 07:43-debug: getSerializedJSON: Use cache serialized JSON of asset ({asset(db://assets/resources/spine/card/shunzi.atlas)})
2025-7-27 07:43-debug: getSerializedJSON: Use cache serialized JSON of asset ({asset(db://assets/resources/audio/card/1/1_14.mp3)})
2025-7-27 07:43-debug: getSerializedJSON: Use cache serialized JSON of asset ({asset(db://assets/resources/spine/card/xiaozhadan.atlas)})
2025-7-27 07:43-debug: getSerializedJSON: Use cache serialized JSON of asset ({asset(db://assets/resources/audio/card/2/2_2.mp3)})
2025-7-27 07:43-debug: getSerializedJSON: Use cache serialized JSON of asset ({asset(db://assets/resources/audio/card/1/1_16.mp3)})
2025-7-27 07:43-debug: getSerializedJSON: Use cache serialized JSON of asset ({asset(db://assets/resources/audio/card/8.mp3)})
2025-7-27 07:43-debug: getSerializedJSON: Use cache serialized JSON of asset ({asset(db://assets/resources/spine/card/xiaozhadan.json)})
2025-7-27 07:43-debug: getSerializedJSON: Use cache serialized JSON of asset ({asset(db://assets/resources/audio/card/1/1_4.mp3)})
2025-7-27 07:43-debug: getSerializedJSON: Use cache serialized JSON of asset ({asset(db://assets/resources/audio/card/1/1_2.mp3)})
2025-7-27 07:43-debug: getSerializedJSON: Use cache serialized JSON of asset ({asset(db://assets/resources/audio/sound/clock.mp3)})
2025-7-27 07:43-debug: getSerializedJSON: Use cache serialized JSON of asset ({asset(db://assets/resources/spine/card/dazhadan.json)})
2025-7-27 07:43-debug: getSerializedJSON: Use cache serialized JSON of asset ({asset(db://assets/resources/audio/card/5.mp3)})
2025-7-27 07:43-debug: getSerializedJSON: Use cache serialized JSON of asset ({asset(db://assets/resources/audio/card/2/2_11.mp3)})
2025-7-27 07:43-debug: getSerializedJSON: Use cache serialized JSON of asset ({asset(db://assets/resources/spine/card/sanbudai.json)})
2025-7-27 07:43-debug: getSerializedJSON: Use cache serialized JSON of asset ({asset(db://assets/resources/prefab/MessageHint.prefab)})
2025-7-27 07:43-debug: getSerializedJSON: Use cache serialized JSON of asset ({asset(db://assets/resources/audio/card/100.mp3)})
2025-7-27 07:43-debug: getSerializedJSON: Use cache serialized JSON of asset ({asset(db://assets/resources/spine/freeMatch/renwunv.json)})
2025-7-27 07:43-debug: getSerializedJSON: Use cache serialized JSON of asset ({asset(db://assets/resources/spine/card/shunzi.json)})
2025-7-27 07:43-debug: getSerializedJSON: Use cache serialized JSON of asset ({asset(db://assets/resources/audio/card/4.mp3)})
2025-7-27 07:43-debug: getSerializedJSON: Use cache serialized JSON of asset ({asset(db://assets/resources/spine/card/jiefeng.atlas)})
2025-7-27 07:43-debug: getSerializedJSON: Use cache serialized JSON of asset ({asset(db://assets/resources/spine/card/gangban.json)})
2025-7-27 07:43-debug: getSerializedJSON: Use cache serialized JSON of asset ({asset(db://assets/resources/audio/card/10.mp3)})
2025-7-27 07:43-debug: getSerializedJSON: Use cache serialized JSON of asset ({asset(db://assets/resources/audio/sound/win.wav)})
2025-7-27 07:43-debug: getSerializedJSON: Use cache serialized JSON of asset ({asset(db://assets/resources/spine/card/jiefeng.json)})
2025-7-27 07:43-debug: getSerializedJSON: Use cache serialized JSON of asset ({asset(db://assets/resources/audio/card/1/1_8.mp3)})
2025-7-27 07:43-debug: getSerializedJSON: Use cache serialized JSON of asset ({asset(db://assets/resources/prefab/gameEndScore/GameEndScoreItem.prefab)})
2025-7-27 07:43-debug: getSerializedJSON: Use cache serialized JSON of asset ({asset(db://assets/resources/spine/match/serch.atlas)})
2025-7-27 07:43-debug: getSerializedJSON: Use cache serialized JSON of asset ({asset(db://assets/resources/spine/card/muban.atlas)})
2025-7-27 07:43-debug: getSerializedJSON: Use cache serialized JSON of asset ({asset(db://assets/resources/spine/card/tonghuashun.json)})
2025-7-27 07:43-debug: getSerializedJSON: Use cache serialized JSON of asset ({asset(db://assets/resources/prefab/match/FreeMatchItem.prefab)})
2025-7-27 07:43-debug: getSerializedJSON: Use cache serialized JSON of asset ({asset(db://assets/resources/audio/card/2/2_7.mp3)})
2025-7-27 07:43-debug: getSerializedJSON: Use cache serialized JSON of asset ({asset(db://assets/resources/audio/card/1/1_12.mp3)})
2025-7-27 07:43-debug: getSerializedJSON: Use cache serialized JSON of asset ({asset(db://assets/resources/spine/card/wangzha.json)})
2025-7-27 07:43-debug: getSerializedJSON: Use cache serialized JSON of asset ({asset(db://assets/resources/audio/card/2/2_12.mp3)})
2025-7-27 07:43-debug: getSerializedJSON: Use cache serialized JSON of asset ({asset(db://assets/resources/spine/card/tonghuashun.atlas)})
2025-7-27 07:43-debug: getSerializedJSON: Use cache serialized JSON of asset ({asset(db://assets/resources/audio/card/1/1_5.mp3)})
2025-7-27 07:43-debug: getSerializedJSON: Use cache serialized JSON of asset ({asset(db://assets/resources/spine/card/sandaiyidui.json)})
2025-7-27 07:43-debug: getSerializedJSON: Use cache serialized JSON of asset ({asset(db://assets/resources/audio/card/2/2_14.mp3)})
2025-7-27 07:43-debug: getSerializedJSON: Use cache serialized JSON of asset ({asset(db://assets/resources/spine/match/serch.json)})
2025-7-27 07:43-debug: getSerializedJSON: Use cache serialized JSON of asset ({asset(db://assets/resources/audio/card/1/1_6.mp3)})
2025-7-27 07:43-debug: getSerializedJSON: Use cache serialized JSON of asset ({asset(db://assets/resources/audio/card/2/2_4.mp3)})
2025-7-27 07:43-debug: getSerializedJSON: Use cache serialized JSON of asset ({asset(db://assets/resources/audio/card/2/2_10.mp3)})
2025-7-27 07:43-debug: getSerializedJSON: Use cache serialized JSON of asset ({asset(db://assets/resources/spine/card/dazhadan.atlas)})
2025-7-27 07:43-debug: getSerializedJSON: Use cache serialized JSON of asset ({asset(db://assets/resources/audio/card/1/1_7.mp3)})
2025-7-27 07:43-debug: getSerializedJSON: Use cache serialized JSON of asset ({asset(db://assets/resources/spine/card/dzz_cj_wl.json)})
2025-7-27 07:43-debug: getSerializedJSON: Use cache serialized JSON of asset ({asset(db://assets/resources/spine/card/sanbudai.atlas)})
2025-7-27 07:43-debug: getSerializedJSON: Use cache serialized JSON of asset ({asset(db://assets/resources/spine/freeMatch/pipei.atlas)})
2025-7-27 07:43-debug: getSerializedJSON: Use cache serialized JSON of asset ({asset(db://assets/resources/audio/card/2/2_16.mp3)})
2025-7-27 07:43-debug: getSerializedJSON: Use cache serialized JSON of asset ({asset(db://assets/resources/spine/card/dzz_cj_wl.atlas)})
2025-7-27 07:43-debug: getSerializedJSON: Use cache serialized JSON of asset ({asset(db://assets/resources/audio/card/2/2_9.mp3)})
2025-7-27 07:43-debug: getSerializedJSON: Use cache serialized JSON of asset ({asset(db://assets/resources/audio/card/6.mp3)})
2025-7-27 07:43-debug: getSerializedJSON: Use cache serialized JSON of asset ({asset(db://assets/resources/spine/card/muban.json)})
2025-7-27 07:43-debug: getSerializedJSON: Use cache serialized JSON of asset ({asset(db://assets/resources/audio/music/bgm.mp3)})
2025-7-27 07:43-debug: getSerializedJSON: Use cache serialized JSON of asset ({asset(db://assets/resources/spine/freeMatch/renwunv.atlas)})
2025-7-27 07:43-debug: getSerializedJSON: Use cache serialized JSON of asset ({asset(db://assets/resources/audio/card/2/2_8.mp3)})
2025-7-27 07:43-debug: getSerializedJSON: Use cache serialized JSON of asset ({asset(db://assets/resources/audio/card/1/1_13.mp3)})
2025-7-27 07:43-debug: getSerializedJSON: Use cache serialized JSON of asset ({asset(db://assets/resources/spine/card/sandaiyidui.atlas)})
2025-7-27 07:43-debug: getSerializedJSON: Use cache serialized JSON of asset ({asset(db://assets/resources/audio/card/2/2_13.mp3)})
2025-7-27 07:43-debug: getSerializedJSON: Use cache serialized JSON of asset ({asset(db://assets/resources/audio/card/3.mp3)})
2025-7-27 07:43-debug: getSerializedJSON: Use cache serialized JSON of asset ({asset(db://assets/resources/audio/card/1/1_9.mp3)})
2025-7-27 07:43-debug: getSerializedJSON: Use cache serialized JSON of asset ({asset(db://assets/resources/audio/card/1/1_3.mp3)})
2025-7-27 07:43-debug: getSerializedJSON: Use cache serialized JSON of asset ({asset(db://assets/resources/spine/card/gangban.atlas)})
2025-7-27 07:43-debug: getSerializedJSON: Use cache serialized JSON of asset ({asset(db://assets/resources/audio/card/7.mp3)})
2025-7-27 07:43-debug: getSerializedJSON: Use cache serialized JSON of asset ({asset(db://assets/resources/audio/card/9.mp3)})
2025-7-27 07:43-debug: getSerializedJSON: Use cache serialized JSON of asset ({asset(db://assets/resources/spine/card/wangzha.atlas)})
2025-7-27 07:43-debug: getSerializedJSON: Use cache serialized JSON of asset ({asset(db://assets/resources/audio/card/2/2_3.mp3)})
2025-7-27 07:43-debug: getSerializedJSON: Use cache serialized JSON of asset ({asset(db://assets/resources/audio/sound/fail.wav)})
2025-7-27 07:43-warn: The SpriteFrame used by component "cc.Sprite" is missing. Detailed information:Node path: "Canvas/微信图片_2025-07-23_231309_479"Missing uuid: "ff8d3bde-dbb6-4bfd-94d7-2498d2fe4817@f9941"
2025-7-27 07:43-debug: Json group(0174670c0) compile success，json number: 6
2025-7-27 07:43-debug: Build the grouped json and scatter files to the specified location √50%
2025-7-27 07:43-debug: Process: heapTotal 255.64MB heapUsed 224.97MB rss 231.23MB
2025-7-27 07:43-log: // ---- Compress zip bundle ----
2025-7-27 07:43-log: // ---- Build script ----
2025-7-27 07:43-debug: Compress zip bundle start50%
2025-7-27 07:43-debug: Compress zip bundle √57%
2025-7-27 07:43-debug: Build script start57%
2025-7-27 07:43-debug: Process: heapTotal 255.64MB heapUsed 224.99MB rss 231.26MB
2025-7-27 07:43-warn: Browserslist: caniuse-lite is outdated. Please run:npx browserslist@latest --update-db
2025-7-27 07:44-warn: Browserslist: caniuse-lite is outdated. Please run:npx browserslist@latest --update-dbWhy you should do it regularly:https://github.com/browserslist/browserslist#browsers-data-updating
2025-7-27 07:47-debug: Build project script start...57%
2025-7-27 07:47-debug: Process: heapTotal 229.52MB heapUsed 221.42MB rss 200.80MB
2025-7-27 07:47-log: Run build task(build-script) in child, see: chrome://inspect/#devices
2025-7-27 07:48-log: [build-script]enter sub process 22892, C:\ProgramData\cocos\editors\Creator\3.6.0\CocosCreator.exe,C:\ProgramData\cocos\editors\Creator\3.6.0\resources\app.asar\builtin\builder\static\sub-process-index
2025-7-27 07:51-log: [build-script]Create cjs interop url for 'file:///C:/xuhang/guandan/guandan/assets/scripts/proto/gameMsg.js'
2025-7-27 07:51-log: [build-script]Create cjs interop url for 'file:///C:/xuhang/guandan/guandan/assets/scripts/proto/gameMsg.js'
2025-7-27 07:51-log: [build-script]Create cjs interop url for 'file:///C:/xuhang/guandan/guandan/assets/scripts/thirdy/long/long.js'
2025-7-27 07:51-log: [build-script]Create cjs interop url for 'file:///C:/xuhang/guandan/guandan/assets/scripts/thirdy/long/long.js'
2025-7-27 07:51-warn: [build-script][[Build.Script.Rollup]] Circular dependency: file:///C:/xuhang/guandan/guandan/assets/scripts/AppGlobal.ts -> file:///C:/xuhang/guandan/guandan/assets/scripts/common/utils.ts -> file:///C:/xuhang/guandan/guandan/assets/scripts/manager/SoundManager.ts -> file:///C:/xuhang/guandan/guandan/assets/scripts/AppGlobal.ts
2025-7-27 07:51-warn: [build-script][[Build.Script.Rollup]] Circular dependency: file:///C:/xuhang/guandan/guandan/assets/scripts/common/utils.ts -> file:///C:/xuhang/guandan/guandan/assets/scripts/manager/SoundManager.ts -> file:///C:/xuhang/guandan/guandan/assets/scripts/common/utils.ts[warning][[Build.Script.Rollup]] Circular dependency: file:///C:/xuhang/guandan/guandan/assets/scripts/manager/GlobalData.ts -> file:///C:/xuhang/guandan/guandan/assets/scripts/component/raceAudition/RaceAuditionLineItem.ts -> file:///C:/xuhang/guandan/guandan/assets/scripts/manager/GlobalData.ts[warning][[Build.Script.Rollup]] Circular dependency: file:///C:/xuhang/guandan/guandan/assets/scripts/manager/GlobalData.ts -> file:///C:/xuhang/guandan/guandan/assets/scripts/component/raceScore/RaceScoreLineItem.ts -> file:///C:/xuhang/guandan/guandan/assets/scripts/manager/GlobalData.ts[warning][[Build.Script.Rollup]] Circular dependency: file:///C:/xuhang/guandan/guandan/assets/scripts/manager/GlobalData.ts -> file:///C:/xuhang/guandan/guandan/assets/scripts/manager/UIConfig.ts -> file:///C:/xuhang/guandan/guandan/assets/scripts/component/team/TeamItem.ts -> file:///C:/xuhang/guandan/guandan/assets/scripts/manager/GlobalData.ts[warning][[Build.Script.Rollup]] Circular dependency: file:///C:/xuhang/guandan/guandan/assets/scripts/manager/UIConfig.ts -> file:///C:/xuhang/guandan/guandan/assets/scripts/component/room/KeyBoardItem.ts -> file:///C:/xuhang/guandan/guandan/assets/scripts/manager/UIManager.ts -> file:///C:/xuhang/guandan/guandan/assets/scripts/manager/UIConfig.ts[warning][[Build.Script.Rollup]] Circular dependency: file:///C:/xuhang/guandan/guandan/assets/scripts/manager/UIConfig.ts -> file:///C:/xuhang/guandan/guandan/assets/scripts/component/room/KeyBoardItem.ts -> file:///C:/xuhang/guandan/guandan/assets/scripts/manager/UIConfig.ts[warning][[Build.Script.Rollup]] Circular dependency: file:///C:/xuhang/guandan/guandan/assets/scripts/manager/GlobalData.ts -> file:///C:/xuhang/guandan/guandan/assets/scripts/manager/UIConfig.ts -> file:///C:/xuhang/guandan/guandan/assets/scripts/component/room/CreateRoomItem.ts -> file:///C:/xuhang/guandan/guandan/assets/scripts/manager/GlobalData.ts[warning][[Build.Script.Rollup]] Circular dependency: file:///C:/xuhang/guandan/guandan/assets/scripts/manager/GlobalData.ts -> file:///C:/xuhang/guandan/guandan/assets/scripts/manager/UIConfig.ts -> file:///C:/xuhang/guandan/guandan/assets/scripts/component/gameEndFree/GameEndFreeItem.ts -> file:///C:/xuhang/guandan/guandan/assets/scripts/component/game/GameLogic.ts -> file:///C:/xuhang/guandan/guandan/assets/scripts/manager/GlobalData.ts[warning][[Build.Script.Rollup]] Circular dependency: file:///C:/xuhang/guandan/guandan/assets/scripts/manager/UIConfig.ts -> file:///C:/xuhang/guandan/guandan/assets/scripts/component/gameEndFree/GameEndFreeItem.ts -> file:///C:/xuhang/guandan/guandan/assets/scripts/manager/UIConfig.ts[warning][[Build.Script.Rollup]] Circular dependency: file:///C:/xuhang/guandan/guandan/assets/scripts/manager/GlobalData.ts -> file:///C:/xuhang/guandan/guandan/assets/scripts/manager/UIConfig.ts -> file:///C:/xuhang/guandan/guandan/assets/scripts/component/gameEndFree/GameEndFreeItem.ts -> file:///C:/xuhang/guandan/guandan/assets/scripts/manager/GlobalData.ts[warning][[Build.Script.Rollup]] Circular dependency: file:///C:/xuhang/guandan/guandan/assets/scripts/manager/GlobalData.ts -> file:///C:/xuhang/guandan/guandan/assets/scripts/manager/UIConfig.ts -> file:///C:/xuhang/guandan/guandan/assets/scripts/component/gameEndFree/GameEndFreeItem.ts -> file:///C:/xuhang/guandan/guandan/assets/scripts/manager/GameSocket.ts -> file:///C:/xuhang/guandan/guandan/assets/scripts/manager/GlobalData.ts[warning][[Build.Script.Rollup]] Circular dependency: file:///C:/xuhang/guandan/guandan/assets/scripts/manager/UIConfig.ts -> file:///C:/xuhang/guandan/guandan/assets/scripts/component/gameEndFree/GameEndFreeItem.ts -> file:///C:/xuhang/guandan/guandan/assets/scripts/manager/GameSocket.ts -> file:///C:/xuhang/guandan/guandan/assets/scripts/manager/UIConfig.ts[warning][[Build.Script.Rollup]] Circular dependency: file:///C:/xuhang/guandan/guandan/assets/scripts/manager/GlobalData.ts -> file:///C:/xuhang/guandan/guandan/assets/scripts/manager/UIConfig.ts -> file:///C:/xuhang/guandan/guandan/assets/scripts/component/gameEndScoreRank/GameEndScoreRankItem.ts -> file:///C:/xuhang/guandan/guandan/assets/scripts/component/rank/RankScore.ts -> file:///C:/xuhang/guandan/guandan/assets/scripts/component/rank/RankScorePerson.ts -> file:///C:/xuhang/guandan/guandan/assets/scripts/manager/GlobalData.ts[warning][[Build.Script.Rollup]] Circular dependency: file:///C:/xuhang/guandan/guandan/assets/scripts/manager/GlobalData.ts -> file:///C:/xuhang/guandan/guandan/assets/scripts/manager/UIConfig.ts -> file:///C:/xuhang/guandan/guandan/assets/scripts/component/gameEndScoreRank/GameEndScoreRankItem.ts -> file:///C:/xuhang/guandan/guandan/assets/scripts/component/rank/RankScore.ts -> file:///C:/xuhang/guandan/guandan/assets/scripts/component/rank/RankScoreTeam.ts -> file:///C:/xuhang/guandan/guandan/assets/scripts/manager/GlobalData.ts[warning][[Build.Script.Rollup]] Circular dependency: file:///C:/xuhang/guandan/guandan/assets/scripts/manager/GlobalData.ts -> file:///C:/xuhang/guandan/guandan/assets/scripts/manager/UIConfig.ts -> file:///C:/xuhang/guandan/guandan/assets/scripts/component/gameEndScoreRank/GameEndScoreRankItem.ts -> file:///C:/xuhang/guandan/guandan/assets/scripts/component/gameEndScoreRank/GameEndScoreRankPerson.ts -> file:///C:/xuhang/guandan/guandan/assets/scripts/manager/GlobalData.ts[warning][[Build.Script.Rollup]] Circular dependency: file:///C:/xuhang/guandan/guandan/assets/scripts/manager/GlobalData.ts -> file:///C:/xuhang/guandan/guandan/assets/scripts/manager/UIConfig.ts -> file:///C:/xuhang/guandan/guandan/assets/scripts/component/gameEndScoreRank/GameEndScoreRankItem.ts -> file:///C:/xuhang/guandan/guandan/assets/scripts/component/gameEndScoreRank/GameEndScoreRankTeam.ts -> file:///C:/xuhang/guandan/guandan/assets/scripts/manager/GlobalData.ts[warning][[Build.Script.Rollup]] Circular dependency: file:///C:/xuhang/guandan/guandan/assets/scripts/manager/GlobalData.ts -> file:///C:/xuhang/guandan/guandan/assets/scripts/manager/UIConfig.ts -> file:///C:/xuhang/guandan/guandan/assets/scripts/component/gameEndScoreRank/GameEndScoreRankItem.ts -> file:///C:/xuhang/guandan/guandan/assets/scripts/manager/GlobalData.ts[warning][[Build.Script.Rollup]] Circular dependency: file:///C:/xuhang/guandan/guandan/assets/scripts/manager/UIConfig.ts -> file:///C:/xuhang/guandan/guandan/assets/scripts/component/gameEndScoreRank/GameEndScoreRankItem.ts -> file:///C:/xuhang/guandan/guandan/assets/scripts/manager/UIConfig.ts[warning][[Build.Script.Rollup]] Circular dependency: file:///C:/xuhang/guandan/guandan/assets/scripts/manager/GlobalData.ts -> file:///C:/xuhang/guandan/guandan/assets/scripts/manager/UIConfig.ts -> file:///C:/xuhang/guandan/guandan/assets/scripts/component/gameEndScore/GameEndScoreItem.ts -> file:///C:/xuhang/guandan/guandan/assets/scripts/manager/GlobalData.ts[warning][[Build.Script.Rollup]] Circular dependency: file:///C:/xuhang/guandan/guandan/assets/scripts/manager/GlobalData.ts -> file:///C:/xuhang/guandan/guandan/assets/scripts/manager/UIConfig.ts -> file:///C:/xuhang/guandan/guandan/assets/scripts/component/gameEndKick/GameEndKickItem.ts -> file:///C:/xuhang/guandan/guandan/assets/scripts/manager/GlobalData.ts[warning][[Build.Script.Rollup]] Circular dependency: file:///C:/xuhang/guandan/guandan/assets/scripts/manager/UIConfig.ts -> file:///C:/xuhang/guandan/guandan/assets/scripts/component/gameEndKick/GameEndKickItem.ts -> file:///C:/xuhang/guandan/guandan/assets/scripts/manager/UIConfig.ts[warning][[Build.Script.Rollup]] Circular dependency: file:///C:/xuhang/guandan/guandan/assets/scripts/manager/GlobalData.ts -> file:///C:/xuhang/guandan/guandan/assets/scripts/manager/UIConfig.ts -> file:///C:/xuhang/guandan/guandan/assets/scripts/component/gameEndKickUp/GameEndKickUpItem.ts -> file:///C:/xuhang/guandan/guandan/assets/scripts/manager/GlobalData.ts
2025-7-27 07:51-warn: [build-script][[Build.Script.Rollup]] Circular dependency: file:///C:/xuhang/guandan/guandan/assets/scripts/manager/UIConfig.ts -> file:///C:/xuhang/guandan/guandan/assets/scripts/component/gameEndKickUp/GameEndKickUpItem.ts -> file:///C:/xuhang/guandan/guandan/assets/scripts/manager/UIConfig.ts
2025-7-27 07:51-warn: [build-script][[Build.Script.Rollup]] Circular dependency: file:///C:/xuhang/guandan/guandan/assets/scripts/manager/GlobalData.ts -> file:///C:/xuhang/guandan/guandan/assets/scripts/manager/UIConfig.ts -> file:///C:/xuhang/guandan/guandan/assets/scripts/component/teamUp/TeamUpItem.ts -> file:///C:/xuhang/guandan/guandan/assets/scripts/manager/GlobalData.ts
2025-7-27 07:51-warn: [build-script][[Build.Script.Rollup]] Circular dependency: file:///C:/xuhang/guandan/guandan/assets/scripts/AppGlobal.ts -> file:///C:/xuhang/guandan/guandan/assets/scripts/manager/GlobalData.ts -> file:///C:/xuhang/guandan/guandan/assets/scripts/manager/UIConfig.ts -> file:///C:/xuhang/guandan/guandan/assets/scripts/component/teamUp/TeamUpItem.ts -> file:///C:/xuhang/guandan/guandan/assets/scripts/AppGlobal.ts[warning][[Build.Script.Rollup]] Circular dependency: file:///C:/xuhang/guandan/guandan/assets/scripts/manager/GlobalData.ts -> file:///C:/xuhang/guandan/guandan/assets/scripts/manager/UIConfig.ts -> file:///C:/xuhang/guandan/guandan/assets/scripts/component/raceScore/RaceScoreItem.ts -> file:///C:/xuhang/guandan/guandan/assets/scripts/manager/GlobalData.ts[warning][[Build.Script.Rollup]] Circular dependency: file:///C:/xuhang/guandan/guandan/assets/scripts/manager/UIConfig.ts -> file:///C:/xuhang/guandan/guandan/assets/scripts/component/raceScore/RaceScoreItem.ts -> file:///C:/xuhang/guandan/guandan/assets/scripts/manager/UIConfig.ts[warning][[Build.Script.Rollup]] Circular dependency: file:///C:/xuhang/guandan/guandan/assets/scripts/manager/GlobalData.ts -> file:///C:/xuhang/guandan/guandan/assets/scripts/manager/UIConfig.ts -> file:///C:/xuhang/guandan/guandan/assets/scripts/component/raceKick/RaceKickItem.ts -> file:///C:/xuhang/guandan/guandan/assets/scripts/manager/GlobalData.ts[warning][[Build.Script.Rollup]] Circular dependency: file:///C:/xuhang/guandan/guandan/assets/scripts/manager/GlobalData.ts -> file:///C:/xuhang/guandan/guandan/assets/scripts/manager/UIConfig.ts -> file:///C:/xuhang/guandan/guandan/assets/scripts/component/raceKick/RaceKickItem.ts -> file:///C:/xuhang/guandan/guandan/assets/scripts/component/raceKick/RaceKickLineItem.ts -> file:///C:/xuhang/guandan/guandan/assets/scripts/manager/GlobalData.ts[warning][[Build.Script.Rollup]] Circular dependency: file:///C:/xuhang/guandan/guandan/assets/scripts/manager/UIConfig.ts -> file:///C:/xuhang/guandan/guandan/assets/scripts/component/raceKick/RaceKickItem.ts -> file:///C:/xuhang/guandan/guandan/assets/scripts/manager/UIConfig.ts[warning][[Build.Script.Rollup]] Circular dependency: file:///C:/xuhang/guandan/guandan/assets/scripts/manager/GlobalData.ts -> file:///C:/xuhang/guandan/guandan/assets/scripts/manager/UIConfig.ts -> file:///C:/xuhang/guandan/guandan/assets/scripts/component/gameStartNotice/FreeUpItem.ts -> file:///C:/xuhang/guandan/guandan/assets/scripts/manager/GlobalData.ts
2025-7-27 07:51-warn: [build-script][[Build.Script.Rollup]] Circular dependency: file:///C:/xuhang/guandan/guandan/assets/scripts/manager/GlobalData.ts -> file:///C:/xuhang/guandan/guandan/assets/scripts/manager/UIConfig.ts -> file:///C:/xuhang/guandan/guandan/assets/scripts/component/rankRace/RankRaceItem.ts -> file:///C:/xuhang/guandan/guandan/assets/scripts/component/rankRace/RankRaceKickItem.ts -> file:///C:/xuhang/guandan/guandan/assets/scripts/manager/GlobalData.ts
2025-7-27 07:51-warn: [build-script][[Build.Script.Rollup]] Circular dependency: file:///C:/xuhang/guandan/guandan/assets/scripts/manager/GlobalData.ts -> file:///C:/xuhang/guandan/guandan/assets/scripts/manager/UIConfig.ts -> file:///C:/xuhang/guandan/guandan/assets/scripts/component/rankRace/RankRaceItem.ts -> file:///C:/xuhang/guandan/guandan/assets/scripts/component/rankRace/RankRaceScoreItem.ts -> file:///C:/xuhang/guandan/guandan/assets/scripts/manager/GlobalData.ts[warning][[Build.Script.Rollup]] Circular dependency: file:///C:/xuhang/guandan/guandan/assets/scripts/manager/GlobalData.ts -> file:///C:/xuhang/guandan/guandan/assets/scripts/manager/UIConfig.ts -> file:///C:/xuhang/guandan/guandan/assets/scripts/component/rankRace/RankRaceItem.ts -> file:///C:/xuhang/guandan/guandan/assets/scripts/component/rankRace/RankRaceAuditionItem.ts -> file:///C:/xuhang/guandan/guandan/assets/scripts/manager/GlobalData.ts[warning][[Build.Script.Rollup]] Circular dependency: file:///C:/xuhang/guandan/guandan/assets/scripts/manager/GlobalData.ts -> file:///C:/xuhang/guandan/guandan/assets/scripts/manager/UIConfig.ts -> file:///C:/xuhang/guandan/guandan/assets/scripts/component/rank/RankKick.ts -> file:///C:/xuhang/guandan/guandan/assets/scripts/manager/GlobalData.ts
2025-7-27 07:51-warn: [build-script][[Build.Script.Rollup]] Circular dependency: file:///C:/xuhang/guandan/guandan/assets/scripts/manager/GlobalData.ts -> file:///C:/xuhang/guandan/guandan/assets/scripts/manager/UIConfig.ts -> file:///C:/xuhang/guandan/guandan/assets/scripts/component/raceAudition/RaceAuditionItem.ts -> file:///C:/xuhang/guandan/guandan/assets/scripts/manager/GlobalData.ts[warning][[Build.Script.Rollup]] Circular dependency: file:///C:/xuhang/guandan/guandan/assets/scripts/manager/GlobalData.ts -> file:///C:/xuhang/guandan/guandan/assets/scripts/manager/UIConfig.ts -> file:///C:/xuhang/guandan/guandan/assets/scripts/component/rank/RankAuditionItem.ts -> file:///C:/xuhang/guandan/guandan/assets/scripts/manager/GlobalData.ts[warning][[Build.Script.Rollup]] Circular dependency: file:///C:/xuhang/guandan/guandan/assets/scripts/manager/UIConfig.ts -> file:///C:/xuhang/guandan/guandan/assets/scripts/component/gameEndAudition/GameEndAuditionItem.ts -> file:///C:/xuhang/guandan/guandan/assets/scripts/manager/UIConfig.ts[warning][[Build.Script.Rollup]] Circular dependency: file:///C:/xuhang/guandan/guandan/assets/scripts/manager/GlobalData.ts -> file:///C:/xuhang/guandan/guandan/assets/scripts/manager/UIConfig.ts -> file:///C:/xuhang/guandan/guandan/assets/scripts/component/gameEndAudition/GameEndAuditionItem.ts -> file:///C:/xuhang/guandan/guandan/assets/scripts/manager/GlobalData.ts[warning][[Build.Script.Rollup]] Circular dependency: file:///C:/xuhang/guandan/guandan/assets/scripts/manager/GlobalData.ts -> file:///C:/xuhang/guandan/guandan/assets/scripts/manager/UIConfig.ts -> file:///C:/xuhang/guandan/guandan/assets/scripts/component/match/FreeMatchItem.ts -> file:///C:/xuhang/guandan/guandan/assets/scripts/manager/GlobalData.ts[warning][[Build.Script.Rollup]] Circular dependency: file:///C:/xuhang/guandan/guandan/assets/scripts/manager/GlobalData.ts -> file:///C:/xuhang/guandan/guandan/assets/scripts/manager/UIConfig.ts -> file:///C:/xuhang/guandan/guandan/assets/scripts/component/match/AuditionMatchItem.ts -> file:///C:/xuhang/guandan/guandan/assets/scripts/manager/GlobalData.ts
2025-7-27 07:52-warn: [build-script]Browserslist: caniuse-lite is outdated. Please run:npx browserslist@latest --update-dbWhy you should do it regularly:https://github.com/browserslist/browserslist#browsers-data-updating
2025-7-27 07:53-warn: [build-script]Unexpected: entry chunk name gameMsg.mjs_cjs=&original= is not in list.[warning]Unexpected: entry chunk name long.mjs_cjs=&original= is not in list.
2025-7-27 07:53-debug: excute-script over with build-script 382083ms
2025-7-27 07:53-debug: Copy externalScripts success!
2025-7-27 07:53-debug: Build project script in (384616 ms) √57%
2025-7-27 07:53-debug: Build engine start...57%
2025-7-27 07:53-debug: Process: heapTotal 229.52MB heapUsed 222.06MB rss 163.50MB
2025-7-27 07:53-debug: Engine cache ({link(C:\Users\XUHAN~1.TCL\AppData\Local\Temp\CocosCreator\3.6.0\builder\engine\887abe63d2655211e2cb2a8b887f36d5)}) does not exist.
2025-7-27 07:54-log: Run build task(build-engine) in child, see: chrome://inspect/#devices
2025-7-27 07:54-log: [build-engine]enter sub process 23416, C:\ProgramData\cocos\editors\Creator\3.6.0\CocosCreator.exe,C:\ProgramData\cocos\editors\Creator\3.6.0\resources\app.asar\builtin\builder\static\sub-process-index
2025-7-27 07:55-log: [build-engine]Build-engine options: {  "engine": "C:\\ProgramData\\cocos\\editors\\Creator\\3.6.0\\resources\\resources\\3d\\engine",  "platform": "HTML5",  "moduleFormat": 2,  "compress": true,  "split": false,  "ammoJsWasm": "fallback",  "assetURLFormat": "runtime-resolved",  "noDeprecatedFeatures": false,  "engineName": "cocos-js",  "sourceMaps": false,  "features": [    "2d",    "3d",    "animation",    "audio",    "base",    "gfx-webgl",    "gfx-webgl2",    "intersection-2d",    "particle-2d",    "physics-2d-builtin",    "primitive",    "profiler",    "spine",    "tween",    "ui"  ],  "loose": true,  "mode": "BUILD",  "flags": {    "DEBUG": false,    "UI_GPU_DRIVEN": false  },  "name": "cocos-js",  "incremental": "C:\\Users\\XUHAN~1.TCL\\AppData\\Local\\Temp\\CocosCreator\\3.6.0\\builder\\engine\\887abe63d2655211e2cb2a8b887f36d5.watch-files.json",  "out": "C:\\Users\\XUHAN~1.TCL\\AppData\\Local\\Temp\\CocosCreator\\3.6.0\\builder\\engine\\887abe63d2655211e2cb2a8b887f36d5",  "buildTimeConstants": {    "HTML5": true,    "NATIVE": false,    "WECHAT": false,    "BAIDU": false,    "XIAOMI": false,    "ALIPAY": false,    "BYTEDANCE": false,    "OPPO": false,    "VIVO": false,    "HUAWEI": false,    "COCOSPLAY": false,    "QTT": false,    "LINKSURE": false,    "EDITOR": false,    "PREVIEW": false,    "BUILD": true,    "TEST": false,    "DEBUG": false,    "SERVER_MODE": false,    "DEV": false,    "MINIGAME": false,    "RUNTIME_BASED": false,    "SUPPORT_JIT": true,    "JSB": false,    "NOT_PACK_PHYSX_LIBS": false,    "NET_MODE": 0  },  "metaFile": "C:\\Users\\XUHAN~1.TCL\\AppData\\Local\\Temp\\CocosCreator\\3.6.0\\builder\\engine\\887abe63d2655211e2cb2a8b887f36d5.meta\\meta.json"}
2025-7-27 07:55-log: [build-engine]Module source "internal-constants":function tryDefineGlobal (name, value) {    const _global = typeof window === 'undefined' ? global : window;    if (typeof _global[name] === 'undefined') {        return (_global[name] = value);    } else {        // eslint-disable-next-line @typescript-eslint/no-unsafe-return        return _global[name];    }}export const HTML5 = true;export const NATIVE = false;export const WECHAT = false;tryDefineGlobal('CC_WECHAT', false);export const BAIDU = false;tryDefineGlobal('CC_BAIDU', false);export const XIAOMI = false;tryDefineGlobal('CC_XIAOMI', false);export const ALIPAY = false;tryDefineGlobal('CC_ALIPAY', false);export const BYTEDANCE = false;tryDefineGlobal('CC_BYTEDANCE', false);export const OPPO = false;tryDefineGlobal('CC_OPPO', false);export const VIVO = false;tryDefineGlobal('CC_VIVO', false);export const HUAWEI = false;tryDefineGlobal('CC_HUAWEI', false);export const COCOSPLAY = false;tryDefineGlobal('CC_COCOSPLAY', false);export const QTT = false;tryDefineGlobal('CC_QTT', false);export const LINKSURE = false;tryDefineGlobal('CC_LINKSURE', false);export const EDITOR = false;tryDefineGlobal('CC_EDITOR', false);export const PREVIEW = false;tryDefineGlobal('CC_PREVIEW', false);export const BUILD = true;tryDefineGlobal('CC_BUILD', true);export const TEST = false;tryDefineGlobal('CC_TEST', false);export const DEBUG = false;tryDefineGlobal('CC_DEBUG', false);export const SERVER_MODE = false;export const DEV = false;tryDefineGlobal('CC_DEV', false);export const MINIGAME = false;tryDefineGlobal('CC_MINIGAME', false);export const RUNTIME_BASED = false;tryDefineGlobal('CC_RUNTIME_BASED', false);export const SUPPORT_JIT = true;tryDefineGlobal('CC_SUPPORT_JIT', true);export const JSB = false;tryDefineGlobal('CC_JSB', false);export const NOT_PACK_PHYSX_LIBS = false;export const NET_MODE = 0;
2025-7-27 07:55-log: [build-engine]Module source "cc":export * from 'C:\\ProgramData\\cocos\\editors\\Creator\\3.6.0\\resources\\resources\\3d\\engine\\exports\\2d.ts';export * from 'C:\\ProgramData\\cocos\\editors\\Creator\\3.6.0\\resources\\resources\\3d\\engine\\exports\\3d.ts';export * from 'C:\\ProgramData\\cocos\\editors\\Creator\\3.6.0\\resources\\resources\\3d\\engine\\exports\\animation.ts';export * from 'C:\\ProgramData\\cocos\\editors\\Creator\\3.6.0\\resources\\resources\\3d\\engine\\exports\\audio.ts';export * from 'C:\\ProgramData\\cocos\\editors\\Creator\\3.6.0\\resources\\resources\\3d\\engine\\exports\\base.ts';export * from 'C:\\ProgramData\\cocos\\editors\\Creator\\3.6.0\\resources\\resources\\3d\\engine\\exports\\gfx-webgl.ts';export * from 'C:\\ProgramData\\cocos\\editors\\Creator\\3.6.0\\resources\\resources\\3d\\engine\\exports\\gfx-webgl2.ts';export * from 'C:\\ProgramData\\cocos\\editors\\Creator\\3.6.0\\resources\\resources\\3d\\engine\\exports\\intersection-2d.ts';export * from 'C:\\ProgramData\\cocos\\editors\\Creator\\3.6.0\\resources\\resources\\3d\\engine\\exports\\particle-2d.ts';export * from 'C:\\ProgramData\\cocos\\editors\\Creator\\3.6.0\\resources\\resources\\3d\\engine\\exports\\physics-2d-builtin.ts';export * from 'C:\\ProgramData\\cocos\\editors\\Creator\\3.6.0\\resources\\resources\\3d\\engine\\exports\\physics-2d-framework.ts';export * from 'C:\\ProgramData\\cocos\\editors\\Creator\\3.6.0\\resources\\resources\\3d\\engine\\exports\\primitive.ts';export * from 'C:\\ProgramData\\cocos\\editors\\Creator\\3.6.0\\resources\\resources\\3d\\engine\\exports\\profiler.ts';export * from 'C:\\ProgramData\\cocos\\editors\\Creator\\3.6.0\\resources\\resources\\3d\\engine\\exports\\spine.ts';export * from 'C:\\ProgramData\\cocos\\editors\\Creator\\3.6.0\\resources\\resources\\3d\\engine\\exports\\tween.ts';export * from 'C:\\ProgramData\\cocos\\editors\\Creator\\3.6.0\\resources\\resources\\3d\\engine\\exports\\ui.ts';
2025-7-27 07:55-warn: [build-engine]Browserslist: caniuse-lite is outdated. Please run:npx browserslist@latest --update-dbWhy you should do it regularly:https://github.com/browserslist/browserslist#browsers-data-updating
2025-7-27 07:55-log: [build-engine]Redirect module internal:native to C:\ProgramData\cocos\editors\Creator\3.6.0\resources\resources\3d\engine\cocos\native-binding\impl.ts
2025-7-27 07:55-log: [build-engine]Redirect module pal/system-info to C:\ProgramData\cocos\editors\Creator\3.6.0\resources\resources\3d\engine\pal\system-info\web\system-info.ts
2025-7-27 07:55-log: [build-engine]Redirect module pal/env to C:\ProgramData\cocos\editors\Creator\3.6.0\resources\resources\3d\engine\pal\env\web\env.ts
2025-7-27 07:55-log: [build-engine]Redirect module pal/pacer to C:\ProgramData\cocos\editors\Creator\3.6.0\resources\resources\3d\engine\pal\pacer\pacer-web.ts
2025-7-27 07:55-log: [build-engine]Redirect module pal/input to C:\ProgramData\cocos\editors\Creator\3.6.0\resources\resources\3d\engine\pal\input\web\index.ts
2025-7-27 07:55-log: [build-engine]Redirect module pal/audio to C:\ProgramData\cocos\editors\Creator\3.6.0\resources\resources\3d\engine\pal\audio\web\player.ts
2025-7-27 07:55-log: [build-engine]Redirect module pal/screen-adapter to C:\ProgramData\cocos\editors\Creator\3.6.0\resources\resources\3d\engine\pal\screen-adapter\web\screen-adapter.ts
2025-7-27 07:55-log: [build-engine]Redirect module pal/minigame to C:\ProgramData\cocos\editors\Creator\3.6.0\resources\resources\3d\engine\pal\minigame\non-minigame.ts
2025-7-27 07:55-log: [build-engine]Rollup warning 'THIS_IS_UNDEFINED' is omitted for C:\ProgramData\cocos\editors\Creator\3.6.0\resources\resources\3d\engine\cocos\spine\lib\spine-core.js
2025-7-27 07:55-log: [build-engine]Rollup warning 'THIS_IS_UNDEFINED' is omitted for C:\ProgramData\cocos\editors\Creator\3.6.0\resources\resources\3d\engine\cocos\spine\lib\spine-core.js
2025-7-27 07:56-log: [build-engine]Redirect module C:\ProgramData\cocos\editors\Creator\3.6.0\resources\resources\3d\engine\cocos\2d\renderer\native-2d.ts to C:\ProgramData\cocos\editors\Creator\3.6.0\resources\resources\3d\engine\cocos\2d\renderer\native-2d-empty.ts
2025-7-27 07:56-log: [build-engine]Redirect module C:\ProgramData\cocos\editors\Creator\3.6.0\resources\resources\3d\engine\cocos\core\animation\marionette\runtime-exports.ts to C:\ProgramData\cocos\editors\Creator\3.6.0\resources\resources\3d\engine\cocos\core\animation\marionette\index-empty.ts
2025-7-27 07:56-log: [build-engine]==== Performance ===={"# BUILD":[79028.3354,580465388,677467256],"## generate module graph":[74939.589,515393856,612398788],"- plugin 0 (@cocos/build-engine|code-asset) - resolveId":[17.052000000000056,277740,615654040],"- plugin 1 (@cocos/build-engine|load-asset) - resolveId":[21.92729999999995,-4564164,615657400],"- plugin 1 (@cocos/build-engine|load-asset) - resolveId (async)":[96.18140000000025,3054344,615658100],"- plugin 2 (@cocos/build-engine|module-overrides) - resolveId":[20.844300000000484,490736,615660060],"- plugin 3 (virtual) - resolveId":[58.95249999999998,-551728,615668444],"load modules":[645229.5791999995,11340086404,612227672],"- plugin 0 (@cocos/build-engine|code-asset) - load":[21.686799999999973,625368,607674692],"- plugin 0 (@cocos/build-engine|code-asset) - load (async)":[3.9953000000000003,154456,607674976],"- plugin 1 (@cocos/build-engine|load-asset) - load":[4.565999999999996,164920,607675532],"- plugin 1 (@cocos/build-engine|load-asset) - load (async)":[3.2323,151204,607675816],"- plugin 2 (@cocos/build-engine|module-overrides) - load":[11.8889,222404,607676476],"- plugin 3 (virtual) - load":[3.798200000000004,51352,607676868],"- plugin 6 (json) - transform":[15.488699999999996,613820,612232672],"- plugin 7 (commonjs) - transform":[37.61830000000002,533576,612235768],"- plugin 8 (babel) - transform":[715.011899999999,5368376,612270312],"generate ast":[2361.0596999999984,-18706848,614976412],"analyse ast":[2197.3095999999964,28322196,615640632],"- plugin 4 (ts-paths) - resolveId":[25.3298999999994,263680,615670012],"- plugin 5 (node-resolve) - resolveId":[119.6213000000002,8822232,615683444],"- plugin 5 (node-resolve) - resolveId (async)":[626825.3315999998,4275989800,616046940],"- plugin 5 (node-resolve) - load":[3.282800000000006,50708,607677300],"- plugin 7 (commonjs) - load":[11.407299999999989,647448,607678784],"- plugin 8 (babel) - load":[2293.9314,9988488,607679176],"- plugin 8 (babel) - transform (async)":[53942.1239,580934304,614371196],"- plugin 7 (commonjs) - resolveId":[6.008299999999997,38632,608133008],"- plugin 8 (babel) - resolveId":[2.267700000000001,22992,608133400],"## sort modules":[664.1171,10940324,623339548],"## mark included statements":[3424.1151,54126208,677466144],"treeshaking pass 1":[1687.0421999999999,26149432,653395920],"treeshaking pass 2":[660.7292,13117640,666513940],"treeshaking pass 3":[319.805,-165972,666348348],"treeshaking pass 4":[184.8233,3436404,669785132],"treeshaking pass 5":[137.8919,2237096,672022608],"treeshaking pass 6":[162.1772,6941116,678964104],"treeshaking pass 7":[125.3336,-561448,678403036],"treeshaking pass 8":[114.7282,-937644,677465772]}
2025-7-27 07:56-log: [build-engine]====             ====
2025-7-27 07:57-debug: excute-script over with build-engine 213730ms
2025-7-27 07:57-debug: Build engine in (216066 ms) √57%
2025-7-27 07:57-debug: Build script √63%
2025-7-27 07:57-debug: Add md5 suffix to assets start63%
2025-7-27 07:57-log: // ---- Add md5 suffix to assets ----
2025-7-27 07:57-debug: Process: heapTotal 229.77MB heapUsed 221.83MB rss 137.47MB
2025-7-27 07:57-debug: add suffix to assets(242) success!
2025-7-27 07:57-debug: Init settings and config start73%
2025-7-27 07:57-log: // ---- Init settings and config ----
2025-7-27 07:57-debug: Process: heapTotal 218.79MB heapUsed 198.17MB rss 183.52MB
2025-7-27 07:57-debug: Init settings and config √74%
2025-7-27 07:57-debug: Add md5 suffix to assets √73%
2025-7-27 07:57-debug: builder.tasks.settings.macro start74%
2025-7-27 07:57-log: // ---- builder.tasks.settings.macro ----
2025-7-27 07:57-debug: Process: heapTotal 218.79MB heapUsed 198.22MB rss 183.59MB
2025-7-27 07:57-debug: builder.tasks.settings.macro does not defined in i18n
2025-7-27 07:57-debug: builder.tasks.settings.macro √74%
2025-7-27 07:57-debug: Sort some build options to settings.json start74%
2025-7-27 07:57-log: // ---- Sort some build options to settings.json ----
2025-7-27 07:57-debug: Process: heapTotal 218.79MB heapUsed 198.29MB rss 183.62MB
2025-7-27 07:57-log: // ---- custom joint texture layouts ----
2025-7-27 07:57-debug: Sort some build options to settings.json √75%
2025-7-27 07:57-debug: custom joint texture layouts start75%
2025-7-27 07:57-debug: Process: heapTotal 218.79MB heapUsed 198.36MB rss 183.76MB
2025-7-27 07:57-debug: custom joint physics start76%
2025-7-27 07:57-debug: Process: heapTotal 218.79MB heapUsed 198.39MB rss 183.81MB
2025-7-27 07:57-debug: Fill script data to settings start76%
2025-7-27 07:57-debug: custom joint physics √76%
2025-7-27 07:57-debug: Process: heapTotal 218.79MB heapUsed 198.41MB rss 183.84MB
2025-7-27 07:57-debug: Fill script data to settings √77%
2025-7-27 07:57-debug: Fill scene data to settings start77%
2025-7-27 07:57-log: // ---- Fill scene data to settings ----
2025-7-27 07:57-debug: Process: heapTotal 218.79MB heapUsed 198.44MB rss 183.87MB
2025-7-27 07:57-debug: Organize assets groups，generate packedAssets and rawAssets data start77%
2025-7-27 07:57-log: // ---- Organize assets groups，generate packedAssets and rawAssets data ----
2025-7-27 07:57-debug: Process: heapTotal 218.79MB heapUsed 198.46MB rss 183.89MB
2025-7-27 07:57-debug: custom joint texture layouts √76%
2025-7-27 07:57-debug: Fill scene data to settings √77%
2025-7-27 07:57-debug: Organize assets groups，generate packedAssets and rawAssets data √78%
2025-7-27 07:57-debug: Generate md5AssetsMap from suffixMap to settings start78%
2025-7-27 07:57-log: // ---- Generate md5AssetsMap from suffixMap to settings ----
2025-7-27 07:57-debug: Process: heapTotal 218.79MB heapUsed 198.63MB rss 180.53MB
2025-7-27 07:57-debug: Generate md5AssetsMap from suffixMap to settings √78%
2025-7-27 07:57-debug: web-mobile:(onBeforeCompressSettings) start...78%
2025-7-27 07:57-debug: // ---- web-mobile:(onBeforeCompressSettings) ----
2025-7-27 07:57-debug: Process: heapTotal 218.79MB heapUsed 198.67MB rss 180.59MB
2025-7-27 07:57-debug: // ---- web-mobile:(onBeforeCompressSettings) success ----
2025-7-27 07:57-debug: web-mobile:(onBeforeCompressSettings)81%
2025-7-27 07:57-debug: cocos-service:(onBeforeCompressSettings) start...81%
2025-7-27 07:57-debug: // ---- cocos-service:(onBeforeCompressSettings) ----
2025-7-27 07:57-debug: Process: heapTotal 218.79MB heapUsed 198.70MB rss 180.62MB
2025-7-27 07:57-log: // ---- custom joint physics ----
2025-7-27 07:57-log: // ---- Fill script data to settings ----
2025-7-27 07:57-debug: // ---- cocos-service:(onBeforeCompressSettings) success ----
2025-7-27 07:57-debug: Build import-map.json start83%
2025-7-27 07:57-log: // ---- Build import-map.json ----
2025-7-27 07:57-debug: cocos-service:(onBeforeCompressSettings)83%
2025-7-27 07:57-debug: Process: heapTotal 218.79MB heapUsed 198.85MB rss 180.74MB
2025-7-27 07:57-debug: Build import-map.json √84%
2025-7-27 07:57-debug: Compress settings.json and config.json start84%
2025-7-27 07:57-log: // ---- Compress settings.json and config.json ----
2025-7-27 07:57-debug: Process: heapTotal 218.79MB heapUsed 198.89MB rss 180.79MB
2025-7-27 07:57-debug: Compress settings.json and config.json √85%
2025-7-27 07:57-log: // ---- Save config.json ----
2025-7-27 07:57-debug: Save config.json √86%
2025-7-27 07:57-debug: Save Settings.json start86%
2025-7-27 07:57-log: // ---- Save Settings.json ----
2025-7-27 07:57-debug: Process: heapTotal 222.32MB heapUsed 200.32MB rss 183.20MB
2025-7-27 07:57-debug: Save Settings.json √87%
2025-7-27 07:57-debug: Sort build template start87%
2025-7-27 07:57-debug: Process: heapTotal 222.32MB heapUsed 200.48MB rss 183.45MB
2025-7-27 07:57-log: // ---- Sort build template ----
2025-7-27 07:57-debug: Save config.json start85%
2025-7-27 07:57-debug: Process: heapTotal 221.79MB heapUsed 199.14MB rss 181.80MB
2025-7-27 07:57-debug: Sort build template √88%
2025-7-27 07:57-debug: cocos-service:(onAfterCompressSettings) start...88%
2025-7-27 07:57-debug: // ---- cocos-service:(onAfterCompressSettings) ----
2025-7-27 07:57-debug: Process: heapTotal 222.04MB heapUsed 199.51MB rss 184.86MB
2025-7-27 07:57-debug: // ---- cocos-service:(onAfterCompressSettings) success ----
2025-7-27 07:57-debug: web-mobile:(onAfterBuild) start...90%
2025-7-27 07:57-debug: // ---- web-mobile:(onAfterBuild) ----
2025-7-27 07:57-debug: cocos-service:(onAfterCompressSettings)90%
2025-7-27 07:57-debug: Process: heapTotal 222.04MB heapUsed 200.98MB rss 184.73MB
2025-7-27 07:57-debug: Use build-template {link(C:\xuhang\guandan\guandan\build-templates\web-mobile)}.
2025-7-27 07:57-debug: // ---- web-mobile:(onAfterBuild) success ----
2025-7-27 07:57-debug: web-mobile:(onAfterBuild)92%
2025-7-27 07:57-debug: // ---- cocos-service:(onAfterBuild) ----
2025-7-27 07:57-debug: Process: heapTotal 222.04MB heapUsed 201.08MB rss 184.64MB
2025-7-27 07:57-debug: cocos-service:(onAfterBuild) start...92%
2025-7-27 07:57-debug: // ---- cocos-service:(onAfterBuild) success ----
2025-7-27 07:57-debug: build success in 996870 ms!
2025-7-27 07:57-debug: cocos-service:(onAfterBuild)94%
2025-7-27 07:57-debug: builder:build-project-total (996870ms)
2025-7-27 07:57-debug: ================================ Build Task (web-mobile) Finished ================================
